{
	"__comment": "Designed by CreatorLabs with Cubik Studio - https://cubik.studio",
	"parent": "block/block",
	"textures": {
		"particle": "blocks/dirt",
		"dirt": "blocks/dirt",
		"grass": "3d_blocks/grass/top_alts/9",
		"grass_side": "3d_blocks/grass_side",
		"stone": "3d_blocks/stone"
	},
	"elements": [ 	 
		{
			"__comment": "main",
			"from": [ 0, 0, 0 ],
			"to": [ 16, 16, 16 ],
			"faces": {
				"down": { "uv": [ 0, 0, 16, 16 ], "texture": "#dirt", "cullface": "down" },
				"up": { "uv": [ 0, 0, 16, 16 ], "texture": "#grass", "cullface": "up" },
				"north": { "uv": [ 0, 0, 16, 16 ], "texture": "#dirt", "cullface": "north" },
				"south": { "uv": [ 0, 0, 16, 16 ], "texture": "#dirt", "cullface": "south" },
				"west": { "uv": [ 0, 0, 16, 16 ], "texture": "#dirt", "cullface": "west" },
				"east": { "uv": [ 0, 0, 16, 16 ], "texture": "#dirt", "cullface": "east" }
			}
		},
		{
			"__comment": "north_side",
			"from": [ 0, 1.22, -6.121 ],
			"to": [ 16, 17.22, -6.12 ],
			"rotation": { "origin": [ 0, 1.22, -6.12 ], "axis": "x", "angle": 22.5 },
			"shade": false,
			"faces": {
				"north": { "uv": [ 0, 0, 16, 16 ], "texture": "#grass_side", "cullface": "north" },
				"south": { "uv": [ 0, 0, 16, 16 ], "texture": "#grass_side", "cullface": "north" }
			}
		},
		{
			"__comment": "west_side",
			"from": [ -6.12, 1.25, 0 ],
			"to": [ -6.119, 17.25, 16 ],
			"rotation": { "origin": [ -6.12, 1.25, 0 ], "axis": "z", "angle": -22.5 },
			"shade": false,
			"faces": {
				"west": { "uv": [ 0, 0, 16, 16 ], "texture": "#grass_side", "cullface": "west" },
				"east": { "uv": [ 0, 0, 16, 16 ], "texture": "#grass_side", "cullface": "west" }
			}
		},
		{
			"__comment": "east_side",
			"from": [ 22.12, 1.22, 0 ],
			"to": [ 22.121, 17.22, 16 ],
			"rotation": { "origin": [ 22.12, 1.22, 0 ], "axis": "z", "angle": 22.5 },
			"shade": false,
			"faces": {
				"west": { "uv": [ 0, 0, 16, 16 ], "texture": "#grass_side", "cullface": "east" },
				"east": { "uv": [ 0, 0, 16, 16 ], "texture": "#grass_side", "cullface": "east" }
			}
		},
		{
			"__comment": "south_side",
			"from": [ 0, 1.24, 22.119 ],
			"to": [ 16, 17.24, 22.12 ],
			"rotation": { "origin": [ 0, 1.24, 22.12 ], "axis": "x", "angle": -22.5 },
			"shade": false,
			"faces": {
				"north": { "uv": [ 0, 0, 16, 16 ], "texture": "#grass_side", "cullface": "south" },
				"south": { "uv": [ 0, 0, 16, 16 ], "texture": "#grass_side", "cullface": "south" }
			}
		},
		{
			"__comment": "stone",
			"from": [ 3.5, 16.5, 3.5 ],
			"to": [ 5, 17, 5.5 ],
			"faces": {
				"down": { "uv": [ 3.5, 10.5, 5, 12.5 ], "texture": "#stone", "cullface": "up" },
				"up": { "uv": [ 3.5, 3.5, 5, 5.5 ], "texture": "#stone", "cullface": "up" },
				"north": { "uv": [ 11, 15, 12.5, 15.5 ], "texture": "#stone", "cullface": "up" },
				"south": { "uv": [ 3.5, 15, 5, 15.5 ], "texture": "#stone", "cullface": "up" },
				"west": { "uv": [ 3.5, 15, 5.5, 15.5 ], "texture": "#stone", "cullface": "up" },
				"east": { "uv": [ 10.5, 15, 12.5, 15.5 ], "texture": "#stone", "cullface": "up" }
			}
		},
		{
			"__comment": "stone1",
			"from": [ 3.5, 16, 3 ],
			"to": [ 5, 16.5, 6 ],
			"faces": {
				"down": { "uv": [ 3.5, 10, 5, 13 ], "texture": "#stone", "cullface": "up" },
				"up": { "uv": [ 3.5, 3, 5, 6 ], "texture": "#stone", "cullface": "up" },
				"north": { "uv": [ 11, 15.5, 12.5, 16 ], "texture": "#stone", "cullface": "up" },
				"south": { "uv": [ 3.5, 15.5, 5, 16 ], "texture": "#stone", "cullface": "up" },
				"west": { "uv": [ 3, 15.5, 6, 16 ], "texture": "#stone", "cullface": "up" },
				"east": { "uv": [ 10, 15.5, 13, 16 ], "texture": "#stone", "cullface": "up" }
			}
		},
		{
			"__comment": "stone2",
			"from": [ 2.5, 16, 3.5 ],
			"to": [ 3.5, 16.5, 5 ],
			"faces": {
				"down": { "uv": [ 2.5, 11, 3.5, 12.5 ], "texture": "#stone", "cullface": "up" },
				"up": { "uv": [ 2.5, 3.5, 3.5, 5 ], "texture": "#stone", "cullface": "up" },
				"north": { "uv": [ 12.5, 15.5, 13.5, 16 ], "texture": "#stone", "cullface": "up" },
				"south": { "uv": [ 2.5, 15.5, 3.5, 16 ], "texture": "#stone", "cullface": "up" },
				"west": { "uv": [ 3.5, 15.5, 5, 16 ], "texture": "#stone", "cullface": "up" },
				"east": { "uv": [ 11, 15.5, 12.5, 16 ], "texture": "#stone", "cullface": "up" }
			}
		},
		{
			"__comment": "stone3",
			"from": [ 5, 16, 3.5 ],
			"to": [ 6, 16.5, 5.5 ],
			"faces": {
				"down": { "uv": [ 5, 10.5, 6, 12.5 ], "texture": "#stone", "cullface": "up" },
				"up": { "uv": [ 5, 3.5, 6, 5.5 ], "texture": "#stone", "cullface": "up" },
				"north": { "uv": [ 10, 15.5, 11, 16 ], "texture": "#stone", "cullface": "up" },
				"south": { "uv": [ 5, 15.5, 6, 16 ], "texture": "#stone", "cullface": "up" },
				"west": { "uv": [ 3.5, 15.5, 5.5, 16 ], "texture": "#stone", "cullface": "up" },
				"east": { "uv": [ 10.5, 15.5, 12.5, 16 ], "texture": "#stone", "cullface": "up" }
			}
		}
	]
}