{
	"__comment": "Designed by CreatorLabs with Cubik Studio - https://cubik.studio",
	"parent": "block/block",
	"textures": {
		"particle": "blocks/dirt",
		"dirt": "blocks/dirt",
		"grass": "3d_blocks/grass/top_alts/15",
		"grass_side": "3d_blocks/grass_side",
		"stone": "3d_blocks/stone"
	},
	"elements": [ 	 
		{
			"__comment": "main",
			"from": [ 0, 0, 0 ],
			"to": [ 16, 16, 16 ],
			"faces": {
				"down": { "uv": [ 0, 0, 16, 16 ], "texture": "#dirt", "cullface": "down" },
				"up": { "uv": [ 0, 0, 16, 16 ], "texture": "#grass", "cullface": "up" },
				"north": { "uv": [ 0, 0, 16, 16 ], "texture": "#dirt", "cullface": "north" },
				"south": { "uv": [ 0, 0, 16, 16 ], "texture": "#dirt", "cullface": "south" },
				"west": { "uv": [ 0, 0, 16, 16 ], "texture": "#dirt", "cullface": "west" },
				"east": { "uv": [ 0, 0, 16, 16 ], "texture": "#dirt", "cullface": "east" }
			}
		},
		{
			"__comment": "north_side",
			"from": [ 0, 1.22, -6.121 ],
			"to": [ 16, 17.22, -6.12 ],
			"rotation": { "origin": [ 0, 1.22, -6.12 ], "axis": "x", "angle": 22.5 },
			"shade": false,
			"faces": {
				"north": { "uv": [ 0, 0, 16, 16 ], "texture": "#grass_side", "cullface": "north" },
				"south": { "uv": [ 0, 0, 16, 16 ], "texture": "#grass_side", "cullface": "north" }
			}
		},
		{
			"__comment": "west_side",
			"from": [ -6.12, 1.25, 0 ],
			"to": [ -6.119, 17.25, 16 ],
			"rotation": { "origin": [ -6.12, 1.25, 0 ], "axis": "z", "angle": -22.5 },
			"shade": false,
			"faces": {
				"west": { "uv": [ 0, 0, 16, 16 ], "texture": "#grass_side", "cullface": "west" },
				"east": { "uv": [ 0, 0, 16, 16 ], "texture": "#grass_side", "cullface": "west" }
			}
		},
		{
			"__comment": "east_side",
			"from": [ 22.12, 1.22, 0 ],
			"to": [ 22.121, 17.22, 16 ],
			"rotation": { "origin": [ 22.12, 1.22, 0 ], "axis": "z", "angle": 22.5 },
			"shade": false,
			"faces": {
				"west": { "uv": [ 0, 0, 16, 16 ], "texture": "#grass_side", "cullface": "east" },
				"east": { "uv": [ 0, 0, 16, 16 ], "texture": "#grass_side", "cullface": "east" }
			}
		},
		{
			"__comment": "south_side",
			"from": [ 0, 1.24, 22.119 ],
			"to": [ 16, 17.24, 22.12 ],
			"rotation": { "origin": [ 0, 1.24, 22.12 ], "axis": "x", "angle": -22.5 },
			"shade": false,
			"faces": {
				"north": { "uv": [ 0, 0, 16, 16 ], "texture": "#grass_side", "cullface": "south" },
				"south": { "uv": [ 0, 0, 16, 16 ], "texture": "#grass_side", "cullface": "south" }
			}
		},
		{
			"__comment": "stone1",
			"from": [ 11, 16, 8.5 ],
			"to": [ 12, 16.5, 11 ],
			"faces": {
				"down": { "uv": [ 11, 5, 12, 7.5 ], "texture": "#stone", "cullface": "up" },
				"up": { "uv": [ 11, 8.5, 12, 11 ], "texture": "#stone", "cullface": "up" },
				"north": { "uv": [ 4, 15.5, 5, 16 ], "texture": "#stone", "cullface": "up" },
				"south": { "uv": [ 11, 15.5, 12, 16 ], "texture": "#stone", "cullface": "up" },
				"west": { "uv": [ 8.5, 15.5, 11, 16 ], "texture": "#stone", "cullface": "up" },
				"east": { "uv": [ 5, 15.5, 7.5, 16 ], "texture": "#stone", "cullface": "up" }
			}
		},
		{
			"__comment": "stone3",
			"from": [ 9.5, 16, 8.5 ],
			"to": [ 11, 16.5, 11.5 ],
			"faces": {
				"down": { "uv": [ 9.5, 4.5, 11, 7.5 ], "texture": "#stone", "cullface": "up" },
				"up": { "uv": [ 9.5, 8.5, 11, 11.5 ], "texture": "#stone", "cullface": "up" },
				"north": { "uv": [ 5, 15.5, 6.5, 16 ], "texture": "#stone", "cullface": "up" },
				"south": { "uv": [ 9.5, 15.5, 11, 16 ], "texture": "#stone", "cullface": "up" },
				"west": { "uv": [ 8.5, 15.5, 11.5, 16 ], "texture": "#stone", "cullface": "up" },
				"east": { "uv": [ 4.5, 15.5, 7.5, 16 ], "texture": "#stone", "cullface": "up" }
			}
		},
		{
			"__comment": "stone2",
			"from": [ 10, 16, 7.5 ],
			"to": [ 11.5, 16.5, 8.5 ],
			"faces": {
				"down": { "uv": [ 10, 7.5, 11.5, 8.5 ], "texture": "#stone", "cullface": "up" },
				"up": { "uv": [ 10, 7.5, 11.5, 8.5 ], "texture": "#stone", "cullface": "up" },
				"north": { "uv": [ 4.5, 15.5, 6, 16 ], "texture": "#stone", "cullface": "up" },
				"south": { "uv": [ 10, 15.5, 11.5, 16 ], "texture": "#stone", "cullface": "up" },
				"west": { "uv": [ 7.5, 15.5, 8.5, 16 ], "texture": "#stone", "cullface": "up" },
				"east": { "uv": [ 7.5, 15.5, 8.5, 16 ], "texture": "#stone", "cullface": "up" }
			}
		},
		{
			"__comment": "stone2",
			"from": [ 9, 16, 9 ],
			"to": [ 9.5, 16.5, 10.5 ],
			"faces": {
				"down": { "uv": [ 9, 5.5, 9.5, 7 ], "texture": "#stone", "cullface": "up" },
				"up": { "uv": [ 9, 9, 9.5, 10.5 ], "texture": "#stone", "cullface": "up" },
				"north": { "uv": [ 6.5, 15.5, 7, 16 ], "texture": "#stone", "cullface": "up" },
				"south": { "uv": [ 9, 15.5, 9.5, 16 ], "texture": "#stone", "cullface": "up" },
				"west": { "uv": [ 9, 15.5, 10.5, 16 ], "texture": "#stone", "cullface": "up" },
				"east": { "uv": [ 5.5, 15.5, 7, 16 ], "texture": "#stone", "cullface": "up" }
			}
		},
		{
			"__comment": "stone2",
			"from": [ 10, 16.5, 8.5 ],
			"to": [ 11.5, 17, 10.5 ],
			"faces": {
				"down": { "uv": [ 10, 5.5, 11.5, 7.5 ], "texture": "#stone", "cullface": "up" },
				"up": { "uv": [ 10, 8.5, 11.5, 10.5 ], "texture": "#stone", "cullface": "up" },
				"north": { "uv": [ 4.5, 15, 6, 15.5 ], "texture": "#stone", "cullface": "up" },
				"south": { "uv": [ 10, 15, 11.5, 15.5 ], "texture": "#stone", "cullface": "up" },
				"west": { "uv": [ 8.5, 15, 10.5, 15.5 ], "texture": "#stone", "cullface": "up" },
				"east": { "uv": [ 5.5, 15, 7.5, 15.5 ], "texture": "#stone", "cullface": "up" }
			}
		}
	]
}