{
	"__comment": "Designed by CreatorLabs with Cubik Studio - https://cubik.studio",
	"parent": "item/parents/flower_double",
	"textures": {
		"2": "3d_decoration/double_plant_rose",
		"3": "3d_decoration/double_plant_rose_2",
		"4": "3d_decoration/flower_stem",
		"particle": "blocks/double_plant_rose_top"
	},
	"elements": [ 	 
		{
			"from": [ 7, 12, 7.5 ],
			"to": [ 8, 13, 8.5 ],
			"faces": {
				"down": { "uv": [ 7, 7.5, 8, 8.5 ], "texture": "#4" },
				"north": { "uv": [ 8, 3, 9, 4 ], "texture": "#4" },
				"south": { "uv": [ 7, 3, 8, 4 ], "texture": "#4" },
				"west": { "uv": [ 7.5, 3, 8.5, 4 ], "texture": "#4" }
			}
		},
		{
			"from": [ 5, 11, 7.5 ],
			"to": [ 6, 12, 8.5 ],
			"faces": {
				"down": { "uv": [ 5, 7.5, 6, 8.5 ], "texture": "#4" },
				"up": { "uv": [ 5, 7.5, 6, 8.5 ], "texture": "#4" },
				"north": { "uv": [ 10, 4, 11, 5 ], "texture": "#4" },
				"south": { "uv": [ 5, 4, 6, 5 ], "texture": "#4" },
				"west": { "uv": [ 7.5, 4, 8.5, 5 ], "texture": "#4" }
			}
		},
		{
			"from": [ 6, 10, 7.5 ],
			"to": [ 7, 12, 8.5 ],
			"faces": {
				"down": { "uv": [ 6, 7.5, 7, 8.5 ], "texture": "#4" },
				"up": { "uv": [ 6, 7.5, 7, 8.5 ], "texture": "#4" },
				"north": { "uv": [ 9, 4, 10, 6 ], "texture": "#4" },
				"south": { "uv": [ 6, 4, 7, 6 ], "texture": "#4" },
				"west": { "uv": [ 7.5, 4, 8.5, 6 ], "texture": "#4" },
				"east": { "uv": [ 8.5, 6, 7.5, 4 ], "texture": "#4" }
			}
		},
		{
			"from": [ 7, 9, 7.5 ],
			"to": [ 8, 11, 8.5 ],
			"faces": {
				"up": { "uv": [ 7, 7.5, 8, 8.5 ], "texture": "#4" },
				"north": { "uv": [ 8, 5, 9, 7 ], "texture": "#4" },
				"south": { "uv": [ 7, 5, 8, 7 ], "texture": "#4" },
				"west": { "uv": [ 7.5, 5, 8.5, 7 ], "texture": "#4" },
				"east": { "uv": [ 8.5, 7, 7.5, 5 ], "texture": "#4" }
			}
		},
		{
			"from": [ 10, 7, 6.6 ],
			"to": [ 11, 11, 7.6 ],
			"faces": {
				"down": { "uv": [ 10, 8.4, 11, 9.4 ], "texture": "#4" },
				"up": { "uv": [ 10, 6.6, 11, 7.6 ], "texture": "#4" },
				"north": { "uv": [ 5, 5, 6, 9 ], "texture": "#4" },
				"south": { "uv": [ 10, 5, 11, 9 ], "texture": "#4" },
				"west": { "uv": [ 6.6, 5, 7.6, 9 ], "texture": "#4" },
				"east": { "uv": [ 9.4, 9, 8.4, 5 ], "texture": "#4" }
			}
		},
		{
			"from": [ 3, 5, 8.9 ],
			"to": [ 4, 10, 9.9 ],
			"faces": {
				"down": { "uv": [ 3, 6.1, 4, 7.1 ], "texture": "#4" },
				"north": { "uv": [ 12, 6, 13, 11 ], "texture": "#4" },
				"south": { "uv": [ 3, 6, 4, 11 ], "texture": "#4" },
				"west": { "uv": [ 8.9, 6, 9.9, 11 ], "texture": "#4" },
				"east": { "uv": [ 7.1, 11, 6.1, 6 ], "texture": "#4" }
			}
		},
		{
			"from": [ 12, 8, 8.9 ],
			"to": [ 13, 9, 9.9 ],
			"faces": {
				"down": { "uv": [ 12, 6.1, 13, 7.1 ], "texture": "#4" },
				"up": { "uv": [ 12, 8.9, 13, 9.9 ], "texture": "#4" },
				"north": { "uv": [ 3, 7, 4, 8 ], "texture": "#4" },
				"south": { "uv": [ 12, 7, 13, 8 ], "texture": "#4" },
				"west": { "uv": [ 8.9, 7, 9.9, 8 ], "texture": "#4" }
			}
		},
		{
			"from": [ 13, 7, 8.95 ],
			"to": [ 14, 9, 9.95 ],
			"faces": {
				"down": { "uv": [ 13, 6.05, 14, 7.05 ], "texture": "#4" },
				"up": { "uv": [ 13, 8.95, 14, 9.95 ], "texture": "#4" },
				"north": { "uv": [ 2, 7, 3, 9 ], "texture": "#4" },
				"south": { "uv": [ 13, 7, 14, 9 ], "texture": "#4" },
				"west": { "uv": [ 8.95, 7, 9.95, 9 ], "texture": "#4" },
				"east": { "uv": [ 7.05, 9, 6.05, 7 ], "texture": "#4" }
			}
		},
		{
			"from": [ 9, 5, 6.4 ],
			"to": [ 10, 7, 7.4 ],
			"faces": {
				"down": { "uv": [ 9, 8.6, 10, 9.6 ], "texture": "#4" },
				"up": { "uv": [ 9, 6.4, 10, 7.4 ], "texture": "#4" },
				"north": { "uv": [ 6, 9, 7, 11 ], "texture": "#4" },
				"south": { "uv": [ 9, 9, 10, 11 ], "texture": "#4" },
				"west": { "uv": [ 6.4, 9, 7.4, 11 ], "texture": "#4" },
				"east": { "uv": [ 9.6, 11, 8.6, 9 ], "texture": "#4" }
			}
		},
		{
			"from": [ 12, 6, 8.45 ],
			"to": [ 13, 7, 9.45 ],
			"faces": {
				"down": { "uv": [ 12, 6.55, 13, 7.55 ], "texture": "#4" },
				"up": { "uv": [ 12, 8.45, 13, 9.45 ], "texture": "#4" },
				"north": { "uv": [ 3, 9, 4, 10 ], "texture": "#4" },
				"south": { "uv": [ 12, 9, 13, 10 ], "texture": "#4" },
				"west": { "uv": [ 8.45, 9, 9.45, 10 ], "texture": "#4" },
				"east": { "uv": [ 7.55, 10, 6.55, 9 ], "texture": "#4" }
			}
		},
		{
			"from": [ 4, 3, 8.5 ],
			"to": [ 5, 6, 9.5 ],
			"faces": {
				"up": { "uv": [ 4, 8.5, 5, 9.5 ], "texture": "#4" },
				"north": { "uv": [ 11, 10, 12, 13 ], "texture": "#4" },
				"south": { "uv": [ 4, 10, 5, 13 ], "texture": "#4" },
				"west": { "uv": [ 8.5, 10, 9.5, 13 ], "texture": "#4" },
				"east": { "uv": [ 7.5, 13, 6.5, 10 ], "texture": "#4" }
			}
		},
		{
			"from": [ 8, 2, 6.8 ],
			"to": [ 9, 6, 7.8 ],
			"faces": {
				"down": { "uv": [ 8, 8.2, 9, 9.2 ], "texture": "#4" },
				"north": { "uv": [ 7, 10, 8, 14 ], "texture": "#4" },
				"south": { "uv": [ 8, 10, 9, 14 ], "texture": "#4" },
				"west": { "uv": [ 6.8, 10, 7.8, 14 ], "texture": "#4" },
				"east": { "uv": [ 9.2, 14, 8.2, 10 ], "texture": "#4" }
			}
		},
		{
			"from": [ 13, 3, 8.05 ],
			"to": [ 14, 6, 9.05 ],
			"faces": {
				"down": { "uv": [ 13, 6.95, 14, 7.95 ], "texture": "#4" },
				"up": { "uv": [ 13, 8.05, 14, 9.05 ], "texture": "#4" },
				"north": { "uv": [ 2, 10, 3, 13 ], "texture": "#4" },
				"south": { "uv": [ 13, 10, 14, 13 ], "texture": "#4" },
				"west": { "uv": [ 8.05, 10, 9.05, 13 ], "texture": "#4" },
				"east": { "uv": [ 7.95, 13, 6.95, 10 ], "texture": "#4" }
			}
		},
		{
			"from": [ 5, 3, 8.15 ],
			"to": [ 6, 5, 9.15 ],
			"faces": {
				"up": { "uv": [ 5, 8.15, 6, 9.15 ], "texture": "#4" },
				"north": { "uv": [ 10, 11, 11, 13 ], "texture": "#4" },
				"south": { "uv": [ 5, 11, 6, 13 ], "texture": "#4" },
				"west": { "uv": [ 8.15, 11, 9.15, 13 ], "texture": "#4" },
				"east": { "uv": [ 7.85, 13, 6.85, 11 ], "texture": "#4" }
			}
		},
		{
			"from": [ 7, 4, 7.5 ],
			"to": [ 8, 5, 8.5 ],
			"faces": {
				"down": { "uv": [ 7, 7.5, 8, 8.5 ], "texture": "#4" },
				"north": { "uv": [ 8, 11, 9, 12 ], "texture": "#4" },
				"south": { "uv": [ 7, 11, 8, 12 ], "texture": "#4" },
				"west": { "uv": [ 7.5, 11, 8.5, 12 ], "texture": "#4" },
				"east": { "uv": [ 8.5, 12, 7.5, 11 ], "texture": "#4" }
			}
		},
		{
			"from": [ 6, 0, 7.75 ],
			"to": [ 7, 3, 8.75 ],
			"faces": {
				"down": { "uv": [ 6, 7.25, 7, 8.25 ], "texture": "#4" },
				"up": { "uv": [ 6, 7.75, 7, 8.75 ], "texture": "#4" },
				"north": { "uv": [ 9, 13, 10, 16 ], "texture": "#4" },
				"south": { "uv": [ 6, 13, 7, 16 ], "texture": "#4" },
				"west": { "uv": [ 7.75, 13, 8.75, 16 ], "texture": "#4" },
				"east": { "uv": [ 8.25, 16, 7.25, 13 ], "texture": "#4" }
			}
		},
		{
			"from": [ 11, 1, 7.5 ],
			"to": [ 12, 3, 8.5 ],
			"faces": {
				"down": { "uv": [ 11, 7.5, 12, 8.5 ], "texture": "#4" },
				"up": { "uv": [ 11, 7.5, 12, 8.5 ], "texture": "#4" },
				"north": { "uv": [ 4, 13, 5, 15 ], "texture": "#4" },
				"south": { "uv": [ 11, 13, 12, 15 ], "texture": "#4" },
				"west": { "uv": [ 7.5, 13, 8.5, 15 ], "texture": "#4" },
				"east": { "uv": [ 8.5, 15, 7.5, 13 ], "texture": "#4" }
			}
		},
		{
			"from": [ 12, 2, 8.15 ],
			"to": [ 13, 3, 9.15 ],
			"faces": {
				"down": { "uv": [ 12, 7.5, 13, 8.5 ], "texture": "#4" },
				"up": { "uv": [ 12, 7.5, 13, 8.5 ], "texture": "#4" },
				"north": { "uv": [ 3, 13, 4, 14 ], "texture": "#4" },
				"south": { "uv": [ 12, 13, 13, 14 ], "texture": "#4" },
				"west": { "uv": [ 7.5, 13, 8.5, 14 ], "texture": "#4" },
				"east": { "uv": [ 8.5, 14, 7.5, 13 ], "texture": "#4" }
			}
		},
		{
			"from": [ 7, 0, 7.5 ],
			"to": [ 8, 2, 8.5 ],
			"faces": {
				"down": { "uv": [ 7, 7.5, 8, 8.5 ], "texture": "#4" },
				"up": { "uv": [ 7, 7.5, 8, 8.5 ], "texture": "#4" },
				"north": { "uv": [ 8, 14, 9, 16 ], "texture": "#4" },
				"south": { "uv": [ 7, 14, 8, 16 ], "texture": "#4" },
				"west": { "uv": [ 7.5, 14, 8.5, 16 ], "texture": "#4" },
				"east": { "uv": [ 8.5, 16, 7.5, 14 ], "texture": "#4" }
			}
		},
		{
			"from": [ 10, 0, 7.5 ],
			"to": [ 11, 2, 8.5 ],
			"faces": {
				"down": { "uv": [ 10, 7.5, 11, 8.5 ], "texture": "#4" },
				"up": { "uv": [ 10, 7.5, 11, 8.5 ], "texture": "#4" },
				"north": { "uv": [ 5, 14, 6, 16 ], "texture": "#4" },
				"south": { "uv": [ 10, 14, 11, 16 ], "texture": "#4" },
				"west": { "uv": [ 7.5, 14, 8.5, 16 ], "texture": "#4" },
				"east": { "uv": [ 8.5, 16, 7.5, 14 ], "texture": "#4" }
			}
		},
		{
			"from": [ 13, 0, 8.55 ],
			"to": [ 14, 2, 9.55 ],
			"faces": {
				"down": { "uv": [ 13, 7.5, 14, 8.5 ], "texture": "#4" },
				"up": { "uv": [ 13, 7.5, 14, 8.5 ], "texture": "#4" },
				"north": { "uv": [ 2, 14, 3, 16 ], "texture": "#4" },
				"south": { "uv": [ 13, 14, 14, 16 ], "texture": "#4" },
				"west": { "uv": [ 7.5, 14, 8.5, 16 ], "texture": "#4" },
				"east": { "uv": [ 8.5, 16, 7.5, 14 ], "texture": "#4" }
			}
		},
		{
			"from": [ 9, 0, 7.5 ],
			"to": [ 10, 1, 8.5 ],
			"faces": {
				"down": { "uv": [ 9, 7.5, 10, 8.5 ], "texture": "#4" },
				"up": { "uv": [ 9, 7.5, 10, 8.5 ], "texture": "#4" },
				"north": { "uv": [ 6, 15, 7, 16 ], "texture": "#4" },
				"south": { "uv": [ 9, 15, 10, 16 ], "texture": "#4" },
				"west": { "uv": [ 7.5, 15, 8.5, 16 ], "texture": "#4" }
			}
		},
		{
			"from": [ 6, 13, 6.95 ],
			"to": [ 10, 15, 8.95 ],
			"faces": {
				"down": { "uv": [ 6, 7.05, 10, 9.05 ], "texture": "#2" },
				"up": { "uv": [ 6, 6.95, 10, 8.95 ], "texture": "#2" },
				"north": { "uv": [ 6, 1, 10, 3 ], "texture": "#2" },
				"south": { "uv": [ 6, 1, 10, 3 ], "texture": "#2" },
				"west": { "uv": [ 6.95, 1, 8.95, 3 ], "texture": "#2" },
				"east": { "uv": [ 9.05, 3, 7.05, 1 ], "texture": "#2" }
			}
		},
		{
			"from": [ 2, 11, 8.5 ],
			"to": [ 5, 13, 10.5 ],
			"faces": {
				"down": { "uv": [ 2, 5.5, 5, 7.5 ], "texture": "#2" },
				"up": { "uv": [ 2, 8.5, 5, 10.5 ], "texture": "#2" },
				"north": { "uv": [ 11, 3, 14, 5 ], "texture": "#2" },
				"south": { "uv": [ 2, 3, 5, 5 ], "texture": "#2" },
				"west": { "uv": [ 8.5, 3, 10.5, 5 ], "texture": "#2" },
				"east": { "uv": [ 7.5, 5, 5.5, 3 ], "texture": "#2" }
			}
		},
		{
			"from": [ 8, 12, 6.95 ],
			"to": [ 9, 13, 8.95 ],
			"faces": {
				"down": { "uv": [ 8, 7.05, 9, 9.05 ], "texture": "#2" },
				"north": { "uv": [ 7, 3, 8, 4 ], "texture": "#2" },
				"south": { "uv": [ 8, 3, 9, 4 ], "texture": "#2" },
				"west": { "uv": [ 6.95, 3, 8.95, 4 ], "texture": "#2" },
				"east": { "uv": [ 9.05, 4, 7.05, 3 ], "texture": "#2" }
			}
		},
		{
			"from": [ 11.4, 10, 8.3 ],
			"to": [ 13.4, 13, 10.3 ],
			"faces": {
				"down": { "uv": [ 11.4, 5.7, 13.4, 7.7 ], "texture": "#2" },
				"up": { "uv": [ 11.4, 8.3, 13.4, 10.3 ], "texture": "#2" },
				"north": { "uv": [ 2.6, 3, 4.6, 6 ], "texture": "#2" },
				"south": { "uv": [ 11.4, 3, 13.4, 6 ], "texture": "#2" },
				"west": { "uv": [ 8.3, 3, 10.3, 6 ], "texture": "#2" },
				"east": { "uv": [ 7.7, 6, 5.7, 3 ], "texture": "#2" }
			}
		},
		{
			"from": [ 10.4, 11, 8.3 ],
			"to": [ 11.4, 12, 10.3 ],
			"faces": {
				"down": { "uv": [ 10.4, 5.7, 11.4, 7.7 ], "texture": "#2" },
				"up": { "uv": [ 10.4, 8.3, 11.4, 10.3 ], "texture": "#2" },
				"north": { "uv": [ 4.6, 4, 5.6, 5 ], "texture": "#2" },
				"south": { "uv": [ 10.4, 4, 11.4, 5 ], "texture": "#2" },
				"west": { "uv": [ 8.3, 4, 10.3, 5 ], "texture": "#2" }
			}
		},
		{
			"from": [ 13.4, 9, 8.3 ],
			"to": [ 14.4, 12, 10.3 ],
			"faces": {
				"down": { "uv": [ 13.4, 5.7, 14.4, 7.7 ], "texture": "#2" },
				"up": { "uv": [ 13.4, 8.3, 14.4, 10.3 ], "texture": "#2" },
				"north": { "uv": [ 1.6, 4, 2.6, 7 ], "texture": "#2" },
				"south": { "uv": [ 13.4, 4, 14.4, 7 ], "texture": "#2" },
				"west": { "uv": [ 8.3, 4, 10.3, 7 ], "texture": "#2" },
				"east": { "uv": [ 7.7, 7, 5.7, 4 ], "texture": "#2" }
			}
		},
		{
			"from": [ 2, 10, 8.5 ],
			"to": [ 4, 11, 10.5 ],
			"faces": {
				"down": { "uv": [ 2, 5.5, 4, 7.5 ], "texture": "#2" },
				"north": { "uv": [ 12, 5, 14, 6 ], "texture": "#2" },
				"south": { "uv": [ 2, 5, 4, 6 ], "texture": "#2" },
				"west": { "uv": [ 8.5, 5, 10.5, 6 ], "texture": "#2" },
				"east": { "uv": [ 7.5, 6, 5.5, 5 ], "texture": "#2" }
			}
		},
		{
			"from": [ 12.4, 9, 8.3 ],
			"to": [ 13.4, 10, 10.3 ],
			"faces": {
				"down": { "uv": [ 12.4, 5.7, 13.4, 7.7 ], "texture": "#2" },
				"north": { "uv": [ 2.6, 6, 3.6, 7 ], "texture": "#2" },
				"south": { "uv": [ 12.4, 6, 13.4, 7 ], "texture": "#2" },
				"west": { "uv": [ 8.3, 6, 10.3, 7 ], "texture": "#2" }
			}
		},
		{
			"from": [ 6, 6, 6.65 ],
			"to": [ 8, 9, 8.65 ],
			"faces": {
				"down": { "uv": [ 6, 7.35, 8, 9.35 ], "texture": "#2" },
				"up": { "uv": [ 6, 6.65, 8, 8.65 ], "texture": "#2" },
				"north": { "uv": [ 8, 7, 10, 10 ], "texture": "#2" },
				"south": { "uv": [ 6, 7, 8, 10 ], "texture": "#2" },
				"west": { "uv": [ 6.65, 7, 8.65, 10 ], "texture": "#2" },
				"east": { "uv": [ 9.35, 10, 7.35, 7 ], "texture": "#2" }
			}
		},
		{
			"from": [ 5, 6, 6.65 ],
			"to": [ 6, 8, 8.65 ],
			"faces": {
				"down": { "uv": [ 5, 7.35, 6, 9.35 ], "texture": "#2" },
				"up": { "uv": [ 5, 6.65, 6, 8.65 ], "texture": "#2" },
				"north": { "uv": [ 10, 8, 11, 10 ], "texture": "#2" },
				"south": { "uv": [ 5, 8, 6, 10 ], "texture": "#2" },
				"west": { "uv": [ 6.65, 8, 8.65, 10 ], "texture": "#2" }
			}
		},
		{
			"from": [ 8, 6, 6.65 ],
			"to": [ 9, 8, 8.65 ],
			"faces": {
				"down": { "uv": [ 8, 7.35, 9, 9.35 ], "texture": "#2" },
				"up": { "uv": [ 8, 6.65, 9, 8.65 ], "texture": "#2" },
				"north": { "uv": [ 7, 8, 8, 10 ], "texture": "#2" },
				"east": { "uv": [ 9.35, 10, 7.35, 8 ], "texture": "#2" }
			}
		},
		{
			"from": [ 7, 5, 6.65 ],
			"to": [ 8, 6, 8.65 ],
			"faces": {
				"down": { "uv": [ 7, 7.35, 8, 9.35 ], "texture": "#2" },
				"north": { "uv": [ 8, 10, 9, 11 ], "texture": "#2" },
				"south": { "uv": [ 7, 10, 8, 11 ], "texture": "#2" },
				"west": { "uv": [ 6.65, 10, 8.65, 11 ], "texture": "#2" },
				"east": { "uv": [ 9.35, 11, 7.35, 10 ], "texture": "#2" }
			}
		},
		{
			"from": [ 3, 0, 7.6 ],
			"to": [ 4, 4, 9.6 ],
			"faces": {
				"down": { "uv": [ 3, 6.4, 4, 8.4 ], "texture": "#2" },
				"up": { "uv": [ 3, 7.6, 4, 9.6 ], "texture": "#2" },
				"north": { "uv": [ 12, 12, 13, 16 ], "texture": "#2" },
				"south": { "uv": [ 3, 12, 4, 16 ], "texture": "#2" },
				"west": { "uv": [ 7.6, 12, 9.6, 16 ], "texture": "#2" },
				"east": { "uv": [ 8.4, 16, 6.4, 12 ], "texture": "#2" }
			}
		},
		{
			"from": [ 1, 1, 7.6 ],
			"to": [ 3, 3, 9.6 ],
			"faces": {
				"down": { "uv": [ 1, 6.4, 3, 8.4 ], "texture": "#2" },
				"up": { "uv": [ 1, 7.6, 3, 9.6 ], "texture": "#2" },
				"north": { "uv": [ 13, 13, 15, 15 ], "texture": "#2" },
				"south": { "uv": [ 1, 13, 3, 15 ], "texture": "#2" },
				"west": { "uv": [ 7.6, 13, 9.6, 15 ], "texture": "#2" }
			}
		},
		{
			"from": [ 4, 1, 7.6 ],
			"to": [ 6, 3, 9.6 ],
			"faces": {
				"down": { "uv": [ 4, 6.4, 6, 8.4 ], "texture": "#2" },
				"up": { "uv": [ 4, 7.6, 6, 9.6 ], "texture": "#2" },
				"north": { "uv": [ 10, 13, 12, 15 ], "texture": "#2" },
				"south": { "uv": [ 4, 13, 6, 15 ], "texture": "#2" },
				"east": { "uv": [ 8.4, 15, 6.4, 13 ], "texture": "#2" }
			}
		},
		{
			"from": [ 2, 0, 7.6 ],
			"to": [ 3, 1, 9.6 ],
			"faces": {
				"down": { "uv": [ 2, 6.4, 3, 8.4 ], "texture": "#2" },
				"north": { "uv": [ 13, 15, 14, 16 ], "texture": "#2" },
				"south": { "uv": [ 2, 15, 3, 16 ], "texture": "#2" },
				"west": { "uv": [ 7.6, 15, 9.6, 16 ], "texture": "#2" }
			}
		},
		{
			"from": [ 4, 0, 7.6 ],
			"to": [ 5, 1, 9.6 ],
			"faces": {
				"down": { "uv": [ 4, 6.4, 5, 8.4 ], "texture": "#2" },
				"north": { "uv": [ 11, 15, 12, 16 ], "texture": "#2" },
				"south": { "uv": [ 4, 15, 5, 16 ], "texture": "#2" },
				"east": { "uv": [ 8.4, 16, 6.4, 15 ], "texture": "#2" }
			}
		},
		{
			"from": [ 9, 9, 6.3 ],
			"to": [ 10, 10, 7.3 ],
			"faces": {
				"down": { "uv": [ 9, 8.7, 10, 9.7 ], "texture": "#3" },
				"up": { "uv": [ 9, 6.3, 10, 7.3 ], "texture": "#3" },
				"north": { "uv": [ 6, 6, 7, 7 ], "texture": "#3" },
				"south": { "uv": [ 9, 6, 10, 7 ], "texture": "#3" },
				"west": { "uv": [ 6.3, 6, 7.3, 7 ], "texture": "#3" },
				"east": { "uv": [ 9.7, 7, 8.7, 6 ], "texture": "#3" }
			}
		},
		{
			"from": [ 11, 7, 6.15 ],
			"to": [ 12, 8, 7.15 ],
			"faces": {
				"down": { "uv": [ 11, 8.85, 12, 9.85 ], "texture": "#3" },
				"up": { "uv": [ 11, 6.15, 12, 7.15 ], "texture": "#3" },
				"north": { "uv": [ 4, 8, 5, 9 ], "texture": "#3" },
				"south": { "uv": [ 11, 8, 12, 9 ], "texture": "#3" },
				"west": { "uv": [ 6.15, 8, 7.15, 9 ], "texture": "#3" },
				"east": { "uv": [ 9.85, 9, 8.85, 8 ], "texture": "#3" }
			}
		},
		{
			"from": [ 14, 6, 8.849999 ],
			"to": [ 15, 7, 9.849999 ],
			"faces": {
				"down": { "uv": [ 14, 6.15, 15, 7.15 ], "texture": "#3" },
				"up": { "uv": [ 14, 8.85, 15, 9.85 ], "texture": "#3" },
				"north": { "uv": [ 1, 9, 2, 10 ], "texture": "#3" },
				"south": { "uv": [ 14, 9, 15, 10 ], "texture": "#3" },
				"west": { "uv": [ 8.85, 9, 9.85, 10 ], "texture": "#3" },
				"east": { "uv": [ 7.15, 10, 6.15, 9 ], "texture": "#3" }
			}
		},
		{
			"from": [ 14, 4, 8.099999 ],
			"to": [ 15, 5, 9.099999 ],
			"faces": {
				"down": { "uv": [ 14, 6.9, 15, 7.9 ], "texture": "#3" },
				"up": { "uv": [ 14, 8.1, 15, 9.1 ], "texture": "#3" },
				"north": { "uv": [ 1, 11, 2, 12 ], "texture": "#3" },
				"south": { "uv": [ 14, 11, 15, 12 ], "texture": "#3" },
				"east": { "uv": [ 7.9, 12, 6.9, 11 ], "texture": "#3" }
			}
		},
		{
			"from": [ 14, 1, 8.55 ],
			"to": [ 15, 2, 9.55 ],
			"faces": {
				"down": { "uv": [ 14, 7.5, 15, 8.5 ], "texture": "#3" },
				"up": { "uv": [ 14, 7.5, 15, 8.5 ], "texture": "#3" },
				"north": { "uv": [ 1, 14, 2, 15 ], "texture": "#3" },
				"south": { "uv": [ 14, 14, 15, 15 ], "texture": "#3" },
				"east": { "uv": [ 8.5, 15, 7.5, 14 ], "texture": "#3" }
			}
		},
		{
			"from": [ 9, 3, 7.5 ],
			"to": [ 10, 4, 8.5 ],
			"faces": {
				"down": { "uv": [ 9, 7.5, 10, 8.5 ], "texture": "#3" },
				"up": { "uv": [ 9, 7.5, 10, 8.5 ], "texture": "#3" },
				"north": { "uv": [ 6, 12, 7, 13 ], "texture": "#3" },
				"south": { "uv": [ 9, 12, 10, 13 ], "texture": "#3" },
				"west": { "uv": [ 7.5, 12, 8.5, 13 ], "texture": "#3" },
				"east": { "uv": [ 8.5, 13, 7.5, 12 ], "texture": "#3" }
			}
		},
		{
			"from": [ 2, 6, 8.599999 ],
			"to": [ 3, 7, 9.599999 ],
			"faces": {
				"down": { "uv": [ 2, 6.4, 3, 7.4 ], "texture": "#3" },
				"up": { "uv": [ 2, 8.6, 3, 9.6 ], "texture": "#3" },
				"north": { "uv": [ 13, 9, 14, 10 ], "texture": "#3" },
				"south": { "uv": [ 2, 9, 3, 10 ], "texture": "#3" },
				"west": { "uv": [ 8.6, 9, 9.6, 10 ], "texture": "#3" },
				"east": { "uv": [ 7.4, 10, 6.4, 9 ], "texture": "#3" }
			}
		},
		{
			"from": [ 2, 8, 9.15 ],
			"to": [ 3, 9, 10.15 ],
			"faces": {
				"down": { "uv": [ 2, 5.85, 3, 6.85 ], "texture": "#3" },
				"up": { "uv": [ 2, 9.15, 3, 10.15 ], "texture": "#3" },
				"north": { "uv": [ 13, 7, 14, 8 ], "texture": "#3" },
				"south": { "uv": [ 2, 7, 3, 8 ], "texture": "#3" },
				"west": { "uv": [ 9.15, 7, 10.15, 8 ], "texture": "#3" },
				"east": { "uv": [ 6.85, 8, 5.85, 7 ], "texture": "#3" }
			}
		},
		{
			"from": [ 3.8, 4.85, 7.7 ],
			"to": [ 4.8, 5.85, 8.7 ],
			"faces": {
				"down": { "uv": [ 3.8, 7.3, 4.8, 8.3 ], "texture": "#3" },
				"up": { "uv": [ 3.8, 7.7, 4.8, 8.7 ], "texture": "#3" },
				"north": { "uv": [ 11.2, 10.15, 12.2, 11.15 ], "texture": "#3" },
				"south": { "uv": [ 3.8, 10.15, 4.8, 11.15 ], "texture": "#3" },
				"west": { "uv": [ 7.7, 10.15, 8.7, 11.15 ], "texture": "#3" },
				"east": { "uv": [ 8.3, 11.15, 7.3, 10.15 ], "texture": "#3" }
			}
		},
		{
			"from": [ 3.8, 3.85, 9.099999 ],
			"to": [ 4.8, 4.85, 10.1 ],
			"faces": {
				"down": { "uv": [ 3.8, 5.9, 4.8, 6.9 ], "texture": "#3" },
				"up": { "uv": [ 3.8, 9.1, 4.8, 10.1 ], "texture": "#3" },
				"north": { "uv": [ 11.2, 11.15, 12.2, 12.15 ], "texture": "#3" },
				"south": { "uv": [ 3.8, 11.15, 4.8, 12.15 ], "texture": "#3" },
				"west": { "uv": [ 9.1, 11.15, 10.1, 12.15 ], "texture": "#3" },
				"east": { "uv": [ 6.9, 12.15, 5.9, 11.15 ], "texture": "#3" }
			}
		},
		{
			"from": [ 7.5, 12, 7 ],
			"to": [ 8.5, 13, 8 ],
			"faces": {
				"down": { "uv": [ 7, 7.5, 8, 8.5 ], "texture": "#4", "rotation": 90 },
				"north": { "uv": [ 7.5, 3, 8.5, 4 ], "texture": "#4" },
				"south": { "uv": [ 8.5, 4, 7.5, 3 ], "texture": "#4" },
				"west": { "uv": [ 7, 3, 8, 4 ], "texture": "#4" }
			}
		},
		{
			"from": [ 7.5, 11, 5 ],
			"to": [ 8.5, 12, 6 ],
			"faces": {
				"down": { "uv": [ 5, 7.5, 6, 8.5 ], "texture": "#4", "rotation": 90 },
				"up": { "uv": [ 5, 7.5, 6, 8.5 ], "texture": "#4", "rotation": 270 },
				"north": { "uv": [ 7.5, 4, 8.5, 5 ], "texture": "#4" },
				"west": { "uv": [ 5, 4, 6, 5 ], "texture": "#4" },
				"east": { "uv": [ 10, 4, 11, 5 ], "texture": "#4" }
			}
		},
		{
			"from": [ 7.5, 10, 6 ],
			"to": [ 8.5, 12, 7 ],
			"faces": {
				"down": { "uv": [ 6, 7.5, 7, 8.5 ], "texture": "#4", "rotation": 90 },
				"up": { "uv": [ 6, 7.5, 7, 8.5 ], "texture": "#4", "rotation": 270 },
				"north": { "uv": [ 7.5, 4, 8.5, 6 ], "texture": "#4" },
				"south": { "uv": [ 8.5, 6, 7.5, 4 ], "texture": "#4" },
				"west": { "uv": [ 6, 4, 7, 6 ], "texture": "#4" },
				"east": { "uv": [ 9, 4, 10, 6 ], "texture": "#4" }
			}
		},
		{
			"from": [ 7.5, 9, 7 ],
			"to": [ 8.5, 11, 8 ],
			"faces": {
				"down": { "uv": [ 7, 7.5, 8, 8.5 ], "texture": "#4", "rotation": 90 },
				"up": { "uv": [ 7, 7.5, 8, 8.5 ], "texture": "#4", "rotation": 270 },
				"north": { "uv": [ 7.5, 5, 8.5, 7 ], "texture": "#4" },
				"south": { "uv": [ 8.5, 7, 7.5, 5 ], "texture": "#4" },
				"west": { "uv": [ 7, 5, 8, 7 ], "texture": "#4" },
				"east": { "uv": [ 8, 5, 9, 7 ], "texture": "#4" }
			}
		},
		{
			"from": [ 8.4, 7, 10 ],
			"to": [ 9.4, 11, 11 ],
			"faces": {
				"down": { "uv": [ 10, 8.4, 11, 9.4 ], "texture": "#4", "rotation": 90 },
				"up": { "uv": [ 10, 6.6, 11, 7.6 ], "texture": "#4", "rotation": 270 },
				"north": { "uv": [ 6.6, 5, 7.6, 9 ], "texture": "#4" },
				"south": { "uv": [ 9.4, 9, 8.4, 5 ], "texture": "#4" },
				"west": { "uv": [ 10, 5, 11, 9 ], "texture": "#4" },
				"east": { "uv": [ 5, 5, 6, 9 ], "texture": "#4" }
			}
		},
		{
			"from": [ 6.1, 5, 3 ],
			"to": [ 7.1, 10, 4 ],
			"faces": {
				"down": { "uv": [ 3, 6.1, 4, 7.1 ], "texture": "#4", "rotation": 90 },
				"north": { "uv": [ 8.9, 6, 9.9, 11 ], "texture": "#4" },
				"south": { "uv": [ 7.1, 11, 6.1, 6 ], "texture": "#4" },
				"west": { "uv": [ 3, 6, 4, 11 ], "texture": "#4" },
				"east": { "uv": [ 12, 6, 13, 11 ], "texture": "#4" }
			}
		},
		{
			"from": [ 8.7, 9, 9 ],
			"to": [ 9.7, 10, 10 ],
			"faces": {
				"down": { "uv": [ 9, 8.7, 10, 9.7 ], "texture": "#3", "rotation": 90 },
				"up": { "uv": [ 9, 6.3, 10, 7.3 ], "texture": "#3", "rotation": 270 },
				"north": { "uv": [ 6.3, 6, 7.3, 7 ], "texture": "#3" },
				"south": { "uv": [ 9.7, 7, 8.7, 6 ], "texture": "#3" },
				"west": { "uv": [ 9, 6, 10, 7 ], "texture": "#3" },
				"east": { "uv": [ 6, 6, 7, 7 ], "texture": "#3" }
			}
		},
		{
			"from": [ 5.85, 8, 2 ],
			"to": [ 6.85, 9, 3 ],
			"faces": {
				"down": { "uv": [ 2, 5.85, 3, 6.85 ], "texture": "#3", "rotation": 90 },
				"up": { "uv": [ 2, 9.15, 3, 10.15 ], "texture": "#3", "rotation": 270 },
				"north": { "uv": [ 9.15, 7, 10.15, 8 ], "texture": "#3" },
				"south": { "uv": [ 6.85, 8, 5.85, 7 ], "texture": "#3" },
				"west": { "uv": [ 2, 7, 3, 8 ], "texture": "#3" },
				"east": { "uv": [ 13, 7, 14, 8 ], "texture": "#3" }
			}
		},
		{
			"from": [ 6.1, 8, 12 ],
			"to": [ 7.1, 9, 13 ],
			"faces": {
				"down": { "uv": [ 12, 6.1, 13, 7.1 ], "texture": "#4", "rotation": 90 },
				"up": { "uv": [ 12, 8.9, 13, 9.9 ], "texture": "#4", "rotation": 270 },
				"north": { "uv": [ 8.9, 7, 9.9, 8 ], "texture": "#4" },
				"west": { "uv": [ 12, 7, 13, 8 ], "texture": "#4" },
				"east": { "uv": [ 3, 7, 4, 8 ], "texture": "#4" }
			}
		},
		{
			"from": [ 6.05, 7, 13 ],
			"to": [ 7.05, 9, 14 ],
			"faces": {
				"down": { "uv": [ 13, 6.05, 14, 7.05 ], "texture": "#4", "rotation": 90 },
				"up": { "uv": [ 13, 8.95, 14, 9.95 ], "texture": "#4", "rotation": 270 },
				"north": { "uv": [ 8.95, 7, 9.95, 9 ], "texture": "#4" },
				"south": { "uv": [ 7.05, 9, 6.05, 7 ], "texture": "#4" },
				"west": { "uv": [ 13, 7, 14, 9 ], "texture": "#4" },
				"east": { "uv": [ 2, 7, 3, 9 ], "texture": "#4" }
			}
		},
		{
			"from": [ 8.849999, 7, 11 ],
			"to": [ 9.849999, 8, 12 ],
			"faces": {
				"down": { "uv": [ 11, 8.85, 12, 9.85 ], "texture": "#3", "rotation": 90 },
				"up": { "uv": [ 11, 6.15, 12, 7.15 ], "texture": "#3", "rotation": 270 },
				"north": { "uv": [ 6.15, 8, 7.15, 9 ], "texture": "#3" },
				"south": { "uv": [ 9.85, 9, 8.85, 8 ], "texture": "#3" },
				"west": { "uv": [ 11, 8, 12, 9 ], "texture": "#3" },
				"east": { "uv": [ 4, 8, 5, 9 ], "texture": "#3" }
			}
		},
		{
			"from": [ 6.4, 6, 2 ],
			"to": [ 7.4, 7, 3 ],
			"faces": {
				"down": { "uv": [ 2, 6.4, 3, 7.4 ], "texture": "#3", "rotation": 90 },
				"up": { "uv": [ 2, 8.6, 3, 9.6 ], "texture": "#3", "rotation": 270 },
				"north": { "uv": [ 8.6, 9, 9.6, 10 ], "texture": "#3" },
				"south": { "uv": [ 7.4, 10, 6.4, 9 ], "texture": "#3" },
				"west": { "uv": [ 2, 9, 3, 10 ], "texture": "#3" },
				"east": { "uv": [ 13, 9, 14, 10 ], "texture": "#3" }
			}
		},
		{
			"from": [ 8.599999, 5, 9 ],
			"to": [ 9.599999, 7, 10 ],
			"faces": {
				"down": { "uv": [ 9, 8.6, 10, 9.6 ], "texture": "#4", "rotation": 90 },
				"up": { "uv": [ 9, 6.4, 10, 7.4 ], "texture": "#4", "rotation": 270 },
				"north": { "uv": [ 6.4, 9, 7.4, 11 ], "texture": "#4" },
				"south": { "uv": [ 9.6, 11, 8.6, 9 ], "texture": "#4" },
				"west": { "uv": [ 9, 9, 10, 11 ], "texture": "#4" },
				"east": { "uv": [ 6, 9, 7, 11 ], "texture": "#4" }
			}
		},
		{
			"from": [ 6.55, 6, 12 ],
			"to": [ 7.55, 7, 13 ],
			"faces": {
				"down": { "uv": [ 12, 6.55, 13, 7.55 ], "texture": "#4", "rotation": 90 },
				"up": { "uv": [ 12, 8.45, 13, 9.45 ], "texture": "#4", "rotation": 270 },
				"north": { "uv": [ 8.45, 9, 9.45, 10 ], "texture": "#4" },
				"south": { "uv": [ 7.55, 10, 6.55, 9 ], "texture": "#4" },
				"west": { "uv": [ 12, 9, 13, 10 ], "texture": "#4" },
				"east": { "uv": [ 3, 9, 4, 10 ], "texture": "#4" }
			}
		},
		{
			"from": [ 6.15, 6, 14 ],
			"to": [ 7.15, 7, 15 ],
			"faces": {
				"down": { "uv": [ 14, 6.15, 15, 7.15 ], "texture": "#3", "rotation": 90 },
				"up": { "uv": [ 14, 8.85, 15, 9.85 ], "texture": "#3", "rotation": 270 },
				"north": { "uv": [ 8.85, 9, 9.85, 10 ], "texture": "#3" },
				"south": { "uv": [ 7.15, 10, 6.15, 9 ], "texture": "#3" },
				"west": { "uv": [ 14, 9, 15, 10 ], "texture": "#3" },
				"east": { "uv": [ 1, 9, 2, 10 ], "texture": "#3" }
			}
		},
		{
			"from": [ 6.5, 3, 4 ],
			"to": [ 7.5, 6, 5 ],
			"faces": {
				"up": { "uv": [ 4, 8.5, 5, 9.5 ], "texture": "#4", "rotation": 270 },
				"north": { "uv": [ 8.5, 10, 9.5, 13 ], "texture": "#4" },
				"south": { "uv": [ 7.5, 13, 6.5, 10 ], "texture": "#4" },
				"west": { "uv": [ 4, 10, 5, 13 ], "texture": "#4" },
				"east": { "uv": [ 11, 10, 12, 13 ], "texture": "#4" }
			}
		},
		{
			"from": [ 8.2, 2, 8 ],
			"to": [ 9.2, 6, 9 ],
			"faces": {
				"down": { "uv": [ 8, 8.2, 9, 9.2 ], "texture": "#4", "rotation": 90 },
				"north": { "uv": [ 6.8, 10, 7.8, 14 ], "texture": "#4" },
				"south": { "uv": [ 9.2, 14, 8.2, 10 ], "texture": "#4" },
				"west": { "uv": [ 8, 10, 9, 14 ], "texture": "#4" },
				"east": { "uv": [ 7, 10, 8, 14 ], "texture": "#4" }
			}
		},
		{
			"from": [ 6.95, 3, 13 ],
			"to": [ 7.95, 6, 14 ],
			"faces": {
				"down": { "uv": [ 13, 6.95, 14, 7.95 ], "texture": "#4", "rotation": 90 },
				"up": { "uv": [ 13, 8.05, 14, 9.05 ], "texture": "#4", "rotation": 270 },
				"north": { "uv": [ 8.05, 10, 9.05, 13 ], "texture": "#4" },
				"south": { "uv": [ 7.95, 13, 6.95, 10 ], "texture": "#4" },
				"west": { "uv": [ 13, 10, 14, 13 ], "texture": "#4" },
				"east": { "uv": [ 2, 10, 3, 13 ], "texture": "#4" }
			}
		},
		{
			"from": [ 6.85, 3, 5 ],
			"to": [ 7.85, 5, 6 ],
			"faces": {
				"up": { "uv": [ 5, 8.15, 6, 9.15 ], "texture": "#4", "rotation": 270 },
				"north": { "uv": [ 8.15, 11, 9.15, 13 ], "texture": "#4" },
				"south": { "uv": [ 7.85, 13, 6.85, 11 ], "texture": "#4" },
				"west": { "uv": [ 5, 11, 6, 13 ], "texture": "#4" },
				"east": { "uv": [ 10, 11, 11, 13 ], "texture": "#4" }
			}
		},
		{
			"from": [ 7.5, 4, 7 ],
			"to": [ 8.5, 5, 8 ],
			"faces": {
				"down": { "uv": [ 7, 7.5, 8, 8.5 ], "texture": "#4", "rotation": 90 },
				"north": { "uv": [ 7.5, 11, 8.5, 12 ], "texture": "#4" },
				"south": { "uv": [ 8.5, 12, 7.5, 11 ], "texture": "#4" },
				"west": { "uv": [ 7, 11, 8, 12 ], "texture": "#4" },
				"east": { "uv": [ 8, 11, 9, 12 ], "texture": "#4" }
			}
		},
		{
			"from": [ 6.9, 4, 14 ],
			"to": [ 7.9, 5, 15 ],
			"faces": {
				"down": { "uv": [ 14, 6.9, 15, 7.9 ], "texture": "#3", "rotation": 90 },
				"up": { "uv": [ 14, 8.1, 15, 9.1 ], "texture": "#3", "rotation": 270 },
				"south": { "uv": [ 7.9, 12, 6.9, 11 ], "texture": "#3" },
				"west": { "uv": [ 14, 11, 15, 12 ], "texture": "#3" },
				"east": { "uv": [ 1, 11, 2, 12 ], "texture": "#3" }
			}
		},
		{
			"from": [ 7.5, 3, 9 ],
			"to": [ 8.5, 4, 10 ],
			"faces": {
				"down": { "uv": [ 9, 7.5, 10, 8.5 ], "texture": "#3", "rotation": 90 },
				"up": { "uv": [ 9, 7.5, 10, 8.5 ], "texture": "#3", "rotation": 270 },
				"north": { "uv": [ 7.5, 12, 8.5, 13 ], "texture": "#3" },
				"south": { "uv": [ 8.5, 13, 7.5, 12 ], "texture": "#3" },
				"west": { "uv": [ 9, 12, 10, 13 ], "texture": "#3" },
				"east": { "uv": [ 6, 12, 7, 13 ], "texture": "#3" }
			}
		},
		{
			"from": [ 7.25, 0, 6 ],
			"to": [ 8.25, 3, 7 ],
			"faces": {
				"down": { "uv": [ 6, 7.25, 7, 8.25 ], "texture": "#4", "rotation": 90 },
				"up": { "uv": [ 6, 7.75, 7, 8.75 ], "texture": "#4", "rotation": 270 },
				"north": { "uv": [ 7.75, 13, 8.75, 16 ], "texture": "#4" },
				"south": { "uv": [ 8.25, 16, 7.25, 13 ], "texture": "#4" },
				"west": { "uv": [ 6, 13, 7, 16 ], "texture": "#4" },
				"east": { "uv": [ 9, 13, 10, 16 ], "texture": "#4" }
			}
		},
		{
			"from": [ 7.5, 1, 11 ],
			"to": [ 8.5, 3, 12 ],
			"faces": {
				"down": { "uv": [ 11, 7.5, 12, 8.5 ], "texture": "#4", "rotation": 90 },
				"up": { "uv": [ 11, 7.5, 12, 8.5 ], "texture": "#4", "rotation": 270 },
				"north": { "uv": [ 7.5, 13, 8.5, 15 ], "texture": "#4" },
				"south": { "uv": [ 8.5, 15, 7.5, 13 ], "texture": "#4" },
				"west": { "uv": [ 11, 13, 12, 15 ], "texture": "#4" },
				"east": { "uv": [ 4, 13, 5, 15 ], "texture": "#4" }
			}
		},
		{
			"from": [ 7.15, 2, 12 ],
			"to": [ 8.15, 3, 13 ],
			"faces": {
				"down": { "uv": [ 12, 7.5, 13, 8.5 ], "texture": "#4", "rotation": 90 },
				"up": { "uv": [ 12, 7.5, 13, 8.5 ], "texture": "#4", "rotation": 270 },
				"north": { "uv": [ 7.5, 13, 8.5, 14 ], "texture": "#4" },
				"south": { "uv": [ 8.5, 14, 7.5, 13 ], "texture": "#4" },
				"west": { "uv": [ 12, 13, 13, 14 ], "texture": "#4" },
				"east": { "uv": [ 3, 13, 4, 14 ], "texture": "#4" }
			}
		},
		{
			"from": [ 7.5, 0, 7 ],
			"to": [ 8.5, 2, 8 ],
			"faces": {
				"down": { "uv": [ 7, 7.5, 8, 8.5 ], "texture": "#4", "rotation": 90 },
				"up": { "uv": [ 7, 7.5, 8, 8.5 ], "texture": "#4", "rotation": 270 },
				"north": { "uv": [ 7.5, 14, 8.5, 16 ], "texture": "#4" },
				"south": { "uv": [ 8.5, 16, 7.5, 14 ], "texture": "#4" },
				"west": { "uv": [ 7, 14, 8, 16 ], "texture": "#4" },
				"east": { "uv": [ 8, 14, 9, 16 ], "texture": "#4" }
			}
		},
		{
			"from": [ 7.5, 0, 10 ],
			"to": [ 8.5, 2, 11 ],
			"faces": {
				"down": { "uv": [ 10, 7.5, 11, 8.5 ], "texture": "#4", "rotation": 90 },
				"up": { "uv": [ 10, 7.5, 11, 8.5 ], "texture": "#4", "rotation": 270 },
				"north": { "uv": [ 7.5, 14, 8.5, 16 ], "texture": "#4" },
				"south": { "uv": [ 8.5, 16, 7.5, 14 ], "texture": "#4" },
				"west": { "uv": [ 10, 14, 11, 16 ], "texture": "#4" },
				"east": { "uv": [ 5, 14, 6, 16 ], "texture": "#4" }
			}
		},
		{
			"from": [ 6.5, 0, 13 ],
			"to": [ 7.5, 2, 14 ],
			"faces": {
				"down": { "uv": [ 13, 7.5, 14, 8.5 ], "texture": "#4", "rotation": 90 },
				"up": { "uv": [ 13, 7.5, 14, 8.5 ], "texture": "#4", "rotation": 270 },
				"north": { "uv": [ 7.5, 14, 8.5, 16 ], "texture": "#4" },
				"south": { "uv": [ 8.5, 16, 7.5, 14 ], "texture": "#4" },
				"west": { "uv": [ 13, 14, 14, 16 ], "texture": "#4" },
				"east": { "uv": [ 2, 14, 3, 16 ], "texture": "#4" }
			}
		},
		{
			"from": [ 6.5, 1, 14 ],
			"to": [ 7.5, 2, 15 ],
			"faces": {
				"down": { "uv": [ 14, 7.5, 15, 8.5 ], "texture": "#3", "rotation": 90 },
				"up": { "uv": [ 14, 7.5, 15, 8.5 ], "texture": "#3", "rotation": 270 },
				"south": { "uv": [ 8.5, 15, 7.5, 14 ], "texture": "#3" },
				"west": { "uv": [ 14, 14, 15, 15 ], "texture": "#3" },
				"east": { "uv": [ 1, 14, 2, 15 ], "texture": "#3" }
			}
		},
		{
			"from": [ 7.5, 0, 9 ],
			"to": [ 8.5, 1, 10 ],
			"faces": {
				"down": { "uv": [ 9, 7.5, 10, 8.5 ], "texture": "#4", "rotation": 90 },
				"up": { "uv": [ 9, 7.5, 10, 8.5 ], "texture": "#4", "rotation": 270 },
				"north": { "uv": [ 7.5, 15, 8.5, 16 ], "texture": "#4" },
				"west": { "uv": [ 9, 15, 10, 16 ], "texture": "#4" },
				"east": { "uv": [ 6, 15, 7, 16 ], "texture": "#4" }
			}
		},
		{
			"from": [ 5.5, 11, 2 ],
			"to": [ 7.5, 13, 5 ],
			"faces": {
				"down": { "uv": [ 2, 5.5, 5, 7.5 ], "texture": "#2", "rotation": 90 },
				"up": { "uv": [ 2, 8.5, 5, 10.5 ], "texture": "#2", "rotation": 270 },
				"north": { "uv": [ 8.5, 3, 10.5, 5 ], "texture": "#2" },
				"south": { "uv": [ 7.5, 5, 5.5, 3 ], "texture": "#2" },
				"west": { "uv": [ 2, 3, 5, 5 ], "texture": "#2" },
				"east": { "uv": [ 11, 3, 14, 5 ], "texture": "#2" }
			}
		},
		{
			"from": [ 5.7, 10, 11.4 ],
			"to": [ 7.7, 13, 13.4 ],
			"faces": {
				"down": { "uv": [ 11.4, 5.7, 13.4, 7.7 ], "texture": "#2", "rotation": 90 },
				"up": { "uv": [ 11.4, 8.3, 13.4, 10.3 ], "texture": "#2", "rotation": 270 },
				"north": { "uv": [ 8.3, 3, 10.3, 6 ], "texture": "#2" },
				"south": { "uv": [ 7.7, 6, 5.7, 3 ], "texture": "#2" },
				"west": { "uv": [ 11.4, 3, 13.4, 6 ], "texture": "#2" },
				"east": { "uv": [ 2.6, 3, 4.6, 6 ], "texture": "#2" }
			}
		},
		{
			"from": [ 5.7, 11, 10.4 ],
			"to": [ 7.7, 12, 11.4 ],
			"faces": {
				"down": { "uv": [ 10.4, 5.7, 11.4, 7.7 ], "texture": "#2", "rotation": 90 },
				"up": { "uv": [ 10.4, 8.3, 11.4, 10.3 ], "texture": "#2", "rotation": 270 },
				"north": { "uv": [ 8.3, 4, 10.3, 5 ], "texture": "#2" },
				"west": { "uv": [ 10.4, 4, 11.4, 5 ], "texture": "#2" },
				"east": { "uv": [ 4.6, 4, 5.6, 5 ], "texture": "#2" }
			}
		},
		{
			"from": [ 5.7, 9, 13.4 ],
			"to": [ 7.7, 12, 14.4 ],
			"faces": {
				"down": { "uv": [ 13.4, 5.7, 14.4, 7.7 ], "texture": "#2", "rotation": 90 },
				"up": { "uv": [ 13.4, 8.3, 14.4, 10.3 ], "texture": "#2", "rotation": 270 },
				"north": { "uv": [ 8.3, 4, 10.3, 7 ], "texture": "#2" },
				"south": { "uv": [ 7.7, 7, 5.7, 4 ], "texture": "#2" },
				"west": { "uv": [ 13.4, 4, 14.4, 7 ], "texture": "#2" },
				"east": { "uv": [ 1.6, 4, 2.6, 7 ], "texture": "#2" }
			}
		},
		{
			"from": [ 5.5, 10, 2 ],
			"to": [ 7.5, 11, 4 ],
			"faces": {
				"down": { "uv": [ 2, 5.5, 4, 7.5 ], "texture": "#2", "rotation": 90 },
				"north": { "uv": [ 8.5, 5, 10.5, 6 ], "texture": "#2" },
				"south": { "uv": [ 7.5, 6, 5.5, 5 ], "texture": "#2" },
				"west": { "uv": [ 2, 5, 4, 6 ], "texture": "#2" },
				"east": { "uv": [ 12, 5, 14, 6 ], "texture": "#2" }
			}
		},
		{
			"from": [ 5.7, 9, 12.4 ],
			"to": [ 7.7, 10, 13.4 ],
			"faces": {
				"down": { "uv": [ 12.4, 5.7, 13.4, 7.7 ], "texture": "#2", "rotation": 90 },
				"north": { "uv": [ 8.3, 6, 10.3, 7 ], "texture": "#2" },
				"west": { "uv": [ 12.4, 6, 13.4, 7 ], "texture": "#2" },
				"east": { "uv": [ 2.6, 6, 3.6, 7 ], "texture": "#2" }
			}
		},
		{
			"from": [ 7.35, 6, 8 ],
			"to": [ 9.35, 8, 9 ],
			"faces": {
				"down": { "uv": [ 8, 7.35, 9, 9.35 ], "texture": "#2", "rotation": 90 },
				"up": { "uv": [ 8, 6.65, 9, 8.65 ], "texture": "#2", "rotation": 270 },
				"north": { "uv": [ 6.65, 8, 8.65, 10 ], "texture": "#2" },
				"south": { "uv": [ 9.35, 10, 7.35, 8 ], "texture": "#2" },
				"west": { "uv": [ 8, 8, 9, 10 ], "texture": "#2" },
				"east": { "uv": [ 7, 8, 8, 10 ], "texture": "#2" }
			}
		},
		{
			"from": [ 7.35, 5, 7 ],
			"to": [ 9.35, 6, 8 ],
			"faces": {
				"down": { "uv": [ 7, 7.35, 8, 9.35 ], "texture": "#2", "rotation": 90 },
				"up": { "uv": [ 7, 6.65, 8, 8.65 ], "texture": "#2", "rotation": 270 },
				"north": { "uv": [ 6.65, 10, 8.65, 11 ], "texture": "#2" },
				"south": { "uv": [ 9.35, 11, 7.35, 10 ], "texture": "#2" },
				"east": { "uv": [ 8, 10, 9, 11 ], "texture": "#2" }
			}
		},
		{
			"from": [ 6.5, 0, 3 ],
			"to": [ 8.5, 4, 4 ],
			"faces": {
				"down": { "uv": [ 3, 6.4, 4, 8.4 ], "texture": "#2", "rotation": 90 },
				"up": { "uv": [ 3, 7.6, 4, 9.6 ], "texture": "#2", "rotation": 270 },
				"north": { "uv": [ 7.6, 12, 9.6, 16 ], "texture": "#2" },
				"south": { "uv": [ 8.4, 16, 6.4, 12 ], "texture": "#2" },
				"west": { "uv": [ 3, 12, 4, 16 ], "texture": "#2" },
				"east": { "uv": [ 12, 12, 13, 16 ], "texture": "#2" }
			}
		},
		{
			"from": [ 6.5, 1, 1 ],
			"to": [ 8.5, 3, 3 ],
			"faces": {
				"down": { "uv": [ 1, 6.4, 3, 8.4 ], "texture": "#2", "rotation": 90 },
				"up": { "uv": [ 1, 7.6, 3, 9.6 ], "texture": "#2", "rotation": 270 },
				"north": { "uv": [ 7.6, 13, 9.6, 15 ], "texture": "#2" },
				"west": { "uv": [ 1, 13, 3, 15 ], "texture": "#2" },
				"east": { "uv": [ 13, 13, 15, 15 ], "texture": "#2" }
			}
		},
		{
			"from": [ 6.5, 1, 4 ],
			"to": [ 8.5, 3, 6 ],
			"faces": {
				"down": { "uv": [ 4, 6.4, 6, 8.4 ], "texture": "#2", "rotation": 90 },
				"up": { "uv": [ 4, 7.6, 6, 9.6 ], "texture": "#2", "rotation": 270 },
				"south": { "uv": [ 8.4, 15, 6.4, 13 ], "texture": "#2" },
				"west": { "uv": [ 4, 13, 6, 15 ], "texture": "#2" },
				"east": { "uv": [ 10, 13, 12, 15 ], "texture": "#2" }
			}
		},
		{
			"from": [ 6.5, 0, 2 ],
			"to": [ 8.5, 1, 3 ],
			"faces": {
				"down": { "uv": [ 2, 6.4, 3, 8.4 ], "texture": "#2", "rotation": 90 },
				"north": { "uv": [ 7.6, 15, 9.6, 16 ], "texture": "#2" },
				"west": { "uv": [ 2, 15, 3, 16 ], "texture": "#2" },
				"east": { "uv": [ 13, 15, 14, 16 ], "texture": "#2" }
			}
		},
		{
			"from": [ 6.5, 0, 4 ],
			"to": [ 8.5, 1, 5 ],
			"faces": {
				"down": { "uv": [ 4, 6.4, 5, 8.4 ], "texture": "#2", "rotation": 90 },
				"south": { "uv": [ 8.4, 16, 6.4, 15 ], "texture": "#2" },
				"west": { "uv": [ 4, 15, 5, 16 ], "texture": "#2" },
				"east": { "uv": [ 11, 15, 12, 16 ], "texture": "#2" }
			}
		},
		{
			"from": [ 7.3, 4.85, 3.8 ],
			"to": [ 8.299999, 5.85, 4.8 ],
			"faces": {
				"down": { "uv": [ 3.8, 7.3, 4.8, 8.3 ], "texture": "#3", "rotation": 90 },
				"up": { "uv": [ 3.8, 7.7, 4.8, 8.7 ], "texture": "#3", "rotation": 270 },
				"north": { "uv": [ 7.7, 10.15, 8.7, 11.15 ], "texture": "#3" },
				"south": { "uv": [ 8.3, 11.15, 7.3, 10.15 ], "texture": "#3" },
				"west": { "uv": [ 3.8, 10.15, 4.8, 11.15 ], "texture": "#3" },
				"east": { "uv": [ 11.2, 10.15, 12.2, 11.15 ], "texture": "#3" }
			}
		},
		{
			"from": [ 5.9, 3.85, 3.8 ],
			"to": [ 6.9, 4.85, 4.8 ],
			"faces": {
				"down": { "uv": [ 3.8, 5.9, 4.8, 6.9 ], "texture": "#3", "rotation": 90 },
				"up": { "uv": [ 3.8, 9.1, 4.8, 10.1 ], "texture": "#3", "rotation": 270 },
				"north": { "uv": [ 9.1, 11.15, 10.1, 12.15 ], "texture": "#3" },
				"south": { "uv": [ 6.9, 12.15, 5.9, 11.15 ], "texture": "#3" },
				"west": { "uv": [ 3.8, 11.15, 4.8, 12.15 ], "texture": "#3" },
				"east": { "uv": [ 11.2, 11.15, 12.2, 12.15 ], "texture": "#3" }
			}
		}
	]
}