{
	"__comment": "Designed by CreatorLabs with Cubik Studio - https://cubik.studio - Download at https://www.planetminecraft.com/texture_pack/3d-creatorcraft/",
	"textures": {
		"2": "3d_decoration/flower_stem",
		"3": "3d_decoration/double_plant_paeonia",
		"particle": "blocks/double_plant_paeonia_bottom"
	},
	"elements": [ 	 
		{
			"from": [ 4, 10, 8.95 ],
			"to": [ 5, 16, 9.95 ],
			"faces": {
				"down": { "uv": [ 4, 6.05, 5, 7.05 ], "texture": "#2" },
				"up": { "uv": [ 4, 8.95, 5, 9.95 ], "texture": "#2" },
				"north": { "uv": [ 11, 0, 12, 6 ], "texture": "#2" },
				"south": { "uv": [ 4, 0, 5, 6 ], "texture": "#2" },
				"west": { "uv": [ 8.95, 0, 9.95, 6 ], "texture": "#2" },
				"east": { "uv": [ 7.05, 6, 6.05, 0 ], "texture": "#2" }
			}
		},
		{
			"from": [ 5, 0, 8.349999 ],
			"to": [ 6, 16, 9.349999 ],
			"faces": {
				"down": { "uv": [ 5, 6.65, 6, 7.65 ], "texture": "#2" },
				"up": { "uv": [ 5, 8.35, 6, 9.35 ], "texture": "#2" },
				"north": { "uv": [ 10, 0, 11, 16 ], "texture": "#2" },
				"south": { "uv": [ 5, 0, 6, 16 ], "texture": "#2" },
				"west": { "uv": [ 8.35, 0, 9.35, 16 ], "texture": "#2" },
				"east": { "uv": [ 7.65, 16, 6.65, 0 ], "texture": "#2" }
			}
		},
		{
			"from": [ 6, 0, 8.55 ],
			"to": [ 7, 16, 9.55 ],
			"faces": {
				"down": { "uv": [ 6, 6.45, 7, 7.45 ], "texture": "#2" },
				"up": { "uv": [ 6, 8.55, 7, 9.55 ], "texture": "#2" },
				"north": { "uv": [ 9, 0, 10, 16 ], "texture": "#2" },
				"south": { "uv": [ 6, 0, 7, 16 ], "texture": "#2" },
				"west": { "uv": [ 8.55, 0, 9.55, 16 ], "texture": "#2" },
				"east": { "uv": [ 7.45, 16, 6.45, 0 ], "texture": "#2" }
			}
		},
		{
			"from": [ 7, 0, 8 ],
			"to": [ 8, 16, 9 ],
			"faces": {
				"down": { "uv": [ 7, 7, 8, 8 ], "texture": "#2" },
				"up": { "uv": [ 7, 8, 8, 9 ], "texture": "#2" },
				"north": { "uv": [ 8, 0, 9, 16 ], "texture": "#2" },
				"south": { "uv": [ 7, 0, 8, 16 ], "texture": "#2" },
				"west": { "uv": [ 8, 0, 9, 16 ], "texture": "#2" },
				"east": { "uv": [ 8, 16, 7, 0 ], "texture": "#2" }
			}
		},
		{
			"from": [ 8, 0, 7.45 ],
			"to": [ 9, 16, 8.45 ],
			"faces": {
				"down": { "uv": [ 8, 7.55, 9, 8.55 ], "texture": "#2" },
				"up": { "uv": [ 8, 7.45, 9, 8.45 ], "texture": "#2" },
				"north": { "uv": [ 7, 0, 8, 16 ], "texture": "#2" },
				"south": { "uv": [ 8, 0, 9, 16 ], "texture": "#2" },
				"west": { "uv": [ 7.45, 0, 8.45, 16 ], "texture": "#2" },
				"east": { "uv": [ 8.55, 16, 7.55, 0 ], "texture": "#2" }
			}
		},
		{
			"from": [ 9, 0, 8 ],
			"to": [ 10, 16, 9 ],
			"faces": {
				"down": { "uv": [ 9, 7, 10, 8 ], "texture": "#2" },
				"up": { "uv": [ 9, 8, 10, 9 ], "texture": "#2" },
				"north": { "uv": [ 6, 0, 7, 16 ], "texture": "#2" },
				"south": { "uv": [ 9, 0, 10, 16 ], "texture": "#2" },
				"west": { "uv": [ 8, 0, 9, 16 ], "texture": "#2" },
				"east": { "uv": [ 8, 16, 7, 0 ], "texture": "#2" }
			}
		},
		{
			"from": [ 10, 7, 8.55 ],
			"to": [ 11, 16, 9.55 ],
			"faces": {
				"down": { "uv": [ 10, 6.45, 11, 7.45 ], "texture": "#2" },
				"up": { "uv": [ 10, 8.55, 11, 9.55 ], "texture": "#2" },
				"north": { "uv": [ 5, 0, 6, 9 ], "texture": "#2" },
				"south": { "uv": [ 10, 0, 11, 9 ], "texture": "#2" },
				"west": { "uv": [ 8.55, 0, 9.55, 9 ], "texture": "#2" },
				"east": { "uv": [ 7.45, 9, 6.45, 0 ], "texture": "#2" }
			}
		},
		{
			"from": [ 11, 7, 8 ],
			"to": [ 12, 16, 9 ],
			"faces": {
				"down": { "uv": [ 11, 7, 12, 8 ], "texture": "#2" },
				"up": { "uv": [ 11, 8, 12, 9 ], "texture": "#2" },
				"north": { "uv": [ 4, 0, 5, 9 ], "texture": "#2" },
				"south": { "uv": [ 11, 0, 12, 9 ], "texture": "#2" },
				"west": { "uv": [ 8, 0, 9, 9 ], "texture": "#2" },
				"east": { "uv": [ 8, 9, 7, 0 ], "texture": "#2" }
			}
		},
		{
			"from": [ 12, 15, 8 ],
			"to": [ 13, 16, 9 ],
			"faces": {
				"down": { "uv": [ 12, 7, 13, 8 ], "texture": "#2" },
				"up": { "uv": [ 12, 8, 13, 9 ], "texture": "#2" },
				"north": { "uv": [ 3, 0, 4, 1 ], "texture": "#2" },
				"south": { "uv": [ 12, 0, 13, 1 ], "texture": "#2" },
				"west": { "uv": [ 8, 0, 9, 1 ], "texture": "#2" },
				"east": { "uv": [ 8, 1, 7, 0 ], "texture": "#2" }
			}
		},
		{
			"from": [ 1, 13, 8.7 ],
			"to": [ 2, 15, 9.7 ],
			"faces": {
				"down": { "uv": [ 1, 6.3, 2, 7.3 ], "texture": "#2" },
				"up": { "uv": [ 1, 8.7, 2, 9.7 ], "texture": "#2" },
				"north": { "uv": [ 14, 1, 15, 3 ], "texture": "#2" },
				"south": { "uv": [ 1, 1, 2, 3 ], "texture": "#2" },
				"west": { "uv": [ 8.7, 1, 9.7, 3 ], "texture": "#2" },
				"east": { "uv": [ 7.3, 3, 6.3, 1 ], "texture": "#2" }
			}
		},
		{
			"from": [ 2, 13, 9.05 ],
			"to": [ 3, 15, 10.05 ],
			"faces": {
				"down": { "uv": [ 2, 5.95, 3, 6.95 ], "texture": "#2" },
				"up": { "uv": [ 2, 9.05, 3, 10.05 ], "texture": "#2" },
				"north": { "uv": [ 13, 1, 14, 3 ], "texture": "#2" },
				"south": { "uv": [ 2, 1, 3, 3 ], "texture": "#2" },
				"west": { "uv": [ 9.05, 1, 10.05, 3 ], "texture": "#2" },
				"east": { "uv": [ 6.95, 3, 5.95, 1 ], "texture": "#2" }
			}
		},
		{
			"from": [ 3, 11, 9.4 ],
			"to": [ 4, 14, 10.4 ],
			"faces": {
				"down": { "uv": [ 3, 5.6, 4, 6.6 ], "texture": "#2" },
				"up": { "uv": [ 3, 9.4, 4, 10.4 ], "texture": "#2" },
				"north": { "uv": [ 12, 2, 13, 5 ], "texture": "#2" },
				"south": { "uv": [ 3, 2, 4, 5 ], "texture": "#2" },
				"west": { "uv": [ 9.4, 2, 10.4, 5 ], "texture": "#2" },
				"east": { "uv": [ 6.6, 5, 5.6, 2 ], "texture": "#2" }
			}
		},
		{
			"from": [ 12, 9, 8.349999 ],
			"to": [ 13, 12, 9.349999 ],
			"faces": {
				"down": { "uv": [ 12, 6.65, 13, 7.65 ], "texture": "#2" },
				"up": { "uv": [ 12, 8.35, 13, 9.35 ], "texture": "#2" },
				"north": { "uv": [ 3, 4, 4, 7 ], "texture": "#2" },
				"south": { "uv": [ 12, 4, 13, 7 ], "texture": "#2" },
				"west": { "uv": [ 8.35, 4, 9.35, 7 ], "texture": "#2" },
				"east": { "uv": [ 7.65, 7, 6.65, 4 ], "texture": "#2" }
			}
		},
		{
			"from": [ 13, 9, 8.65 ],
			"to": [ 14, 11, 9.65 ],
			"faces": {
				"down": { "uv": [ 13, 6.35, 14, 7.35 ], "texture": "#2" },
				"up": { "uv": [ 13, 8.65, 14, 9.65 ], "texture": "#2" },
				"north": { "uv": [ 2, 5, 3, 7 ], "texture": "#2" },
				"south": { "uv": [ 13, 5, 14, 7 ], "texture": "#2" },
				"west": { "uv": [ 8.65, 5, 9.65, 7 ], "texture": "#2" },
				"east": { "uv": [ 7.35, 7, 6.35, 5 ], "texture": "#2" }
			}
		},
		{
			"from": [ 14, 10, 8.2 ],
			"to": [ 15, 11, 9.2 ],
			"faces": {
				"down": { "uv": [ 14, 6.8, 15, 7.8 ], "texture": "#2" },
				"up": { "uv": [ 14, 8.2, 15, 9.2 ], "texture": "#2" },
				"north": { "uv": [ 1, 5, 2, 6 ], "texture": "#2" },
				"south": { "uv": [ 14, 5, 15, 6 ], "texture": "#2" },
				"west": { "uv": [ 8.2, 5, 9.2, 6 ], "texture": "#2" },
				"east": { "uv": [ 7.8, 6, 6.8, 5 ], "texture": "#2" }
			}
		},
		{
			"from": [ 1, 9, 7.4 ],
			"to": [ 2, 10, 8.4 ],
			"faces": {
				"down": { "uv": [ 1, 7.6, 2, 8.6 ], "texture": "#2" },
				"up": { "uv": [ 1, 7.4, 2, 8.4 ], "texture": "#2" },
				"north": { "uv": [ 14, 6, 15, 7 ], "texture": "#2" },
				"south": { "uv": [ 1, 6, 2, 7 ], "texture": "#2" },
				"west": { "uv": [ 7.4, 6, 8.4, 7 ], "texture": "#2" },
				"east": { "uv": [ 8.6, 7, 7.6, 6 ], "texture": "#2" }
			}
		},
		{
			"from": [ 2, 8, 7.65 ],
			"to": [ 3, 10, 8.65 ],
			"faces": {
				"down": { "uv": [ 2, 7.35, 3, 8.35 ], "texture": "#2" },
				"up": { "uv": [ 2, 7.65, 3, 8.65 ], "texture": "#2" },
				"north": { "uv": [ 13, 6, 14, 8 ], "texture": "#2" },
				"south": { "uv": [ 2, 6, 3, 8 ], "texture": "#2" },
				"west": { "uv": [ 7.65, 6, 8.65, 8 ], "texture": "#2" },
				"east": { "uv": [ 8.35, 8, 7.35, 6 ], "texture": "#2" }
			}
		},
		{
			"from": [ 3, 4, 8 ],
			"to": [ 4, 10, 9 ],
			"faces": {
				"down": { "uv": [ 3, 7, 4, 8 ], "texture": "#2" },
				"up": { "uv": [ 3, 8, 4, 9 ], "texture": "#2" },
				"north": { "uv": [ 12, 6, 13, 12 ], "texture": "#2" },
				"south": { "uv": [ 3, 6, 4, 12 ], "texture": "#2" },
				"west": { "uv": [ 8, 6, 9, 12 ], "texture": "#2" },
				"east": { "uv": [ 8, 12, 7, 6 ], "texture": "#2" }
			}
		},
		{
			"from": [ 4, 3, 8 ],
			"to": [ 5, 9, 9 ],
			"faces": {
				"down": { "uv": [ 4, 7, 5, 8 ], "texture": "#2" },
				"up": { "uv": [ 4, 8, 5, 9 ], "texture": "#2" },
				"north": { "uv": [ 11, 7, 12, 13 ], "texture": "#2" },
				"south": { "uv": [ 4, 7, 5, 13 ], "texture": "#2" },
				"west": { "uv": [ 8, 7, 9, 13 ], "texture": "#2" },
				"east": { "uv": [ 8, 13, 7, 7 ], "texture": "#2" }
			}
		},
		{
			"from": [ 1, 5, 8.65 ],
			"to": [ 2, 7, 9.65 ],
			"faces": {
				"down": { "uv": [ 1, 6.35, 2, 7.35 ], "texture": "#2" },
				"up": { "uv": [ 1, 8.65, 2, 9.65 ], "texture": "#2" },
				"north": { "uv": [ 14, 9, 15, 11 ], "texture": "#2" },
				"south": { "uv": [ 1, 9, 2, 11 ], "texture": "#2" },
				"west": { "uv": [ 8.65, 9, 9.65, 11 ], "texture": "#2" },
				"east": { "uv": [ 7.35, 11, 6.35, 9 ], "texture": "#2" }
			}
		},
		{
			"from": [ 2, 5, 8.3 ],
			"to": [ 3, 7, 9.3 ],
			"faces": {
				"down": { "uv": [ 2, 6.7, 3, 7.7 ], "texture": "#2" },
				"up": { "uv": [ 2, 8.3, 3, 9.3 ], "texture": "#2" },
				"north": { "uv": [ 13, 9, 14, 11 ], "texture": "#2" },
				"south": { "uv": [ 2, 9, 3, 11 ], "texture": "#2" },
				"west": { "uv": [ 8.3, 9, 9.3, 11 ], "texture": "#2" },
				"east": { "uv": [ 7.7, 11, 6.7, 9 ], "texture": "#2" }
			}
		},
		{
			"from": [ 12, 4, 8 ],
			"to": [ 13, 7, 9 ],
			"faces": {
				"down": { "uv": [ 12, 7, 13, 8 ], "texture": "#2" },
				"up": { "uv": [ 12, 8, 13, 9 ], "texture": "#2" },
				"north": { "uv": [ 3, 9, 4, 12 ], "texture": "#2" },
				"south": { "uv": [ 12, 9, 13, 12 ], "texture": "#2" },
				"west": { "uv": [ 8, 9, 9, 12 ], "texture": "#2" },
				"east": { "uv": [ 8, 12, 7, 9 ], "texture": "#2" }
			}
		},
		{
			"from": [ 13, 5, 8 ],
			"to": [ 14, 7, 9 ],
			"faces": {
				"down": { "uv": [ 13, 7, 14, 8 ], "texture": "#2" },
				"up": { "uv": [ 13, 8, 14, 9 ], "texture": "#2" },
				"north": { "uv": [ 2, 9, 3, 11 ], "texture": "#2" },
				"south": { "uv": [ 13, 9, 14, 11 ], "texture": "#2" },
				"west": { "uv": [ 8, 9, 9, 11 ], "texture": "#2" },
				"east": { "uv": [ 8, 11, 7, 9 ], "texture": "#2" }
			}
		},
		{
			"from": [ 14, 6, 8 ],
			"to": [ 15, 7, 9 ],
			"faces": {
				"down": { "uv": [ 14, 7, 15, 8 ], "texture": "#2" },
				"up": { "uv": [ 14, 8, 15, 9 ], "texture": "#2" },
				"north": { "uv": [ 1, 9, 2, 10 ], "texture": "#2" },
				"south": { "uv": [ 14, 9, 15, 10 ], "texture": "#2" },
				"west": { "uv": [ 8, 9, 9, 10 ], "texture": "#2" },
				"east": { "uv": [ 8, 10, 7, 9 ], "texture": "#2" }
			}
		},
		{
			"from": [ 10, 3, 8 ],
			"to": [ 11, 6, 9 ],
			"faces": {
				"down": { "uv": [ 10, 7, 11, 8 ], "texture": "#2" },
				"up": { "uv": [ 10, 8, 11, 9 ], "texture": "#2" },
				"north": { "uv": [ 5, 10, 6, 13 ], "texture": "#2" },
				"south": { "uv": [ 10, 10, 11, 13 ], "texture": "#2" },
				"west": { "uv": [ 8, 10, 9, 13 ], "texture": "#2" },
				"east": { "uv": [ 8, 13, 7, 10 ], "texture": "#2" }
			}
		},
		{
			"from": [ 11, 4, 8 ],
			"to": [ 12, 6, 9 ],
			"faces": {
				"down": { "uv": [ 11, 7, 12, 8 ], "texture": "#2" },
				"up": { "uv": [ 11, 8, 12, 9 ], "texture": "#2" },
				"north": { "uv": [ 4, 10, 5, 12 ], "texture": "#2" },
				"south": { "uv": [ 11, 10, 12, 12 ], "texture": "#2" },
				"west": { "uv": [ 8, 10, 9, 12 ], "texture": "#2" },
				"east": { "uv": [ 8, 12, 7, 10 ], "texture": "#2" }
			}
		},
		{
			"from": [ 8.7, 9.65, 9 ],
			"to": [ 11.7, 12.65, 10.5 ],
			"faces": {
				"down": { "uv": [ 8.7, 5.5, 11.7, 7 ], "texture": "#3" },
				"up": { "uv": [ 8.7, 9, 11.7, 10.5 ], "texture": "#3" },
				"north": { "uv": [ 4.3, 3.35, 7.3, 6.35 ], "texture": "#3" },
				"south": { "uv": [ 8.7, 3.35, 11.7, 6.35 ], "texture": "#3" },
				"west": { "uv": [ 9, 3.35, 10.5, 6.35 ], "texture": "#3" },
				"east": { "uv": [ 7, 6.35, 5.5, 3.35 ], "texture": "#3" }
			}
		},
		{
			"from": [ 7.7, 9.65, 9 ],
			"to": [ 8.7, 11.65, 10.5 ],
			"faces": {
				"down": { "uv": [ 7.7, 5.5, 8.7, 7 ], "texture": "#3" },
				"up": { "uv": [ 7.7, 9, 8.7, 10.5 ], "texture": "#3" },
				"north": { "uv": [ 7.3, 4.35, 8.3, 6.35 ], "texture": "#3" },
				"south": { "uv": [ 7.7, 4.35, 8.7, 6.35 ], "texture": "#3" },
				"west": { "uv": [ 9, 4.35, 10.5, 6.35 ], "texture": "#3" },
				"east": { "uv": [ 7, 6.35, 5.5, 4.35 ], "texture": "#3" }
			}
		},
		{
			"from": [ 11.7, 10.65, 9 ],
			"to": [ 12.7, 11.65, 10.5 ],
			"faces": {
				"down": { "uv": [ 11.7, 5.5, 12.7, 7 ], "texture": "#3" },
				"up": { "uv": [ 11.7, 9, 12.7, 10.5 ], "texture": "#3" },
				"north": { "uv": [ 3.3, 4.35, 4.3, 5.35 ], "texture": "#3" },
				"south": { "uv": [ 11.7, 4.35, 12.7, 5.35 ], "texture": "#3" },
				"west": { "uv": [ 9, 4.35, 10.5, 5.35 ], "texture": "#3" },
				"east": { "uv": [ 7, 5.35, 5.5, 4.35 ], "texture": "#3" }
			}
		},
		{
			"from": [ 8.7, 8.65, 9 ],
			"to": [ 10.7, 9.65, 10.5 ],
			"faces": {
				"down": { "uv": [ 8.7, 5.5, 10.7, 7 ], "texture": "#3" },
				"up": { "uv": [ 8.7, 9, 10.7, 10.5 ], "texture": "#3" },
				"north": { "uv": [ 5.3, 6.35, 7.3, 7.35 ], "texture": "#3" },
				"south": { "uv": [ 8.7, 6.35, 10.7, 7.35 ], "texture": "#3" },
				"west": { "uv": [ 9, 6.35, 10.5, 7.35 ], "texture": "#3" },
				"east": { "uv": [ 7, 7.35, 5.5, 6.35 ], "texture": "#3" }
			}
		},
		{
			"from": [ 4.3, 9.8, 7.25 ],
			"to": [ 7.3, 12.8, 8.75 ],
			"faces": {
				"down": { "uv": [ 4.3, 7.25, 7.3, 8.75 ], "texture": "#3" },
				"up": { "uv": [ 4.3, 7.25, 7.3, 8.75 ], "texture": "#3" },
				"north": { "uv": [ 8.7, 3.2, 11.7, 6.2 ], "texture": "#3" },
				"south": { "uv": [ 4.3, 3.2, 7.3, 6.2 ], "texture": "#3" },
				"west": { "uv": [ 7.25, 3.2, 8.75, 6.2 ], "texture": "#3" },
				"east": { "uv": [ 8.75, 6.2, 7.25, 3.2 ], "texture": "#3" }
			}
		},
		{
			"from": [ 7.3, 9.8, 7.25 ],
			"to": [ 8.299999, 11.8, 8.75 ],
			"faces": {
				"down": { "uv": [ 7.3, 7.25, 8.3, 8.75 ], "texture": "#3" },
				"up": { "uv": [ 7.3, 7.25, 8.3, 8.75 ], "texture": "#3" },
				"north": { "uv": [ 7.7, 4.2, 8.7, 6.2 ], "texture": "#3" },
				"south": { "uv": [ 7.3, 4.2, 8.3, 6.2 ], "texture": "#3" },
				"west": { "uv": [ 7.25, 4.2, 8.75, 6.2 ], "texture": "#3" },
				"east": { "uv": [ 8.75, 6.2, 7.25, 4.2 ], "texture": "#3" }
			}
		},
		{
			"from": [ 3.3, 10.8, 7.25 ],
			"to": [ 4.3, 11.8, 8.75 ],
			"faces": {
				"down": { "uv": [ 3.3, 7.25, 4.3, 8.75 ], "texture": "#3" },
				"up": { "uv": [ 3.3, 7.25, 4.3, 8.75 ], "texture": "#3" },
				"north": { "uv": [ 11.7, 4.2, 12.7, 5.2 ], "texture": "#3" },
				"south": { "uv": [ 3.3, 4.2, 4.3, 5.2 ], "texture": "#3" },
				"west": { "uv": [ 7.25, 4.2, 8.75, 5.2 ], "texture": "#3" },
				"east": { "uv": [ 8.75, 5.2, 7.25, 4.2 ], "texture": "#3" }
			}
		},
		{
			"from": [ 5.3, 8.8, 7.25 ],
			"to": [ 7.3, 9.8, 8.75 ],
			"faces": {
				"down": { "uv": [ 5.3, 7.25, 7.3, 8.75 ], "texture": "#3" },
				"up": { "uv": [ 5.3, 7.25, 7.3, 8.75 ], "texture": "#3" },
				"north": { "uv": [ 8.7, 6.2, 10.7, 7.2 ], "texture": "#3" },
				"south": { "uv": [ 5.3, 6.2, 7.3, 7.2 ], "texture": "#3" },
				"west": { "uv": [ 7.25, 6.2, 8.75, 7.2 ], "texture": "#3" },
				"east": { "uv": [ 8.75, 7.2, 7.25, 6.2 ], "texture": "#3" }
			}
		},
		{
			"from": [ 6.05, 10, 4 ],
			"to": [ 7.05, 16, 5 ],
			"faces": {
				"down": { "uv": [ 4, 6.05, 5, 7.05 ], "texture": "#2", "rotation": 270 },
				"up": { "uv": [ 4, 8.95, 5, 9.95 ], "texture": "#2", "rotation": 270 },
				"north": { "uv": [ 8.95, 0, 9.95, 6 ], "texture": "#2" },
				"south": { "uv": [ 7.05, 6, 6.05, 0 ], "texture": "#2" },
				"west": { "uv": [ 4, 0, 5, 6 ], "texture": "#2" },
				"east": { "uv": [ 11, 0, 12, 6 ], "texture": "#2" }
			}
		},
		{
			"from": [ 6.65, 0, 5 ],
			"to": [ 7.65, 16, 6 ],
			"faces": {
				"down": { "uv": [ 5, 6.65, 6, 7.65 ], "texture": "#2", "rotation": 270 },
				"up": { "uv": [ 5, 8.35, 6, 9.35 ], "texture": "#2", "rotation": 270 },
				"north": { "uv": [ 8.35, 0, 9.35, 16 ], "texture": "#2" },
				"south": { "uv": [ 7.65, 16, 6.65, 0 ], "texture": "#2" },
				"west": { "uv": [ 5, 0, 6, 16 ], "texture": "#2" },
				"east": { "uv": [ 10, 0, 11, 16 ], "texture": "#2" }
			}
		},
		{
			"from": [ 6.45, 0, 6 ],
			"to": [ 7.45, 16, 7 ],
			"faces": {
				"down": { "uv": [ 6, 6.45, 7, 7.45 ], "texture": "#2", "rotation": 270 },
				"up": { "uv": [ 6, 8.55, 7, 9.55 ], "texture": "#2", "rotation": 270 },
				"north": { "uv": [ 8.55, 0, 9.55, 16 ], "texture": "#2" },
				"south": { "uv": [ 7.45, 16, 6.45, 0 ], "texture": "#2" },
				"west": { "uv": [ 6, 0, 7, 16 ], "texture": "#2" },
				"east": { "uv": [ 9, 0, 10, 16 ], "texture": "#2" }
			}
		},
		{
			"from": [ 7, 0, 7 ],
			"to": [ 8, 16, 8 ],
			"faces": {
				"down": { "uv": [ 7, 7, 8, 8 ], "texture": "#2", "rotation": 270 },
				"up": { "uv": [ 7, 8, 8, 9 ], "texture": "#2", "rotation": 270 },
				"north": { "uv": [ 8, 0, 9, 16 ], "texture": "#2" },
				"south": { "uv": [ 8, 16, 7, 0 ], "texture": "#2" },
				"west": { "uv": [ 7, 0, 8, 16 ], "texture": "#2" },
				"east": { "uv": [ 8, 0, 9, 16 ], "texture": "#2" }
			}
		},
		{
			"from": [ 7, 0, 9 ],
			"to": [ 8, 16, 10 ],
			"faces": {
				"down": { "uv": [ 9, 7, 10, 8 ], "texture": "#2", "rotation": 270 },
				"up": { "uv": [ 9, 8, 10, 9 ], "texture": "#2", "rotation": 270 },
				"north": { "uv": [ 8, 0, 9, 16 ], "texture": "#2" },
				"south": { "uv": [ 8, 16, 7, 0 ], "texture": "#2" },
				"west": { "uv": [ 9, 0, 10, 16 ], "texture": "#2" },
				"east": { "uv": [ 6, 0, 7, 16 ], "texture": "#2" }
			}
		},
		{
			"from": [ 6.45, 7, 10 ],
			"to": [ 7.45, 16, 11 ],
			"faces": {
				"down": { "uv": [ 10, 6.45, 11, 7.45 ], "texture": "#2", "rotation": 270 },
				"up": { "uv": [ 10, 8.55, 11, 9.55 ], "texture": "#2", "rotation": 270 },
				"north": { "uv": [ 8.55, 0, 9.55, 9 ], "texture": "#2" },
				"south": { "uv": [ 7.45, 9, 6.45, 0 ], "texture": "#2" },
				"west": { "uv": [ 10, 0, 11, 9 ], "texture": "#2" },
				"east": { "uv": [ 5, 0, 6, 9 ], "texture": "#2" }
			}
		},
		{
			"from": [ 7, 7, 11 ],
			"to": [ 8, 16, 12 ],
			"faces": {
				"down": { "uv": [ 11, 7, 12, 8 ], "texture": "#2", "rotation": 270 },
				"up": { "uv": [ 11, 8, 12, 9 ], "texture": "#2", "rotation": 270 },
				"north": { "uv": [ 8, 0, 9, 9 ], "texture": "#2" },
				"south": { "uv": [ 8, 9, 7, 0 ], "texture": "#2" },
				"west": { "uv": [ 11, 0, 12, 9 ], "texture": "#2" },
				"east": { "uv": [ 4, 0, 5, 9 ], "texture": "#2" }
			}
		},
		{
			"from": [ 7, 15, 12 ],
			"to": [ 8, 16, 13 ],
			"faces": {
				"down": { "uv": [ 12, 7, 13, 8 ], "texture": "#2", "rotation": 270 },
				"up": { "uv": [ 12, 8, 13, 9 ], "texture": "#2", "rotation": 270 },
				"north": { "uv": [ 8, 0, 9, 1 ], "texture": "#2" },
				"south": { "uv": [ 8, 1, 7, 0 ], "texture": "#2" },
				"west": { "uv": [ 12, 0, 13, 1 ], "texture": "#2" },
				"east": { "uv": [ 3, 0, 4, 1 ], "texture": "#2" }
			}
		},
		{
			"from": [ 6.3, 13, 1 ],
			"to": [ 7.3, 15, 2 ],
			"faces": {
				"down": { "uv": [ 1, 6.3, 2, 7.3 ], "texture": "#2", "rotation": 270 },
				"up": { "uv": [ 1, 8.7, 2, 9.7 ], "texture": "#2", "rotation": 270 },
				"north": { "uv": [ 8.7, 1, 9.7, 3 ], "texture": "#2" },
				"south": { "uv": [ 7.3, 3, 6.3, 1 ], "texture": "#2" },
				"west": { "uv": [ 1, 1, 2, 3 ], "texture": "#2" },
				"east": { "uv": [ 14, 1, 15, 3 ], "texture": "#2" }
			}
		},
		{
			"from": [ 5.95, 13, 2 ],
			"to": [ 6.95, 15, 3 ],
			"faces": {
				"down": { "uv": [ 2, 5.95, 3, 6.95 ], "texture": "#2", "rotation": 270 },
				"up": { "uv": [ 2, 9.05, 3, 10.05 ], "texture": "#2", "rotation": 270 },
				"north": { "uv": [ 9.05, 1, 10.05, 3 ], "texture": "#2" },
				"south": { "uv": [ 6.95, 3, 5.95, 1 ], "texture": "#2" },
				"west": { "uv": [ 2, 1, 3, 3 ], "texture": "#2" },
				"east": { "uv": [ 13, 1, 14, 3 ], "texture": "#2" }
			}
		},
		{
			"from": [ 5.6, 11, 3 ],
			"to": [ 6.6, 14, 4 ],
			"faces": {
				"down": { "uv": [ 3, 5.6, 4, 6.6 ], "texture": "#2", "rotation": 270 },
				"up": { "uv": [ 3, 9.4, 4, 10.4 ], "texture": "#2", "rotation": 270 },
				"north": { "uv": [ 9.4, 2, 10.4, 5 ], "texture": "#2" },
				"south": { "uv": [ 6.6, 5, 5.6, 2 ], "texture": "#2" },
				"west": { "uv": [ 3, 2, 4, 5 ], "texture": "#2" },
				"east": { "uv": [ 12, 2, 13, 5 ], "texture": "#2" }
			}
		},
		{
			"from": [ 6.65, 9, 12 ],
			"to": [ 7.65, 12, 13 ],
			"faces": {
				"down": { "uv": [ 12, 6.65, 13, 7.65 ], "texture": "#2", "rotation": 270 },
				"up": { "uv": [ 12, 8.35, 13, 9.35 ], "texture": "#2", "rotation": 270 },
				"north": { "uv": [ 8.35, 4, 9.35, 7 ], "texture": "#2" },
				"south": { "uv": [ 7.65, 7, 6.65, 4 ], "texture": "#2" },
				"west": { "uv": [ 12, 4, 13, 7 ], "texture": "#2" },
				"east": { "uv": [ 3, 4, 4, 7 ], "texture": "#2" }
			}
		},
		{
			"from": [ 6.35, 9, 13 ],
			"to": [ 7.35, 11, 14 ],
			"faces": {
				"down": { "uv": [ 13, 6.35, 14, 7.35 ], "texture": "#2", "rotation": 270 },
				"up": { "uv": [ 13, 8.65, 14, 9.65 ], "texture": "#2", "rotation": 270 },
				"north": { "uv": [ 8.65, 5, 9.65, 7 ], "texture": "#2" },
				"south": { "uv": [ 7.35, 7, 6.35, 5 ], "texture": "#2" },
				"west": { "uv": [ 13, 5, 14, 7 ], "texture": "#2" },
				"east": { "uv": [ 2, 5, 3, 7 ], "texture": "#2" }
			}
		},
		{
			"from": [ 6.8, 10, 14 ],
			"to": [ 7.8, 11, 15 ],
			"faces": {
				"down": { "uv": [ 14, 6.8, 15, 7.8 ], "texture": "#2", "rotation": 270 },
				"up": { "uv": [ 14, 8.2, 15, 9.2 ], "texture": "#2", "rotation": 270 },
				"north": { "uv": [ 8.2, 5, 9.2, 6 ], "texture": "#2" },
				"south": { "uv": [ 7.8, 6, 6.8, 5 ], "texture": "#2" },
				"west": { "uv": [ 14, 5, 15, 6 ], "texture": "#2" },
				"east": { "uv": [ 1, 5, 2, 6 ], "texture": "#2" }
			}
		},
		{
			"from": [ 7.6, 9, 1 ],
			"to": [ 8.6, 10, 2 ],
			"faces": {
				"down": { "uv": [ 1, 7.6, 2, 8.6 ], "texture": "#2", "rotation": 270 },
				"up": { "uv": [ 1, 7.4, 2, 8.4 ], "texture": "#2", "rotation": 270 },
				"north": { "uv": [ 7.4, 6, 8.4, 7 ], "texture": "#2" },
				"south": { "uv": [ 8.6, 7, 7.6, 6 ], "texture": "#2" },
				"west": { "uv": [ 1, 6, 2, 7 ], "texture": "#2" },
				"east": { "uv": [ 14, 6, 15, 7 ], "texture": "#2" }
			}
		},
		{
			"from": [ 7.35, 8, 2 ],
			"to": [ 8.35, 10, 3 ],
			"faces": {
				"down": { "uv": [ 2, 7.35, 3, 8.35 ], "texture": "#2", "rotation": 270 },
				"up": { "uv": [ 2, 7.65, 3, 8.65 ], "texture": "#2", "rotation": 270 },
				"north": { "uv": [ 7.65, 6, 8.65, 8 ], "texture": "#2" },
				"south": { "uv": [ 8.35, 8, 7.35, 6 ], "texture": "#2" },
				"west": { "uv": [ 2, 6, 3, 8 ], "texture": "#2" },
				"east": { "uv": [ 13, 6, 14, 8 ], "texture": "#2" }
			}
		},
		{
			"from": [ 7, 4, 3 ],
			"to": [ 8, 10, 4 ],
			"faces": {
				"down": { "uv": [ 3, 7, 4, 8 ], "texture": "#2", "rotation": 270 },
				"up": { "uv": [ 3, 8, 4, 9 ], "texture": "#2", "rotation": 270 },
				"north": { "uv": [ 8, 6, 9, 12 ], "texture": "#2" },
				"south": { "uv": [ 8, 12, 7, 6 ], "texture": "#2" },
				"west": { "uv": [ 3, 6, 4, 12 ], "texture": "#2" },
				"east": { "uv": [ 12, 6, 13, 12 ], "texture": "#2" }
			}
		},
		{
			"from": [ 7, 3, 4 ],
			"to": [ 8, 9, 5 ],
			"faces": {
				"down": { "uv": [ 4, 7, 5, 8 ], "texture": "#2", "rotation": 270 },
				"up": { "uv": [ 4, 8, 5, 9 ], "texture": "#2", "rotation": 270 },
				"north": { "uv": [ 8, 7, 9, 13 ], "texture": "#2" },
				"south": { "uv": [ 8, 13, 7, 7 ], "texture": "#2" },
				"west": { "uv": [ 4, 7, 5, 13 ], "texture": "#2" },
				"east": { "uv": [ 11, 7, 12, 13 ], "texture": "#2" }
			}
		},
		{
			"from": [ 6.35, 5, 1 ],
			"to": [ 7.35, 7, 2 ],
			"faces": {
				"down": { "uv": [ 1, 6.35, 2, 7.35 ], "texture": "#2", "rotation": 270 },
				"up": { "uv": [ 1, 8.65, 2, 9.65 ], "texture": "#2", "rotation": 270 },
				"north": { "uv": [ 8.65, 9, 9.65, 11 ], "texture": "#2" },
				"south": { "uv": [ 7.35, 11, 6.35, 9 ], "texture": "#2" },
				"west": { "uv": [ 1, 9, 2, 11 ], "texture": "#2" },
				"east": { "uv": [ 14, 9, 15, 11 ], "texture": "#2" }
			}
		},
		{
			"from": [ 6.7, 5, 2 ],
			"to": [ 7.7, 7, 3 ],
			"faces": {
				"down": { "uv": [ 2, 6.7, 3, 7.7 ], "texture": "#2", "rotation": 270 },
				"up": { "uv": [ 2, 8.3, 3, 9.3 ], "texture": "#2", "rotation": 270 },
				"north": { "uv": [ 8.3, 9, 9.3, 11 ], "texture": "#2" },
				"south": { "uv": [ 7.7, 11, 6.7, 9 ], "texture": "#2" },
				"west": { "uv": [ 2, 9, 3, 11 ], "texture": "#2" },
				"east": { "uv": [ 13, 9, 14, 11 ], "texture": "#2" }
			}
		},
		{
			"from": [ 7, 4, 12 ],
			"to": [ 8, 7, 13 ],
			"faces": {
				"down": { "uv": [ 12, 7, 13, 8 ], "texture": "#2", "rotation": 270 },
				"up": { "uv": [ 12, 8, 13, 9 ], "texture": "#2", "rotation": 270 },
				"north": { "uv": [ 8, 9, 9, 12 ], "texture": "#2" },
				"south": { "uv": [ 8, 12, 7, 9 ], "texture": "#2" },
				"west": { "uv": [ 12, 9, 13, 12 ], "texture": "#2" },
				"east": { "uv": [ 3, 9, 4, 12 ], "texture": "#2" }
			}
		},
		{
			"from": [ 7, 5, 13 ],
			"to": [ 8, 7, 14 ],
			"faces": {
				"down": { "uv": [ 13, 7, 14, 8 ], "texture": "#2", "rotation": 270 },
				"up": { "uv": [ 13, 8, 14, 9 ], "texture": "#2", "rotation": 270 },
				"north": { "uv": [ 8, 9, 9, 11 ], "texture": "#2" },
				"south": { "uv": [ 8, 11, 7, 9 ], "texture": "#2" },
				"west": { "uv": [ 13, 9, 14, 11 ], "texture": "#2" },
				"east": { "uv": [ 2, 9, 3, 11 ], "texture": "#2" }
			}
		},
		{
			"from": [ 7, 6, 14 ],
			"to": [ 8, 7, 15 ],
			"faces": {
				"down": { "uv": [ 14, 7, 15, 8 ], "texture": "#2", "rotation": 270 },
				"up": { "uv": [ 14, 8, 15, 9 ], "texture": "#2", "rotation": 270 },
				"north": { "uv": [ 8, 9, 9, 10 ], "texture": "#2" },
				"south": { "uv": [ 8, 10, 7, 9 ], "texture": "#2" },
				"west": { "uv": [ 14, 9, 15, 10 ], "texture": "#2" },
				"east": { "uv": [ 1, 9, 2, 10 ], "texture": "#2" }
			}
		},
		{
			"from": [ 7, 3, 10 ],
			"to": [ 8, 6, 11 ],
			"faces": {
				"down": { "uv": [ 10, 7, 11, 8 ], "texture": "#2", "rotation": 270 },
				"up": { "uv": [ 10, 8, 11, 9 ], "texture": "#2", "rotation": 270 },
				"north": { "uv": [ 8, 10, 9, 13 ], "texture": "#2" },
				"south": { "uv": [ 8, 13, 7, 10 ], "texture": "#2" },
				"west": { "uv": [ 10, 10, 11, 13 ], "texture": "#2" },
				"east": { "uv": [ 5, 10, 6, 13 ], "texture": "#2" }
			}
		},
		{
			"from": [ 7, 4, 11 ],
			"to": [ 8, 6, 12 ],
			"faces": {
				"down": { "uv": [ 11, 7, 12, 8 ], "texture": "#2", "rotation": 270 },
				"up": { "uv": [ 11, 8, 12, 9 ], "texture": "#2", "rotation": 270 },
				"north": { "uv": [ 8, 10, 9, 12 ], "texture": "#2" },
				"south": { "uv": [ 8, 12, 7, 10 ], "texture": "#2" },
				"west": { "uv": [ 11, 10, 12, 12 ], "texture": "#2" },
				"east": { "uv": [ 4, 10, 5, 12 ], "texture": "#2" }
			}
		},
		{
			"from": [ 5.5, 9.65, 8.7 ],
			"to": [ 7, 12.65, 11.7 ],
			"faces": {
				"down": { "uv": [ 8.7, 5.5, 11.7, 7 ], "texture": "#3", "rotation": 90 },
				"up": { "uv": [ 8.7, 9, 11.7, 10.5 ], "texture": "#3", "rotation": 270 },
				"north": { "uv": [ 9, 3.35, 10.5, 6.35 ], "texture": "#3" },
				"south": { "uv": [ 7, 6.35, 5.5, 3.35 ], "texture": "#3" },
				"west": { "uv": [ 8.7, 3.35, 11.7, 6.35 ], "texture": "#3" },
				"east": { "uv": [ 4.3, 3.35, 7.3, 6.35 ], "texture": "#3" }
			}
		},
		{
			"from": [ 5.5, 9.65, 7.7 ],
			"to": [ 7, 11.65, 8.7 ],
			"faces": {
				"down": { "uv": [ 7.7, 5.5, 8.7, 7 ], "texture": "#3", "rotation": 90 },
				"up": { "uv": [ 7.7, 9, 8.7, 10.5 ], "texture": "#3", "rotation": 270 },
				"north": { "uv": [ 9, 4.35, 10.5, 6.35 ], "texture": "#3" },
				"south": { "uv": [ 7, 6.35, 5.5, 4.35 ], "texture": "#3" },
				"west": { "uv": [ 7.7, 4.35, 8.7, 6.35 ], "texture": "#3" },
				"east": { "uv": [ 7.3, 4.35, 8.3, 6.35 ], "texture": "#3" }
			}
		},
		{
			"from": [ 5.5, 10.65, 11.7 ],
			"to": [ 7, 11.65, 12.7 ],
			"faces": {
				"down": { "uv": [ 11.7, 5.5, 12.7, 7 ], "texture": "#3", "rotation": 90 },
				"up": { "uv": [ 11.7, 9, 12.7, 10.5 ], "texture": "#3", "rotation": 270 },
				"north": { "uv": [ 9, 4.35, 10.5, 5.35 ], "texture": "#3" },
				"south": { "uv": [ 7, 5.35, 5.5, 4.35 ], "texture": "#3" },
				"west": { "uv": [ 11.7, 4.35, 12.7, 5.35 ], "texture": "#3" },
				"east": { "uv": [ 3.3, 4.35, 4.3, 5.35 ], "texture": "#3" }
			}
		},
		{
			"from": [ 5.5, 8.65, 8.7 ],
			"to": [ 7, 9.65, 10.7 ],
			"faces": {
				"down": { "uv": [ 8.7, 5.5, 10.7, 7 ], "texture": "#3", "rotation": 90 },
				"up": { "uv": [ 8.7, 9, 10.7, 10.5 ], "texture": "#3", "rotation": 270 },
				"north": { "uv": [ 9, 6.35, 10.5, 7.35 ], "texture": "#3" },
				"south": { "uv": [ 7, 7.35, 5.5, 6.35 ], "texture": "#3" },
				"west": { "uv": [ 8.7, 6.35, 10.7, 7.35 ], "texture": "#3" },
				"east": { "uv": [ 5.3, 6.35, 7.3, 7.35 ], "texture": "#3" }
			}
		},
		{
			"from": [ 7.25, 9.8, 4.3 ],
			"to": [ 8.75, 12.8, 7.3 ],
			"faces": {
				"down": { "uv": [ 4.3, 7.25, 7.3, 8.75 ], "texture": "#3", "rotation": 270 },
				"up": { "uv": [ 4.3, 7.25, 7.3, 8.75 ], "texture": "#3", "rotation": 270 },
				"north": { "uv": [ 7.25, 3.2, 8.75, 6.2 ], "texture": "#3" },
				"south": { "uv": [ 8.75, 6.2, 7.25, 3.2 ], "texture": "#3" },
				"west": { "uv": [ 4.3, 3.2, 7.3, 6.2 ], "texture": "#3" },
				"east": { "uv": [ 8.7, 3.2, 11.7, 6.2 ], "texture": "#3" }
			}
		},
		{
			"from": [ 7.25, 9.8, 7.3 ],
			"to": [ 8.75, 11.8, 8.299999 ],
			"faces": {
				"down": { "uv": [ 7.3, 7.25, 8.3, 8.75 ], "texture": "#3", "rotation": 270 },
				"up": { "uv": [ 7.3, 7.25, 8.3, 8.75 ], "texture": "#3", "rotation": 270 },
				"north": { "uv": [ 7.25, 4.2, 8.75, 6.2 ], "texture": "#3" },
				"south": { "uv": [ 8.75, 6.2, 7.25, 4.2 ], "texture": "#3" },
				"west": { "uv": [ 7.3, 4.2, 8.3, 6.2 ], "texture": "#3" },
				"east": { "uv": [ 7.7, 4.2, 8.7, 6.2 ], "texture": "#3" }
			}
		},
		{
			"from": [ 7.25, 10.8, 3.3 ],
			"to": [ 8.75, 11.8, 4.3 ],
			"faces": {
				"down": { "uv": [ 3.3, 7.25, 4.3, 8.75 ], "texture": "#3", "rotation": 270 },
				"up": { "uv": [ 3.3, 7.25, 4.3, 8.75 ], "texture": "#3", "rotation": 270 },
				"north": { "uv": [ 7.25, 4.2, 8.75, 5.2 ], "texture": "#3" },
				"south": { "uv": [ 8.75, 5.2, 7.25, 4.2 ], "texture": "#3" },
				"west": { "uv": [ 3.3, 4.2, 4.3, 5.2 ], "texture": "#3" },
				"east": { "uv": [ 11.7, 4.2, 12.7, 5.2 ], "texture": "#3" }
			}
		},
		{
			"from": [ 7.25, 8.8, 5.3 ],
			"to": [ 8.75, 9.8, 7.3 ],
			"faces": {
				"down": { "uv": [ 5.3, 7.25, 7.3, 8.75 ], "texture": "#3", "rotation": 270 },
				"up": { "uv": [ 5.3, 7.25, 7.3, 8.75 ], "texture": "#3", "rotation": 270 },
				"north": { "uv": [ 7.25, 6.2, 8.75, 7.2 ], "texture": "#3" },
				"south": { "uv": [ 8.75, 7.2, 7.25, 6.2 ], "texture": "#3" },
				"west": { "uv": [ 5.3, 6.2, 7.3, 7.2 ], "texture": "#3" },
				"east": { "uv": [ 8.7, 6.2, 10.7, 7.2 ], "texture": "#3" }
			}
		}
	]
}