{
	"__comment": "Designed by CreatorLabs with Cubik Studio - https://cubik.studio",
	"parent": "item/parents/flower_double",
	"textures": {
		"1": "3d_decoration/flower_stem",
		"2": "3d_decoration/double_plant_sunflower_front",
		"particle": "blocks/double_plant_sunflower_top"
	},
	"elements": [ 	 
		{
			"from": [ 7.5, 0, 7 ],
			"to": [ 8.5, 10, 8 ],
			"faces": {
				"down": { "uv": [ 7, 7.5, 8, 8.5 ], "texture": "#1", "rotation": 90 },
				"up": { "uv": [ 7, 7.5, 8, 8.5 ], "texture": "#1", "rotation": 270 },
				"north": { "uv": [ 7.5, 6, 8.5, 16 ], "texture": "#1" },
				"south": { "uv": [ 8.5, 16, 7.5, 6 ], "texture": "#1" },
				"west": { "uv": [ 7, 6, 8, 16 ], "texture": "#1" },
				"east": { "uv": [ 8, 6, 9, 16 ], "texture": "#1" }
			}
		},
		{
			"from": [ 7.5, 0, 8 ],
			"to": [ 8.5, 10, 9 ],
			"faces": {
				"down": { "uv": [ 8, 7.5, 9, 8.5 ], "texture": "#1", "rotation": 90 },
				"up": { "uv": [ 8, 7.5, 9, 8.5 ], "texture": "#1", "rotation": 270 },
				"north": { "uv": [ 7.5, 6, 8.5, 16 ], "texture": "#1" },
				"south": { "uv": [ 8.5, 16, 7.5, 6 ], "texture": "#1" },
				"west": { "uv": [ 8, 6, 9, 16 ], "texture": "#1" },
				"east": { "uv": [ 7, 6, 8, 16 ], "texture": "#1" }
			}
		},
		{
			"from": [ 7, 4, 9 ],
			"to": [ 8, 6, 10 ],
			"faces": {
				"down": { "uv": [ 9, 7, 10, 8 ], "texture": "#1", "rotation": 90 },
				"up": { "uv": [ 9, 8, 10, 9 ], "texture": "#1", "rotation": 270 },
				"north": { "uv": [ 8, 10, 9, 12 ], "texture": "#1" },
				"south": { "uv": [ 8, 12, 7, 10 ], "texture": "#1" },
				"west": { "uv": [ 9, 10, 10, 12 ], "texture": "#1" },
				"east": { "uv": [ 6, 10, 7, 12 ], "texture": "#1" }
			}
		},
		{
			"from": [ 7.65, 2, 5 ],
			"to": [ 8.65, 4, 6 ],
			"faces": {
				"down": { "uv": [ 5, 7.65, 6, 8.65 ], "texture": "#1", "rotation": 90 },
				"up": { "uv": [ 5, 7.35, 6, 8.35 ], "texture": "#1", "rotation": 270 },
				"north": { "uv": [ 7.35, 12, 8.35, 14 ], "texture": "#1" },
				"south": { "uv": [ 8.65, 14, 7.65, 12 ], "texture": "#1" },
				"west": { "uv": [ 5, 12, 6, 14 ], "texture": "#1" },
				"east": { "uv": [ 10, 12, 11, 14 ], "texture": "#1" }
			}
		},
		{
			"from": [ 7.95, 1, 6 ],
			"to": [ 8.95, 4, 7 ],
			"faces": {
				"down": { "uv": [ 6, 7.95, 7, 8.95 ], "texture": "#1", "rotation": 90 },
				"up": { "uv": [ 6, 7.05, 7, 8.05 ], "texture": "#1", "rotation": 270 },
				"north": { "uv": [ 7.05, 12, 8.05, 15 ], "texture": "#1" },
				"south": { "uv": [ 8.95, 15, 7.95, 12 ], "texture": "#1" },
				"west": { "uv": [ 6, 12, 7, 15 ], "texture": "#1" },
				"east": { "uv": [ 9, 12, 10, 15 ], "texture": "#1" }
			}
		},
		{
			"from": [ 8, 0, 7.5 ],
			"to": [ 9, 9.999, 8.5 ],
			"faces": {
				"down": { "uv": [ 7, 7.5, 8, 8.5 ], "texture": "#1" },
				"up": { "uv": [ 7, 7.5, 8, 8.5 ], "texture": "#1" },
				"north": { "uv": [ 7, 6, 8, 16 ], "texture": "#1" },
				"south": { "uv": [ 8, 6, 9, 16 ], "texture": "#1" },
				"west": { "uv": [ 8.5, 16, 7.5, 6 ], "texture": "#1" },
				"east": { "uv": [ 7.5, 6, 8.5, 16 ], "texture": "#1" }
			}
		},
		{
			"from": [ 7, 0, 7.5 ],
			"to": [ 8, 9.999, 8.5 ],
			"faces": {
				"down": { "uv": [ 8, 7.5, 9, 8.5 ], "texture": "#1" },
				"up": { "uv": [ 8, 7.5, 9, 8.5 ], "texture": "#1" },
				"north": { "uv": [ 8, 6, 9, 16 ], "texture": "#1" },
				"south": { "uv": [ 7, 6, 8, 16 ], "texture": "#1" },
				"west": { "uv": [ 8.5, 16, 7.5, 6 ], "texture": "#1" },
				"east": { "uv": [ 7.5, 6, 8.5, 16 ], "texture": "#1" }
			}
		},
		{
			"from": [ 6, 4, 7 ],
			"to": [ 7, 6, 8 ],
			"faces": {
				"down": { "uv": [ 9, 7, 10, 8 ], "texture": "#1" },
				"up": { "uv": [ 9, 8, 10, 9 ], "texture": "#1" },
				"north": { "uv": [ 9, 10, 10, 12 ], "texture": "#1" },
				"south": { "uv": [ 6, 10, 7, 12 ], "texture": "#1" },
				"west": { "uv": [ 8, 12, 7, 10 ], "texture": "#1" },
				"east": { "uv": [ 8, 10, 9, 12 ], "texture": "#1" }
			}
		},
		{
			"from": [ 10, 2, 7.65 ],
			"to": [ 11, 4, 8.65 ],
			"faces": {
				"down": { "uv": [ 5, 7.65, 6, 8.65 ], "texture": "#1" },
				"up": { "uv": [ 5, 7.35, 6, 8.35 ], "texture": "#1" },
				"north": { "uv": [ 5, 12, 6, 14 ], "texture": "#1" },
				"south": { "uv": [ 10, 12, 11, 14 ], "texture": "#1" },
				"west": { "uv": [ 8.65, 14, 7.65, 12 ], "texture": "#1" },
				"east": { "uv": [ 7.35, 12, 8.35, 14 ], "texture": "#1" }
			}
		},
		{
			"from": [ 9, 1, 7.95 ],
			"to": [ 10, 4, 8.95 ],
			"faces": {
				"down": { "uv": [ 6, 7.95, 7, 8.95 ], "texture": "#1" },
				"up": { "uv": [ 6, 7.05, 7, 8.05 ], "texture": "#1" },
				"north": { "uv": [ 6, 12, 7, 15 ], "texture": "#1" },
				"south": { "uv": [ 9, 12, 10, 15 ], "texture": "#1" },
				"west": { "uv": [ 8.95, 15, 7.95, 12 ], "texture": "#1" },
				"east": { "uv": [ 7.05, 12, 8.05, 15 ], "texture": "#1" }
			}
		},
		{
			"from": [ 9.45, 11.15, 6 ],
			"to": [ 10.45, 12.15, 7 ],
			"rotation": { "origin": [ 6.45, 7.15, 8 ], "axis": "z", "angle": -45 },
			"faces": {
				"down": { "uv": [ 6, 5, 7, 4 ], "texture": "#2", "rotation": 270 },
				"up": { "uv": [ 6, 4, 7, 5 ], "texture": "#2", "rotation": 90 },
				"north": { "uv": [ 6, 4, 7, 5 ], "texture": "#2", "rotation": 270 },
				"south": { "uv": [ 6, 4, 7, 5 ], "texture": "#2", "rotation": 90 },
				"west": { "uv": [ 6, 4, 7, 5 ], "texture": "#2" },
				"east": { "uv": [ 7, 4, 6, 5 ], "texture": "#2" }
			}
		},
		{
			"from": [ 9.45, 10.9, 7 ],
			"to": [ 10.45, 11.9, 8 ],
			"rotation": { "origin": [ 6.45, 7.15, 8 ], "axis": "z", "angle": -45 },
			"faces": {
				"down": { "uv": [ 7, 5, 8, 4 ], "texture": "#2", "rotation": 270 },
				"up": { "uv": [ 7, 4, 8, 5 ], "texture": "#2", "rotation": 90 },
				"north": { "uv": [ 7, 4, 8, 5 ], "texture": "#2", "rotation": 270 },
				"south": { "uv": [ 7, 4, 8, 5 ], "texture": "#2", "rotation": 90 },
				"west": { "uv": [ 7, 4, 8, 5 ], "texture": "#2" },
				"east": { "uv": [ 8, 4, 7, 5 ], "texture": "#2" }
			}
		},
		{
			"from": [ 9.45, 11.15, 8 ],
			"to": [ 10.45, 12.15, 9 ],
			"rotation": { "origin": [ 6.45, 7.15, 8 ], "axis": "z", "angle": -45 },
			"faces": {
				"down": { "uv": [ 8, 5, 9, 4 ], "texture": "#2", "rotation": 270 },
				"up": { "uv": [ 8, 4, 9, 5 ], "texture": "#2", "rotation": 90 },
				"north": { "uv": [ 8, 4, 9, 5 ], "texture": "#2", "rotation": 270 },
				"south": { "uv": [ 8, 4, 9, 5 ], "texture": "#2", "rotation": 90 },
				"west": { "uv": [ 8, 4, 9, 5 ], "texture": "#2" },
				"east": { "uv": [ 9, 4, 8, 5 ], "texture": "#2" }
			}
		},
		{
			"from": [ 9.45, 11.15, 9 ],
			"to": [ 10.45, 12.15, 10 ],
			"rotation": { "origin": [ 6.45, 7.15, 8 ], "axis": "z", "angle": -45 },
			"faces": {
				"down": { "uv": [ 9, 5, 10, 4 ], "texture": "#2", "rotation": 270 },
				"up": { "uv": [ 9, 4, 10, 5 ], "texture": "#2", "rotation": 90 },
				"north": { "uv": [ 9, 4, 10, 5 ], "texture": "#2", "rotation": 270 },
				"south": { "uv": [ 9, 4, 10, 5 ], "texture": "#2", "rotation": 90 },
				"west": { "uv": [ 9, 4, 10, 5 ], "texture": "#2" },
				"east": { "uv": [ 10, 4, 9, 5 ], "texture": "#2" }
			}
		},
		{
			"from": [ 8.45, 11.15, 5 ],
			"to": [ 9.45, 12.15, 6 ],
			"rotation": { "origin": [ 6.45, 7.15, 8 ], "axis": "z", "angle": -45 },
			"faces": {
				"down": { "uv": [ 5, 6, 6, 5 ], "texture": "#2", "rotation": 270 },
				"up": { "uv": [ 5, 5, 6, 6 ], "texture": "#2", "rotation": 90 },
				"north": { "uv": [ 5, 5, 6, 6 ], "texture": "#2", "rotation": 270 },
				"south": { "uv": [ 5, 5, 6, 6 ], "texture": "#2", "rotation": 90 },
				"west": { "uv": [ 5, 5, 6, 6 ], "texture": "#2" },
				"east": { "uv": [ 6, 5, 5, 6 ], "texture": "#2" }
			}
		},
		{
			"from": [ 8.45, 11.4, 6 ],
			"to": [ 9.45, 12.4, 7 ],
			"rotation": { "origin": [ 6.45, 7.15, 8 ], "axis": "z", "angle": -45 },
			"faces": {
				"down": { "uv": [ 6, 6, 7, 5 ], "texture": "#2", "rotation": 270 },
				"up": { "uv": [ 6, 5, 7, 6 ], "texture": "#2", "rotation": 90 },
				"north": { "uv": [ 6, 5, 7, 6 ], "texture": "#2", "rotation": 270 },
				"south": { "uv": [ 6, 5, 7, 6 ], "texture": "#2", "rotation": 90 },
				"west": { "uv": [ 6, 5, 7, 6 ], "texture": "#2" },
				"east": { "uv": [ 7, 5, 6, 6 ], "texture": "#2" }
			}
		},
		{
			"from": [ 8.45, 11.15, 7 ],
			"to": [ 9.45, 12.15, 8 ],
			"rotation": { "origin": [ 6.45, 7.15, 8 ], "axis": "z", "angle": -45 },
			"faces": {
				"down": { "uv": [ 7, 6, 8, 5 ], "texture": "#2", "rotation": 270 },
				"up": { "uv": [ 7, 5, 8, 6 ], "texture": "#2", "rotation": 90 },
				"north": { "uv": [ 7, 5, 8, 6 ], "texture": "#2", "rotation": 270 },
				"south": { "uv": [ 7, 5, 8, 6 ], "texture": "#2", "rotation": 90 },
				"west": { "uv": [ 7, 5, 8, 6 ], "texture": "#2" },
				"east": { "uv": [ 8, 5, 7, 6 ], "texture": "#2" }
			}
		},
		{
			"from": [ 8.45, 10.95, 8 ],
			"to": [ 9.45, 11.95, 9 ],
			"rotation": { "origin": [ 6.45, 7.15, 8 ], "axis": "z", "angle": -45 },
			"faces": {
				"down": { "uv": [ 8, 6, 9, 5 ], "texture": "#2", "rotation": 270 },
				"up": { "uv": [ 8, 5, 9, 6 ], "texture": "#2", "rotation": 90 },
				"north": { "uv": [ 8, 5, 9, 6 ], "texture": "#2", "rotation": 270 },
				"south": { "uv": [ 8, 5, 9, 6 ], "texture": "#2", "rotation": 90 },
				"west": { "uv": [ 8, 5, 9, 6 ], "texture": "#2" },
				"east": { "uv": [ 9, 5, 8, 6 ], "texture": "#2" }
			}
		},
		{
			"from": [ 8.45, 11.15, 9 ],
			"to": [ 9.45, 12.15, 10 ],
			"rotation": { "origin": [ 6.45, 7.15, 8 ], "axis": "z", "angle": -45 },
			"faces": {
				"down": { "uv": [ 9, 6, 10, 5 ], "texture": "#2", "rotation": 270 },
				"up": { "uv": [ 9, 5, 10, 6 ], "texture": "#2", "rotation": 90 },
				"north": { "uv": [ 9, 5, 10, 6 ], "texture": "#2", "rotation": 270 },
				"south": { "uv": [ 9, 5, 10, 6 ], "texture": "#2", "rotation": 90 },
				"west": { "uv": [ 9, 5, 10, 6 ], "texture": "#2" },
				"east": { "uv": [ 10, 5, 9, 6 ], "texture": "#2" }
			}
		},
		{
			"from": [ 8.45, 11.15, 10 ],
			"to": [ 9.45, 12.15, 11 ],
			"rotation": { "origin": [ 6.45, 7.15, 8 ], "axis": "z", "angle": -45 },
			"faces": {
				"down": { "uv": [ 10, 6, 11, 5 ], "texture": "#2", "rotation": 270 },
				"up": { "uv": [ 10, 5, 11, 6 ], "texture": "#2", "rotation": 90 },
				"north": { "uv": [ 10, 5, 11, 6 ], "texture": "#2", "rotation": 270 },
				"south": { "uv": [ 10, 5, 11, 6 ], "texture": "#2", "rotation": 90 },
				"west": { "uv": [ 10, 5, 11, 6 ], "texture": "#2" },
				"east": { "uv": [ 11, 5, 10, 6 ], "texture": "#2" }
			}
		},
		{
			"from": [ 7.45, 11.25, 4 ],
			"to": [ 8.45, 12.25, 5 ],
			"rotation": { "origin": [ 6.45, 7.15, 8 ], "axis": "z", "angle": -45 },
			"faces": {
				"down": { "uv": [ 4, 7, 5, 6 ], "texture": "#2", "rotation": 270 },
				"up": { "uv": [ 4, 6, 5, 7 ], "texture": "#2", "rotation": 90 },
				"north": { "uv": [ 4, 6, 5, 7 ], "texture": "#2", "rotation": 270 },
				"south": { "uv": [ 4, 6, 5, 7 ], "texture": "#2", "rotation": 90 },
				"west": { "uv": [ 4, 6, 5, 7 ], "texture": "#2" },
				"east": { "uv": [ 5, 6, 4, 7 ], "texture": "#2" }
			}
		},
		{
			"from": [ 7.45, 11.15, 5 ],
			"to": [ 8.45, 12.15, 6 ],
			"rotation": { "origin": [ 6.45, 7.15, 8 ], "axis": "z", "angle": -45 },
			"faces": {
				"down": { "uv": [ 5, 7, 6, 6 ], "texture": "#2", "rotation": 270 },
				"up": { "uv": [ 5, 6, 6, 7 ], "texture": "#2", "rotation": 90 },
				"north": { "uv": [ 5, 6, 6, 7 ], "texture": "#2", "rotation": 270 },
				"south": { "uv": [ 5, 6, 6, 7 ], "texture": "#2", "rotation": 90 },
				"west": { "uv": [ 5, 6, 6, 7 ], "texture": "#2" },
				"east": { "uv": [ 6, 6, 5, 7 ], "texture": "#2" }
			}
		},
		{
			"from": [ 7.45, 11.15, 6 ],
			"to": [ 8.45, 12.15, 7 ],
			"rotation": { "origin": [ 6.45, 7.15, 8 ], "axis": "z", "angle": -45 },
			"faces": {
				"down": { "uv": [ 6, 7, 7, 6 ], "texture": "#2", "rotation": 270 },
				"up": { "uv": [ 6, 6, 7, 7 ], "texture": "#2", "rotation": 90 },
				"north": { "uv": [ 6, 6, 7, 7 ], "texture": "#2", "rotation": 270 },
				"south": { "uv": [ 6, 6, 7, 7 ], "texture": "#2", "rotation": 90 },
				"west": { "uv": [ 6, 6, 7, 7 ], "texture": "#2" },
				"east": { "uv": [ 7, 6, 6, 7 ], "texture": "#2" }
			}
		},
		{
			"from": [ 7.45, 10.9, 7 ],
			"to": [ 8.45, 11.9, 8 ],
			"rotation": { "origin": [ 6.45, 7.15, 8 ], "axis": "z", "angle": -45 },
			"faces": {
				"down": { "uv": [ 7, 7, 8, 6 ], "texture": "#2", "rotation": 270 },
				"up": { "uv": [ 7, 6, 8, 7 ], "texture": "#2", "rotation": 90 },
				"north": { "uv": [ 7, 6, 8, 7 ], "texture": "#2", "rotation": 270 },
				"south": { "uv": [ 7, 6, 8, 7 ], "texture": "#2", "rotation": 90 },
				"west": { "uv": [ 7, 6, 8, 7 ], "texture": "#2" },
				"east": { "uv": [ 8, 6, 7, 7 ], "texture": "#2" }
			}
		},
		{
			"from": [ 7.45, 10.9, 8 ],
			"to": [ 8.45, 11.9, 9 ],
			"rotation": { "origin": [ 6.45, 7.15, 8 ], "axis": "z", "angle": -45 },
			"faces": {
				"down": { "uv": [ 8, 7, 9, 6 ], "texture": "#2", "rotation": 270 },
				"up": { "uv": [ 8, 6, 9, 7 ], "texture": "#2", "rotation": 90 },
				"north": { "uv": [ 8, 6, 9, 7 ], "texture": "#2", "rotation": 270 },
				"south": { "uv": [ 8, 6, 9, 7 ], "texture": "#2", "rotation": 90 },
				"west": { "uv": [ 8, 6, 9, 7 ], "texture": "#2" },
				"east": { "uv": [ 9, 6, 8, 7 ], "texture": "#2" }
			}
		},
		{
			"from": [ 7.45, 11.15, 9 ],
			"to": [ 8.45, 12.15, 10 ],
			"rotation": { "origin": [ 6.45, 7.15, 8 ], "axis": "z", "angle": -45 },
			"faces": {
				"down": { "uv": [ 9, 7, 10, 6 ], "texture": "#2", "rotation": 270 },
				"up": { "uv": [ 9, 6, 10, 7 ], "texture": "#2", "rotation": 90 },
				"north": { "uv": [ 9, 6, 10, 7 ], "texture": "#2", "rotation": 270 },
				"south": { "uv": [ 9, 6, 10, 7 ], "texture": "#2", "rotation": 90 },
				"west": { "uv": [ 9, 6, 10, 7 ], "texture": "#2" },
				"east": { "uv": [ 10, 6, 9, 7 ], "texture": "#2" }
			}
		},
		{
			"from": [ 7.45, 11.3, 10 ],
			"to": [ 8.45, 12.3, 11 ],
			"rotation": { "origin": [ 6.45, 7.15, 8 ], "axis": "z", "angle": -45 },
			"faces": {
				"down": { "uv": [ 10, 7, 11, 6 ], "texture": "#2", "rotation": 270 },
				"up": { "uv": [ 10, 6, 11, 7 ], "texture": "#2", "rotation": 90 },
				"north": { "uv": [ 10, 6, 11, 7 ], "texture": "#2", "rotation": 270 },
				"south": { "uv": [ 10, 6, 11, 7 ], "texture": "#2", "rotation": 90 },
				"west": { "uv": [ 10, 6, 11, 7 ], "texture": "#2" },
				"east": { "uv": [ 11, 6, 10, 7 ], "texture": "#2" }
			}
		},
		{
			"from": [ 7.45, 11.15, 11 ],
			"to": [ 8.45, 12.15, 12 ],
			"rotation": { "origin": [ 6.45, 7.15, 8 ], "axis": "z", "angle": -45 },
			"faces": {
				"down": { "uv": [ 11, 7, 12, 6 ], "texture": "#2", "rotation": 270 },
				"up": { "uv": [ 11, 6, 12, 7 ], "texture": "#2", "rotation": 90 },
				"north": { "uv": [ 11, 6, 12, 7 ], "texture": "#2", "rotation": 270 },
				"south": { "uv": [ 11, 6, 12, 7 ], "texture": "#2", "rotation": 90 },
				"west": { "uv": [ 11, 6, 12, 7 ], "texture": "#2" },
				"east": { "uv": [ 12, 6, 11, 7 ], "texture": "#2" }
			}
		},
		{
			"from": [ 6.45, 11.15, 4 ],
			"to": [ 7.45, 12.15, 5 ],
			"rotation": { "origin": [ 6.45, 7.15, 8 ], "axis": "z", "angle": -45 },
			"faces": {
				"down": { "uv": [ 4, 8, 5, 7 ], "texture": "#2", "rotation": 270 },
				"up": { "uv": [ 4, 7, 5, 8 ], "texture": "#2", "rotation": 90 },
				"north": { "uv": [ 4, 7, 5, 8 ], "texture": "#2", "rotation": 270 },
				"south": { "uv": [ 4, 7, 5, 8 ], "texture": "#2", "rotation": 90 },
				"west": { "uv": [ 4, 7, 5, 8 ], "texture": "#2" },
				"east": { "uv": [ 5, 7, 4, 8 ], "texture": "#2" }
			}
		},
		{
			"from": [ 6.45, 11, 5 ],
			"to": [ 7.45, 12, 6 ],
			"rotation": { "origin": [ 6.45, 7.15, 8 ], "axis": "z", "angle": -45 },
			"faces": {
				"down": { "uv": [ 5, 8, 6, 7 ], "texture": "#2", "rotation": 270 },
				"up": { "uv": [ 5, 7, 6, 8 ], "texture": "#2", "rotation": 90 },
				"north": { "uv": [ 5, 7, 6, 8 ], "texture": "#2", "rotation": 270 },
				"south": { "uv": [ 5, 7, 6, 8 ], "texture": "#2", "rotation": 90 },
				"west": { "uv": [ 5, 7, 6, 8 ], "texture": "#2" },
				"east": { "uv": [ 6, 7, 5, 8 ], "texture": "#2" }
			}
		},
		{
			"from": [ 6.45, 10.9, 6 ],
			"to": [ 7.45, 11.9, 7 ],
			"rotation": { "origin": [ 6.45, 7.15, 8 ], "axis": "z", "angle": -45 },
			"faces": {
				"down": { "uv": [ 6, 8, 7, 7 ], "texture": "#2", "rotation": 270 },
				"up": { "uv": [ 6, 7, 7, 8 ], "texture": "#2", "rotation": 90 },
				"north": { "uv": [ 6, 7, 7, 8 ], "texture": "#2", "rotation": 270 },
				"south": { "uv": [ 6, 7, 7, 8 ], "texture": "#2", "rotation": 90 },
				"west": { "uv": [ 6, 7, 7, 8 ], "texture": "#2" },
				"east": { "uv": [ 7, 7, 6, 8 ], "texture": "#2" }
			}
		},
		{
			"from": [ 6.45, 10.55, 7 ],
			"to": [ 7.45, 11.55, 8 ],
			"rotation": { "origin": [ 6.45, 7.15, 8 ], "axis": "z", "angle": -45 },
			"faces": {
				"down": { "uv": [ 7, 8, 8, 7 ], "texture": "#2", "rotation": 270 },
				"up": { "uv": [ 7, 7, 8, 8 ], "texture": "#2", "rotation": 90 },
				"north": { "uv": [ 7, 7, 8, 8 ], "texture": "#2", "rotation": 270 },
				"south": { "uv": [ 7, 7, 8, 8 ], "texture": "#2", "rotation": 90 },
				"west": { "uv": [ 7, 7, 8, 8 ], "texture": "#2" },
				"east": { "uv": [ 8, 7, 7, 8 ], "texture": "#2" }
			}
		},
		{
			"from": [ 6.45, 10.55, 8 ],
			"to": [ 7.45, 11.55, 9 ],
			"rotation": { "origin": [ 6.45, 7.15, 8 ], "axis": "z", "angle": -45 },
			"faces": {
				"down": { "uv": [ 8, 8, 9, 7 ], "texture": "#2", "rotation": 270 },
				"up": { "uv": [ 8, 7, 9, 8 ], "texture": "#2", "rotation": 90 },
				"north": { "uv": [ 8, 7, 9, 8 ], "texture": "#2", "rotation": 270 },
				"south": { "uv": [ 8, 7, 9, 8 ], "texture": "#2", "rotation": 90 },
				"west": { "uv": [ 8, 7, 9, 8 ], "texture": "#2" },
				"east": { "uv": [ 9, 7, 8, 8 ], "texture": "#2" }
			}
		},
		{
			"from": [ 6.45, 10.9, 9 ],
			"to": [ 7.45, 11.9, 10 ],
			"rotation": { "origin": [ 6.45, 7.15, 8 ], "axis": "z", "angle": -45 },
			"faces": {
				"down": { "uv": [ 9, 8, 10, 7 ], "texture": "#2", "rotation": 270 },
				"up": { "uv": [ 9, 7, 10, 8 ], "texture": "#2", "rotation": 90 },
				"north": { "uv": [ 9, 7, 10, 8 ], "texture": "#2", "rotation": 270 },
				"south": { "uv": [ 9, 7, 10, 8 ], "texture": "#2", "rotation": 90 },
				"west": { "uv": [ 9, 7, 10, 8 ], "texture": "#2" },
				"east": { "uv": [ 10, 7, 9, 8 ], "texture": "#2" }
			}
		},
		{
			"from": [ 6.45, 11.15, 10 ],
			"to": [ 7.45, 12.15, 11 ],
			"rotation": { "origin": [ 6.45, 7.15, 8 ], "axis": "z", "angle": -45 },
			"faces": {
				"down": { "uv": [ 10, 8, 11, 7 ], "texture": "#2", "rotation": 270 },
				"up": { "uv": [ 10, 7, 11, 8 ], "texture": "#2", "rotation": 90 },
				"north": { "uv": [ 10, 7, 11, 8 ], "texture": "#2", "rotation": 270 },
				"south": { "uv": [ 10, 7, 11, 8 ], "texture": "#2", "rotation": 90 },
				"west": { "uv": [ 10, 7, 11, 8 ], "texture": "#2" },
				"east": { "uv": [ 11, 7, 10, 8 ], "texture": "#2" }
			}
		},
		{
			"from": [ 6.45, 11.15, 11 ],
			"to": [ 7.45, 12.15, 12 ],
			"rotation": { "origin": [ 6.45, 7.15, 8 ], "axis": "z", "angle": -45 },
			"faces": {
				"down": { "uv": [ 11, 8, 12, 7 ], "texture": "#2", "rotation": 270 },
				"up": { "uv": [ 11, 7, 12, 8 ], "texture": "#2", "rotation": 90 },
				"north": { "uv": [ 11, 7, 12, 8 ], "texture": "#2", "rotation": 270 },
				"south": { "uv": [ 11, 7, 12, 8 ], "texture": "#2", "rotation": 90 },
				"west": { "uv": [ 11, 7, 12, 8 ], "texture": "#2" },
				"east": { "uv": [ 12, 7, 11, 8 ], "texture": "#2" }
			}
		},
		{
			"from": [ 5.45, 11.05, 4 ],
			"to": [ 6.45, 12.05, 5 ],
			"rotation": { "origin": [ 6.45, 7.15, 8 ], "axis": "z", "angle": -45 },
			"faces": {
				"down": { "uv": [ 4, 9, 5, 8 ], "texture": "#2", "rotation": 270 },
				"up": { "uv": [ 4, 8, 5, 9 ], "texture": "#2", "rotation": 90 },
				"north": { "uv": [ 4, 8, 5, 9 ], "texture": "#2", "rotation": 270 },
				"south": { "uv": [ 4, 8, 5, 9 ], "texture": "#2", "rotation": 90 },
				"west": { "uv": [ 4, 8, 5, 9 ], "texture": "#2" },
				"east": { "uv": [ 5, 8, 4, 9 ], "texture": "#2" }
			}
		},
		{
			"from": [ 5.45, 11.15, 5 ],
			"to": [ 6.45, 12.15, 6 ],
			"rotation": { "origin": [ 6.45, 7.15, 8 ], "axis": "z", "angle": -45 },
			"faces": {
				"down": { "uv": [ 5, 9, 6, 8 ], "texture": "#2", "rotation": 270 },
				"up": { "uv": [ 5, 8, 6, 9 ], "texture": "#2", "rotation": 90 },
				"north": { "uv": [ 5, 8, 6, 9 ], "texture": "#2", "rotation": 270 },
				"south": { "uv": [ 5, 8, 6, 9 ], "texture": "#2", "rotation": 90 },
				"west": { "uv": [ 5, 8, 6, 9 ], "texture": "#2" },
				"east": { "uv": [ 6, 8, 5, 9 ], "texture": "#2" }
			}
		},
		{
			"from": [ 5.45, 10.9, 6 ],
			"to": [ 6.45, 11.9, 7 ],
			"rotation": { "origin": [ 6.45, 7.15, 8 ], "axis": "z", "angle": -45 },
			"faces": {
				"down": { "uv": [ 6, 9, 7, 8 ], "texture": "#2", "rotation": 270 },
				"up": { "uv": [ 6, 8, 7, 9 ], "texture": "#2", "rotation": 90 },
				"north": { "uv": [ 6, 8, 7, 9 ], "texture": "#2", "rotation": 270 },
				"south": { "uv": [ 6, 8, 7, 9 ], "texture": "#2", "rotation": 90 },
				"west": { "uv": [ 6, 8, 7, 9 ], "texture": "#2" },
				"east": { "uv": [ 7, 8, 6, 9 ], "texture": "#2" }
			}
		},
		{
			"from": [ 5.45, 10.55, 7 ],
			"to": [ 6.45, 11.55, 8 ],
			"rotation": { "origin": [ 6.45, 7.15, 8 ], "axis": "z", "angle": -45 },
			"faces": {
				"down": { "uv": [ 7, 9, 8, 8 ], "texture": "#2", "rotation": 270 },
				"up": { "uv": [ 7, 8, 8, 9 ], "texture": "#2", "rotation": 90 },
				"north": { "uv": [ 7, 8, 8, 9 ], "texture": "#2", "rotation": 270 },
				"south": { "uv": [ 7, 8, 8, 9 ], "texture": "#2", "rotation": 90 },
				"west": { "uv": [ 7, 8, 8, 9 ], "texture": "#2" },
				"east": { "uv": [ 8, 8, 7, 9 ], "texture": "#2" }
			}
		},
		{
			"from": [ 5.45, 10.55, 8 ],
			"to": [ 6.45, 11.55, 9 ],
			"rotation": { "origin": [ 6.45, 7.15, 8 ], "axis": "z", "angle": -45 },
			"faces": {
				"down": { "uv": [ 8, 9, 9, 8 ], "texture": "#2", "rotation": 270 },
				"up": { "uv": [ 8, 8, 9, 9 ], "texture": "#2", "rotation": 90 },
				"north": { "uv": [ 8, 8, 9, 9 ], "texture": "#2", "rotation": 270 },
				"south": { "uv": [ 8, 8, 9, 9 ], "texture": "#2", "rotation": 90 },
				"west": { "uv": [ 8, 8, 9, 9 ], "texture": "#2" },
				"east": { "uv": [ 9, 8, 8, 9 ], "texture": "#2" }
			}
		},
		{
			"from": [ 5.45, 10.9, 9 ],
			"to": [ 6.45, 11.9, 10 ],
			"rotation": { "origin": [ 6.45, 7.15, 8 ], "axis": "z", "angle": -45 },
			"faces": {
				"down": { "uv": [ 9, 9, 10, 8 ], "texture": "#2", "rotation": 270 },
				"up": { "uv": [ 9, 8, 10, 9 ], "texture": "#2", "rotation": 90 },
				"north": { "uv": [ 9, 8, 10, 9 ], "texture": "#2", "rotation": 270 },
				"south": { "uv": [ 9, 8, 10, 9 ], "texture": "#2", "rotation": 90 },
				"west": { "uv": [ 9, 8, 10, 9 ], "texture": "#2" },
				"east": { "uv": [ 10, 8, 9, 9 ], "texture": "#2" }
			}
		},
		{
			"from": [ 5.45, 11.15, 10 ],
			"to": [ 6.45, 12.15, 11 ],
			"rotation": { "origin": [ 6.45, 7.15, 8 ], "axis": "z", "angle": -45 },
			"faces": {
				"down": { "uv": [ 10, 9, 11, 8 ], "texture": "#2", "rotation": 270 },
				"up": { "uv": [ 10, 8, 11, 9 ], "texture": "#2", "rotation": 90 },
				"north": { "uv": [ 10, 8, 11, 9 ], "texture": "#2", "rotation": 270 },
				"south": { "uv": [ 10, 8, 11, 9 ], "texture": "#2", "rotation": 90 },
				"west": { "uv": [ 10, 8, 11, 9 ], "texture": "#2" },
				"east": { "uv": [ 11, 8, 10, 9 ], "texture": "#2" }
			}
		},
		{
			"from": [ 5.45, 11.05, 11 ],
			"to": [ 6.45, 12.05, 12 ],
			"rotation": { "origin": [ 6.45, 7.15, 8 ], "axis": "z", "angle": -45 },
			"faces": {
				"down": { "uv": [ 11, 9, 12, 8 ], "texture": "#2", "rotation": 270 },
				"up": { "uv": [ 11, 8, 12, 9 ], "texture": "#2", "rotation": 90 },
				"north": { "uv": [ 11, 8, 12, 9 ], "texture": "#2", "rotation": 270 },
				"south": { "uv": [ 11, 8, 12, 9 ], "texture": "#2", "rotation": 90 },
				"west": { "uv": [ 11, 8, 12, 9 ], "texture": "#2" },
				"east": { "uv": [ 12, 8, 11, 9 ], "texture": "#2" }
			}
		},
		{
			"from": [ 4.45, 11.15, 4 ],
			"to": [ 5.45, 12.15, 5 ],
			"rotation": { "origin": [ 6.45, 7.15, 8 ], "axis": "z", "angle": -45 },
			"faces": {
				"down": { "uv": [ 4, 10, 5, 9 ], "texture": "#2", "rotation": 270 },
				"up": { "uv": [ 4, 9, 5, 10 ], "texture": "#2", "rotation": 90 },
				"north": { "uv": [ 4, 9, 5, 10 ], "texture": "#2", "rotation": 270 },
				"south": { "uv": [ 4, 9, 5, 10 ], "texture": "#2", "rotation": 90 },
				"west": { "uv": [ 4, 9, 5, 10 ], "texture": "#2" },
				"east": { "uv": [ 5, 9, 4, 10 ], "texture": "#2" }
			}
		},
		{
			"from": [ 4.45, 11.15, 5 ],
			"to": [ 5.45, 12.15, 6 ],
			"rotation": { "origin": [ 6.45, 7.15, 8 ], "axis": "z", "angle": -45 },
			"faces": {
				"down": { "uv": [ 5, 10, 6, 9 ], "texture": "#2", "rotation": 270 },
				"up": { "uv": [ 5, 9, 6, 10 ], "texture": "#2", "rotation": 90 },
				"north": { "uv": [ 5, 9, 6, 10 ], "texture": "#2", "rotation": 270 },
				"south": { "uv": [ 5, 9, 6, 10 ], "texture": "#2", "rotation": 90 },
				"west": { "uv": [ 5, 9, 6, 10 ], "texture": "#2" },
				"east": { "uv": [ 6, 9, 5, 10 ], "texture": "#2" }
			}
		},
		{
			"from": [ 4.45, 11.15, 6 ],
			"to": [ 5.45, 12.15, 7 ],
			"rotation": { "origin": [ 6.45, 7.15, 8 ], "axis": "z", "angle": -45 },
			"faces": {
				"down": { "uv": [ 6, 10, 7, 9 ], "texture": "#2", "rotation": 270 },
				"up": { "uv": [ 6, 9, 7, 10 ], "texture": "#2", "rotation": 90 },
				"north": { "uv": [ 6, 9, 7, 10 ], "texture": "#2", "rotation": 270 },
				"south": { "uv": [ 6, 9, 7, 10 ], "texture": "#2", "rotation": 90 },
				"west": { "uv": [ 6, 9, 7, 10 ], "texture": "#2" },
				"east": { "uv": [ 7, 9, 6, 10 ], "texture": "#2" }
			}
		},
		{
			"from": [ 4.45, 10.9, 7 ],
			"to": [ 5.45, 11.9, 8 ],
			"rotation": { "origin": [ 6.45, 7.15, 8 ], "axis": "z", "angle": -45 },
			"faces": {
				"down": { "uv": [ 7, 10, 8, 9 ], "texture": "#2", "rotation": 270 },
				"up": { "uv": [ 7, 9, 8, 10 ], "texture": "#2", "rotation": 90 },
				"north": { "uv": [ 7, 9, 8, 10 ], "texture": "#2", "rotation": 270 },
				"south": { "uv": [ 7, 9, 8, 10 ], "texture": "#2", "rotation": 90 },
				"west": { "uv": [ 7, 9, 8, 10 ], "texture": "#2" },
				"east": { "uv": [ 8, 9, 7, 10 ], "texture": "#2" }
			}
		},
		{
			"from": [ 4.45, 10.9, 8 ],
			"to": [ 5.45, 11.9, 9 ],
			"rotation": { "origin": [ 6.45, 7.15, 8 ], "axis": "z", "angle": -45 },
			"faces": {
				"down": { "uv": [ 8, 10, 9, 9 ], "texture": "#2", "rotation": 270 },
				"up": { "uv": [ 8, 9, 9, 10 ], "texture": "#2", "rotation": 90 },
				"north": { "uv": [ 8, 9, 9, 10 ], "texture": "#2", "rotation": 270 },
				"south": { "uv": [ 8, 9, 9, 10 ], "texture": "#2", "rotation": 90 },
				"west": { "uv": [ 8, 9, 9, 10 ], "texture": "#2" },
				"east": { "uv": [ 9, 9, 8, 10 ], "texture": "#2" }
			}
		},
		{
			"from": [ 4.45, 11.15, 9 ],
			"to": [ 5.45, 12.15, 10 ],
			"rotation": { "origin": [ 6.45, 7.15, 8 ], "axis": "z", "angle": -45 },
			"faces": {
				"down": { "uv": [ 9, 10, 10, 9 ], "texture": "#2", "rotation": 270 },
				"up": { "uv": [ 9, 9, 10, 10 ], "texture": "#2", "rotation": 90 },
				"north": { "uv": [ 9, 9, 10, 10 ], "texture": "#2", "rotation": 270 },
				"south": { "uv": [ 9, 9, 10, 10 ], "texture": "#2", "rotation": 90 },
				"west": { "uv": [ 9, 9, 10, 10 ], "texture": "#2" },
				"east": { "uv": [ 10, 9, 9, 10 ], "texture": "#2" }
			}
		},
		{
			"from": [ 4.45, 11.25, 10 ],
			"to": [ 5.45, 12.25, 11 ],
			"rotation": { "origin": [ 6.45, 7.15, 8 ], "axis": "z", "angle": -45 },
			"faces": {
				"down": { "uv": [ 10, 10, 11, 9 ], "texture": "#2", "rotation": 270 },
				"up": { "uv": [ 10, 9, 11, 10 ], "texture": "#2", "rotation": 90 },
				"north": { "uv": [ 10, 9, 11, 10 ], "texture": "#2", "rotation": 270 },
				"south": { "uv": [ 10, 9, 11, 10 ], "texture": "#2", "rotation": 90 },
				"west": { "uv": [ 10, 9, 11, 10 ], "texture": "#2" },
				"east": { "uv": [ 11, 9, 10, 10 ], "texture": "#2" }
			}
		},
		{
			"from": [ 4.45, 11.15, 11 ],
			"to": [ 5.45, 12.15, 12 ],
			"rotation": { "origin": [ 6.45, 7.15, 8 ], "axis": "z", "angle": -45 },
			"faces": {
				"down": { "uv": [ 11, 10, 12, 9 ], "texture": "#2", "rotation": 270 },
				"up": { "uv": [ 11, 9, 12, 10 ], "texture": "#2", "rotation": 90 },
				"north": { "uv": [ 11, 9, 12, 10 ], "texture": "#2", "rotation": 270 },
				"south": { "uv": [ 11, 9, 12, 10 ], "texture": "#2", "rotation": 90 },
				"west": { "uv": [ 11, 9, 12, 10 ], "texture": "#2" },
				"east": { "uv": [ 12, 9, 11, 10 ], "texture": "#2" }
			}
		},
		{
			"from": [ 3.45, 11.15, 5 ],
			"to": [ 4.45, 12.15, 6 ],
			"rotation": { "origin": [ 6.45, 7.15, 8 ], "axis": "z", "angle": -45 },
			"faces": {
				"down": { "uv": [ 5, 11, 6, 10 ], "texture": "#2", "rotation": 270 },
				"up": { "uv": [ 5, 10, 6, 11 ], "texture": "#2", "rotation": 90 },
				"north": { "uv": [ 5, 10, 6, 11 ], "texture": "#2", "rotation": 270 },
				"south": { "uv": [ 5, 10, 6, 11 ], "texture": "#2", "rotation": 90 },
				"west": { "uv": [ 5, 10, 6, 11 ], "texture": "#2" },
				"east": { "uv": [ 6, 10, 5, 11 ], "texture": "#2" }
			}
		},
		{
			"from": [ 3.45, 11.3, 6 ],
			"to": [ 4.45, 12.3, 7 ],
			"rotation": { "origin": [ 6.45, 7.15, 8 ], "axis": "z", "angle": -45 },
			"faces": {
				"down": { "uv": [ 6, 11, 7, 10 ], "texture": "#2", "rotation": 270 },
				"up": { "uv": [ 6, 10, 7, 11 ], "texture": "#2", "rotation": 90 },
				"north": { "uv": [ 6, 10, 7, 11 ], "texture": "#2", "rotation": 270 },
				"south": { "uv": [ 6, 10, 7, 11 ], "texture": "#2", "rotation": 90 },
				"west": { "uv": [ 6, 10, 7, 11 ], "texture": "#2" },
				"east": { "uv": [ 7, 10, 6, 11 ], "texture": "#2" }
			}
		},
		{
			"from": [ 3.45, 11.15, 7 ],
			"to": [ 4.45, 12.15, 8 ],
			"rotation": { "origin": [ 6.45, 7.15, 8 ], "axis": "z", "angle": -45 },
			"faces": {
				"down": { "uv": [ 7, 11, 8, 10 ], "texture": "#2", "rotation": 270 },
				"up": { "uv": [ 7, 10, 8, 11 ], "texture": "#2", "rotation": 90 },
				"north": { "uv": [ 7, 10, 8, 11 ], "texture": "#2", "rotation": 270 },
				"south": { "uv": [ 7, 10, 8, 11 ], "texture": "#2", "rotation": 90 },
				"west": { "uv": [ 7, 10, 8, 11 ], "texture": "#2" },
				"east": { "uv": [ 8, 10, 7, 11 ], "texture": "#2" }
			}
		},
		{
			"from": [ 3.45, 11.15, 8 ],
			"to": [ 4.45, 12.15, 9 ],
			"rotation": { "origin": [ 6.45, 7.15, 8 ], "axis": "z", "angle": -45 },
			"faces": {
				"down": { "uv": [ 8, 11, 9, 10 ], "texture": "#2", "rotation": 270 },
				"up": { "uv": [ 8, 10, 9, 11 ], "texture": "#2", "rotation": 90 },
				"north": { "uv": [ 8, 10, 9, 11 ], "texture": "#2", "rotation": 270 },
				"south": { "uv": [ 8, 10, 9, 11 ], "texture": "#2", "rotation": 90 },
				"west": { "uv": [ 8, 10, 9, 11 ], "texture": "#2" },
				"east": { "uv": [ 9, 10, 8, 11 ], "texture": "#2" }
			}
		},
		{
			"from": [ 3.45, 11.15, 9 ],
			"to": [ 4.45, 12.15, 10 ],
			"rotation": { "origin": [ 6.45, 7.15, 8 ], "axis": "z", "angle": -45 },
			"faces": {
				"down": { "uv": [ 9, 11, 10, 10 ], "texture": "#2", "rotation": 270 },
				"up": { "uv": [ 9, 10, 10, 11 ], "texture": "#2", "rotation": 90 },
				"north": { "uv": [ 9, 10, 10, 11 ], "texture": "#2", "rotation": 270 },
				"south": { "uv": [ 9, 10, 10, 11 ], "texture": "#2", "rotation": 90 },
				"west": { "uv": [ 9, 10, 10, 11 ], "texture": "#2" },
				"east": { "uv": [ 10, 10, 9, 11 ], "texture": "#2" }
			}
		},
		{
			"from": [ 3.45, 11.15, 10 ],
			"to": [ 4.45, 12.15, 11 ],
			"rotation": { "origin": [ 6.45, 7.15, 8 ], "axis": "z", "angle": -45 },
			"faces": {
				"down": { "uv": [ 10, 11, 11, 10 ], "texture": "#2", "rotation": 270 },
				"up": { "uv": [ 10, 10, 11, 11 ], "texture": "#2", "rotation": 90 },
				"north": { "uv": [ 10, 10, 11, 11 ], "texture": "#2", "rotation": 270 },
				"south": { "uv": [ 10, 10, 11, 11 ], "texture": "#2", "rotation": 90 },
				"west": { "uv": [ 10, 10, 11, 11 ], "texture": "#2" },
				"east": { "uv": [ 11, 10, 10, 11 ], "texture": "#2" }
			}
		},
		{
			"from": [ 2.45, 11.15, 6 ],
			"to": [ 3.45, 12.15, 7 ],
			"rotation": { "origin": [ 6.45, 7.15, 8 ], "axis": "z", "angle": -45 },
			"faces": {
				"down": { "uv": [ 6, 12, 7, 11 ], "texture": "#2", "rotation": 270 },
				"up": { "uv": [ 6, 11, 7, 12 ], "texture": "#2", "rotation": 90 },
				"north": { "uv": [ 6, 11, 7, 12 ], "texture": "#2", "rotation": 270 },
				"south": { "uv": [ 6, 11, 7, 12 ], "texture": "#2", "rotation": 90 },
				"west": { "uv": [ 6, 11, 7, 12 ], "texture": "#2" },
				"east": { "uv": [ 7, 11, 6, 12 ], "texture": "#2" }
			}
		},
		{
			"from": [ 2.45, 11.3, 7 ],
			"to": [ 3.45, 12.3, 8 ],
			"rotation": { "origin": [ 6.45, 7.15, 8 ], "axis": "z", "angle": -45 },
			"faces": {
				"down": { "uv": [ 7, 12, 8, 11 ], "texture": "#2", "rotation": 270 },
				"up": { "uv": [ 7, 11, 8, 12 ], "texture": "#2", "rotation": 90 },
				"north": { "uv": [ 7, 11, 8, 12 ], "texture": "#2", "rotation": 270 },
				"south": { "uv": [ 7, 11, 8, 12 ], "texture": "#2", "rotation": 90 },
				"west": { "uv": [ 7, 11, 8, 12 ], "texture": "#2" },
				"east": { "uv": [ 8, 11, 7, 12 ], "texture": "#2" }
			}
		},
		{
			"from": [ 2.45, 11.15, 8 ],
			"to": [ 3.45, 12.15, 9 ],
			"rotation": { "origin": [ 6.45, 7.15, 8 ], "axis": "z", "angle": -45 },
			"faces": {
				"down": { "uv": [ 8, 12, 9, 11 ], "texture": "#2", "rotation": 270 },
				"up": { "uv": [ 8, 11, 9, 12 ], "texture": "#2", "rotation": 90 },
				"north": { "uv": [ 8, 11, 9, 12 ], "texture": "#2", "rotation": 270 },
				"south": { "uv": [ 8, 11, 9, 12 ], "texture": "#2", "rotation": 90 },
				"west": { "uv": [ 8, 11, 9, 12 ], "texture": "#2" },
				"east": { "uv": [ 9, 11, 8, 12 ], "texture": "#2" }
			}
		},
		{
			"from": [ 2.45, 10.95, 9 ],
			"to": [ 3.45, 11.95, 10 ],
			"rotation": { "origin": [ 6.45, 7.15, 8 ], "axis": "z", "angle": -45 },
			"faces": {
				"down": { "uv": [ 9, 12, 10, 11 ], "texture": "#2", "rotation": 270 },
				"up": { "uv": [ 9, 11, 10, 12 ], "texture": "#2", "rotation": 90 },
				"north": { "uv": [ 9, 11, 10, 12 ], "texture": "#2", "rotation": 270 },
				"south": { "uv": [ 9, 11, 10, 12 ], "texture": "#2", "rotation": 90 },
				"west": { "uv": [ 9, 11, 10, 12 ], "texture": "#2" },
				"east": { "uv": [ 10, 11, 9, 12 ], "texture": "#2" }
			}
		},
		{
			"from": [ 9.63, 10.5, 5.88 ],
			"to": [ 10.69, 11.5, 6.94 ],
			"rotation": { "origin": [ 6.45, 7.15, 8 ], "axis": "z", "angle": -45 },
			"faces": {
				"down": { "uv": [ 5.88, 11.18, 6.94, 12.24 ], "texture": "#1", "rotation": 270 },
				"up": { "uv": [ 5.88, 3.76, 6.94, 4.82 ], "texture": "#1", "rotation": 90 },
				"north": { "uv": [ 3.76, 3.65, 4.82, 4.65 ], "texture": "#1", "rotation": 270 },
				"south": { "uv": [ 12.24, 4.65, 11.18, 3.65 ], "texture": "#1", "rotation": 90 },
				"west": { "uv": [ 5.88, 3.65, 6.94, 4.65 ], "texture": "#1" },
				"east": { "uv": [ 9.06, 3.65, 10.12, 4.65 ], "texture": "#1" }
			}
		},
		{
			"from": [ 9.63, 10.5, 6.94 ],
			"to": [ 10.69, 11.5, 8 ],
			"rotation": { "origin": [ 6.45, 7.15, 8 ], "axis": "z", "angle": -45 },
			"faces": {
				"down": { "uv": [ 6.94, 11.18, 8, 12.24 ], "texture": "#1", "rotation": 270 },
				"up": { "uv": [ 6.94, 3.76, 8, 4.82 ], "texture": "#1", "rotation": 90 },
				"north": { "uv": [ 3.76, 3.65, 4.82, 4.65 ], "texture": "#1", "rotation": 270 },
				"south": { "uv": [ 12.24, 4.65, 11.18, 3.65 ], "texture": "#1", "rotation": 90 },
				"west": { "uv": [ 6.94, 3.65, 8, 4.65 ], "texture": "#1" },
				"east": { "uv": [ 8, 3.65, 9.06, 4.65 ], "texture": "#1" }
			}
		},
		{
			"from": [ 9.63, 10.5, 8 ],
			"to": [ 10.69, 11.5, 9.06 ],
			"rotation": { "origin": [ 6.45, 7.15, 8 ], "axis": "z", "angle": -45 },
			"faces": {
				"down": { "uv": [ 8, 11.18, 9.06, 12.24 ], "texture": "#1", "rotation": 270 },
				"up": { "uv": [ 8, 3.76, 9.06, 4.82 ], "texture": "#1", "rotation": 90 },
				"north": { "uv": [ 3.76, 3.65, 4.82, 4.65 ], "texture": "#1", "rotation": 270 },
				"south": { "uv": [ 12.24, 4.65, 11.18, 3.65 ], "texture": "#1", "rotation": 90 },
				"west": { "uv": [ 8, 3.65, 9.06, 4.65 ], "texture": "#1" },
				"east": { "uv": [ 6.94, 3.65, 8, 4.65 ], "texture": "#1" }
			}
		},
		{
			"from": [ 9.63, 10.5, 9.059999 ],
			"to": [ 10.69, 11.5, 10.12 ],
			"rotation": { "origin": [ 6.45, 7.15, 8 ], "axis": "z", "angle": -45 },
			"faces": {
				"down": { "uv": [ 9.06, 11.18, 10.12, 12.24 ], "texture": "#1", "rotation": 270 },
				"up": { "uv": [ 9.06, 3.76, 10.12, 4.82 ], "texture": "#1", "rotation": 90 },
				"north": { "uv": [ 3.76, 3.65, 4.82, 4.65 ], "texture": "#1", "rotation": 270 },
				"south": { "uv": [ 12.24, 4.65, 11.18, 3.65 ], "texture": "#1", "rotation": 90 },
				"west": { "uv": [ 9.06, 3.65, 10.12, 4.65 ], "texture": "#1" },
				"east": { "uv": [ 5.88, 3.65, 6.94, 4.65 ], "texture": "#1" }
			}
		},
		{
			"from": [ 8.57, 10.5, 4.82 ],
			"to": [ 9.63, 11.5, 5.88 ],
			"rotation": { "origin": [ 6.45, 7.15, 8 ], "axis": "z", "angle": -45 },
			"faces": {
				"down": { "uv": [ 4.82, 10.12, 5.88, 11.18 ], "texture": "#1", "rotation": 270 },
				"up": { "uv": [ 4.82, 4.82, 5.88, 5.88 ], "texture": "#1", "rotation": 90 },
				"north": { "uv": [ 4.82, 3.65, 5.88, 4.65 ], "texture": "#1", "rotation": 270 },
				"south": { "uv": [ 11.18, 4.65, 10.12, 3.65 ], "texture": "#1", "rotation": 90 },
				"west": { "uv": [ 4.82, 3.65, 5.88, 4.65 ], "texture": "#1" },
				"east": { "uv": [ 10.12, 3.65, 11.18, 4.65 ], "texture": "#1" }
			}
		},
		{
			"from": [ 8.57, 10.5, 5.88 ],
			"to": [ 9.63, 11.5, 6.94 ],
			"rotation": { "origin": [ 6.45, 7.15, 8 ], "axis": "z", "angle": -45 },
			"faces": {
				"down": { "uv": [ 5.88, 10.12, 6.94, 11.18 ], "texture": "#1", "rotation": 270 },
				"up": { "uv": [ 5.88, 4.82, 6.94, 5.88 ], "texture": "#1", "rotation": 90 },
				"north": { "uv": [ 4.82, 3.65, 5.88, 4.65 ], "texture": "#1", "rotation": 270 },
				"south": { "uv": [ 11.18, 4.65, 10.12, 3.65 ], "texture": "#1", "rotation": 90 },
				"west": { "uv": [ 5.88, 3.65, 6.94, 4.65 ], "texture": "#1" },
				"east": { "uv": [ 9.06, 3.65, 10.12, 4.65 ], "texture": "#1" }
			}
		},
		{
			"from": [ 8.57, 10.25, 6.94 ],
			"to": [ 9.63, 11.25, 8 ],
			"rotation": { "origin": [ 6.45, 7.15, 8 ], "axis": "z", "angle": -45 },
			"faces": {
				"down": { "uv": [ 6.94, 10.12, 8, 11.18 ], "texture": "#1", "rotation": 270 },
				"up": { "uv": [ 6.94, 4.82, 8, 5.88 ], "texture": "#1", "rotation": 90 },
				"north": { "uv": [ 4.82, 3.9, 5.88, 4.9 ], "texture": "#1", "rotation": 270 },
				"south": { "uv": [ 11.18, 4.9, 10.12, 3.9 ], "texture": "#1", "rotation": 90 },
				"west": { "uv": [ 6.94, 3.9, 8, 4.9 ], "texture": "#1" },
				"east": { "uv": [ 8, 3.9, 9.06, 4.9 ], "texture": "#1" }
			}
		},
		{
			"from": [ 8.57, 10.5, 8 ],
			"to": [ 9.63, 11.5, 9.06 ],
			"rotation": { "origin": [ 6.45, 7.15, 8 ], "axis": "z", "angle": -45 },
			"faces": {
				"down": { "uv": [ 8, 10.12, 9.06, 11.18 ], "texture": "#1", "rotation": 270 },
				"up": { "uv": [ 8, 4.82, 9.06, 5.88 ], "texture": "#1", "rotation": 90 },
				"north": { "uv": [ 4.82, 3.65, 5.88, 4.65 ], "texture": "#1", "rotation": 270 },
				"south": { "uv": [ 11.18, 4.65, 10.12, 3.65 ], "texture": "#1", "rotation": 90 },
				"west": { "uv": [ 8, 3.65, 9.06, 4.65 ], "texture": "#1" },
				"east": { "uv": [ 6.94, 3.65, 8, 4.65 ], "texture": "#1" }
			}
		},
		{
			"from": [ 8.57, 10.4, 9.059999 ],
			"to": [ 9.63, 11.4, 10.12 ],
			"rotation": { "origin": [ 6.45, 7.15, 8 ], "axis": "z", "angle": -45 },
			"faces": {
				"down": { "uv": [ 9.06, 10.12, 10.12, 11.18 ], "texture": "#1", "rotation": 270 },
				"up": { "uv": [ 9.06, 4.82, 10.12, 5.88 ], "texture": "#1", "rotation": 90 },
				"north": { "uv": [ 4.82, 3.75, 5.88, 4.75 ], "texture": "#1", "rotation": 270 },
				"south": { "uv": [ 11.18, 4.75, 10.12, 3.75 ], "texture": "#1", "rotation": 90 },
				"west": { "uv": [ 9.06, 3.75, 10.12, 4.75 ], "texture": "#1" },
				"east": { "uv": [ 5.88, 3.75, 6.94, 4.75 ], "texture": "#1" }
			}
		},
		{
			"from": [ 8.57, 10.5, 10.12 ],
			"to": [ 9.63, 11.5, 11.18 ],
			"rotation": { "origin": [ 6.45, 7.15, 8 ], "axis": "z", "angle": -45 },
			"faces": {
				"down": { "uv": [ 10.12, 10.12, 11.18, 11.18 ], "texture": "#1", "rotation": 270 },
				"up": { "uv": [ 10.12, 4.82, 11.18, 5.88 ], "texture": "#1", "rotation": 90 },
				"north": { "uv": [ 4.82, 3.65, 5.88, 4.65 ], "texture": "#1", "rotation": 270 },
				"south": { "uv": [ 11.18, 4.65, 10.12, 3.65 ], "texture": "#1", "rotation": 90 },
				"west": { "uv": [ 10.12, 3.65, 11.18, 4.65 ], "texture": "#1" },
				"east": { "uv": [ 4.82, 3.65, 5.88, 4.65 ], "texture": "#1" }
			}
		},
		{
			"from": [ 7.51, 10.5, 3.76 ],
			"to": [ 8.57, 11.5, 4.82 ],
			"rotation": { "origin": [ 6.45, 7.15, 8 ], "axis": "z", "angle": -45 },
			"faces": {
				"down": { "uv": [ 3.76, 9.06, 4.82, 10.12 ], "texture": "#1", "rotation": 270 },
				"up": { "uv": [ 3.76, 5.88, 4.82, 6.940001 ], "texture": "#1", "rotation": 90 },
				"north": { "uv": [ 5.88, 3.65, 6.94, 4.65 ], "texture": "#1", "rotation": 270 },
				"south": { "uv": [ 10.12, 4.65, 9.06, 3.65 ], "texture": "#1", "rotation": 90 },
				"west": { "uv": [ 3.76, 3.65, 4.82, 4.65 ], "texture": "#1" },
				"east": { "uv": [ 11.18, 3.65, 12.24, 4.65 ], "texture": "#1" }
			}
		},
		{
			"from": [ 7.51, 10.45, 4.82 ],
			"to": [ 8.57, 11.45, 5.88 ],
			"rotation": { "origin": [ 6.45, 7.15, 8 ], "axis": "z", "angle": -45 },
			"faces": {
				"down": { "uv": [ 4.82, 9.06, 5.88, 10.12 ], "texture": "#1", "rotation": 270 },
				"up": { "uv": [ 4.82, 5.88, 5.88, 6.940001 ], "texture": "#1", "rotation": 90 },
				"north": { "uv": [ 5.88, 3.7, 6.94, 4.7 ], "texture": "#1", "rotation": 270 },
				"south": { "uv": [ 10.12, 4.7, 9.06, 3.7 ], "texture": "#1", "rotation": 90 },
				"west": { "uv": [ 4.82, 3.7, 5.88, 4.7 ], "texture": "#1" },
				"east": { "uv": [ 10.12, 3.7, 11.18, 4.7 ], "texture": "#1" }
			}
		},
		{
			"from": [ 7.51, 10.25, 5.88 ],
			"to": [ 8.57, 11.25, 6.94 ],
			"rotation": { "origin": [ 6.45, 7.15, 8 ], "axis": "z", "angle": -45 },
			"faces": {
				"down": { "uv": [ 5.88, 9.06, 6.94, 10.12 ], "texture": "#1", "rotation": 270 },
				"up": { "uv": [ 5.88, 5.88, 6.94, 6.940001 ], "texture": "#1", "rotation": 90 },
				"north": { "uv": [ 5.88, 3.9, 6.94, 4.9 ], "texture": "#1", "rotation": 270 },
				"south": { "uv": [ 10.12, 4.9, 9.06, 3.9 ], "texture": "#1", "rotation": 90 },
				"west": { "uv": [ 5.88, 3.9, 6.94, 4.9 ], "texture": "#1" },
				"east": { "uv": [ 9.06, 3.9, 10.12, 4.9 ], "texture": "#1" }
			}
		},
		{
			"from": [ 7.51, 9.9, 6.94 ],
			"to": [ 8.57, 10.9, 8 ],
			"rotation": { "origin": [ 6.45, 7.15, 8 ], "axis": "z", "angle": -45 },
			"faces": {
				"down": { "uv": [ 6.94, 9.06, 8, 10.12 ], "texture": "#1", "rotation": 270 },
				"up": { "uv": [ 6.94, 5.88, 8, 6.940001 ], "texture": "#1", "rotation": 90 },
				"north": { "uv": [ 5.88, 4.25, 6.94, 5.25 ], "texture": "#1", "rotation": 270 },
				"south": { "uv": [ 10.12, 5.25, 9.06, 4.25 ], "texture": "#1", "rotation": 90 },
				"west": { "uv": [ 6.94, 4.25, 8, 5.25 ], "texture": "#1" },
				"east": { "uv": [ 8, 4.25, 9.06, 5.25 ], "texture": "#1" }
			}
		},
		{
			"from": [ 7.51, 10, 8 ],
			"to": [ 8.57, 11, 9.06 ],
			"rotation": { "origin": [ 6.45, 7.15, 8 ], "axis": "z", "angle": -45 },
			"faces": {
				"down": { "uv": [ 8, 9.06, 9.06, 10.12 ], "texture": "#1", "rotation": 270 },
				"up": { "uv": [ 8, 5.88, 9.06, 6.940001 ], "texture": "#1", "rotation": 90 },
				"north": { "uv": [ 5.88, 4.15, 6.94, 5.15 ], "texture": "#1", "rotation": 270 },
				"south": { "uv": [ 10.12, 5.15, 9.06, 4.15 ], "texture": "#1", "rotation": 90 },
				"west": { "uv": [ 8, 4.15, 9.06, 5.15 ], "texture": "#1" },
				"east": { "uv": [ 6.94, 4.15, 8, 5.15 ], "texture": "#1" }
			}
		},
		{
			"from": [ 7.51, 10.2, 9.059999 ],
			"to": [ 8.57, 11.2, 10.12 ],
			"rotation": { "origin": [ 6.45, 7.15, 8 ], "axis": "z", "angle": -45 },
			"faces": {
				"down": { "uv": [ 9.06, 9.06, 10.12, 10.12 ], "texture": "#1", "rotation": 270 },
				"up": { "uv": [ 9.06, 5.88, 10.12, 6.940001 ], "texture": "#1", "rotation": 90 },
				"north": { "uv": [ 5.88, 3.95, 6.94, 4.95 ], "texture": "#1", "rotation": 270 },
				"south": { "uv": [ 10.12, 4.95, 9.06, 3.95 ], "texture": "#1", "rotation": 90 },
				"west": { "uv": [ 9.06, 3.95, 10.12, 4.95 ], "texture": "#1" },
				"east": { "uv": [ 5.88, 3.95, 6.94, 4.95 ], "texture": "#1" }
			}
		},
		{
			"from": [ 7.51, 10.5, 10.12 ],
			"to": [ 8.57, 11.5, 11.18 ],
			"rotation": { "origin": [ 6.45, 7.15, 8 ], "axis": "z", "angle": -45 },
			"faces": {
				"down": { "uv": [ 10.12, 9.06, 11.18, 10.12 ], "texture": "#1", "rotation": 270 },
				"up": { "uv": [ 10.12, 5.88, 11.18, 6.940001 ], "texture": "#1", "rotation": 90 },
				"north": { "uv": [ 5.88, 3.65, 6.94, 4.65 ], "texture": "#1", "rotation": 270 },
				"south": { "uv": [ 10.12, 4.65, 9.06, 3.65 ], "texture": "#1", "rotation": 90 },
				"west": { "uv": [ 10.12, 3.65, 11.18, 4.65 ], "texture": "#1" },
				"east": { "uv": [ 4.82, 3.65, 5.88, 4.65 ], "texture": "#1" }
			}
		},
		{
			"from": [ 7.51, 10.5, 11.18 ],
			"to": [ 8.57, 11.5, 12.24 ],
			"rotation": { "origin": [ 6.45, 7.15, 8 ], "axis": "z", "angle": -45 },
			"faces": {
				"down": { "uv": [ 11.18, 9.06, 12.24, 10.12 ], "texture": "#1", "rotation": 270 },
				"up": { "uv": [ 11.18, 5.88, 12.24, 6.940001 ], "texture": "#1", "rotation": 90 },
				"north": { "uv": [ 5.88, 3.65, 6.94, 4.65 ], "texture": "#1", "rotation": 270 },
				"south": { "uv": [ 10.12, 4.65, 9.06, 3.65 ], "texture": "#1", "rotation": 90 },
				"west": { "uv": [ 11.18, 3.65, 12.24, 4.65 ], "texture": "#1" },
				"east": { "uv": [ 3.76, 3.65, 4.82, 4.65 ], "texture": "#1" }
			}
		},
		{
			"from": [ 6.45, 10.5, 3.76 ],
			"to": [ 7.51, 11.5, 4.82 ],
			"rotation": { "origin": [ 6.45, 7.15, 8 ], "axis": "z", "angle": -45 },
			"faces": {
				"down": { "uv": [ 3.76, 8, 4.82, 9.06 ], "texture": "#1", "rotation": 270 },
				"up": { "uv": [ 3.76, 6.940001, 4.82, 8 ], "texture": "#1", "rotation": 90 },
				"north": { "uv": [ 6.94, 3.65, 8, 4.65 ], "texture": "#1", "rotation": 270 },
				"south": { "uv": [ 9.06, 4.65, 8, 3.65 ], "texture": "#1", "rotation": 90 },
				"west": { "uv": [ 3.76, 3.65, 4.82, 4.65 ], "texture": "#1" },
				"east": { "uv": [ 11.18, 3.65, 12.24, 4.65 ], "texture": "#1" }
			}
		},
		{
			"from": [ 6.45, 10.2, 4.82 ],
			"to": [ 7.51, 11.2, 5.88 ],
			"rotation": { "origin": [ 6.45, 7.15, 8 ], "axis": "z", "angle": -45 },
			"faces": {
				"down": { "uv": [ 4.82, 8, 5.88, 9.06 ], "texture": "#1", "rotation": 270 },
				"up": { "uv": [ 4.82, 6.940001, 5.88, 8 ], "texture": "#1", "rotation": 90 },
				"north": { "uv": [ 6.94, 3.95, 8, 4.95 ], "texture": "#1", "rotation": 270 },
				"south": { "uv": [ 9.06, 4.95, 8, 3.95 ], "texture": "#1", "rotation": 90 },
				"west": { "uv": [ 4.82, 3.95, 5.88, 4.95 ], "texture": "#1" },
				"east": { "uv": [ 10.12, 3.95, 11.18, 4.95 ], "texture": "#1" }
			}
		},
		{
			"from": [ 6.45, 10.05, 5.88 ],
			"to": [ 7.51, 11.05, 6.94 ],
			"rotation": { "origin": [ 6.45, 7.15, 8 ], "axis": "z", "angle": -45 },
			"faces": {
				"down": { "uv": [ 5.88, 8, 6.94, 9.06 ], "texture": "#1", "rotation": 270 },
				"up": { "uv": [ 5.88, 6.940001, 6.94, 8 ], "texture": "#1", "rotation": 90 },
				"north": { "uv": [ 6.94, 4.1, 8, 5.1 ], "texture": "#1", "rotation": 270 },
				"south": { "uv": [ 9.06, 5.1, 8, 4.1 ], "texture": "#1", "rotation": 90 },
				"west": { "uv": [ 5.88, 4.1, 6.94, 5.1 ], "texture": "#1" },
				"east": { "uv": [ 9.06, 4.1, 10.12, 5.1 ], "texture": "#1" }
			}
		},
		{
			"from": [ 6.45, 9.7, 6.94 ],
			"to": [ 7.51, 10.7, 8 ],
			"rotation": { "origin": [ 6.45, 7.15, 8 ], "axis": "z", "angle": -45 },
			"faces": {
				"down": { "uv": [ 6.94, 8, 8, 9.06 ], "texture": "#1", "rotation": 270 },
				"up": { "uv": [ 6.94, 6.940001, 8, 8 ], "texture": "#1", "rotation": 90 },
				"north": { "uv": [ 6.94, 4.45, 8, 5.45 ], "texture": "#1", "rotation": 270 },
				"south": { "uv": [ 9.06, 5.45, 8, 4.45 ], "texture": "#1", "rotation": 90 },
				"west": { "uv": [ 6.94, 4.45, 8, 5.45 ], "texture": "#1" },
				"east": { "uv": [ 8, 4.45, 9.06, 5.45 ], "texture": "#1" }
			}
		},
		{
			"from": [ 6.45, 9.849999, 8 ],
			"to": [ 7.51, 10.85, 9.06 ],
			"rotation": { "origin": [ 6.45, 7.15, 8 ], "axis": "z", "angle": -45 },
			"faces": {
				"down": { "uv": [ 8, 8, 9.06, 9.06 ], "texture": "#1", "rotation": 270 },
				"up": { "uv": [ 8, 6.940001, 9.06, 8 ], "texture": "#1", "rotation": 90 },
				"north": { "uv": [ 6.94, 4.3, 8, 5.3 ], "texture": "#1", "rotation": 270 },
				"south": { "uv": [ 9.06, 5.3, 8, 4.3 ], "texture": "#1", "rotation": 90 },
				"west": { "uv": [ 8, 4.3, 9.06, 5.3 ], "texture": "#1" },
				"east": { "uv": [ 6.94, 4.3, 8, 5.3 ], "texture": "#1" }
			}
		},
		{
			"from": [ 6.45, 10.1, 9.059999 ],
			"to": [ 7.51, 11.1, 10.12 ],
			"rotation": { "origin": [ 6.45, 7.15, 8 ], "axis": "z", "angle": -45 },
			"faces": {
				"down": { "uv": [ 9.06, 8, 10.12, 9.06 ], "texture": "#1", "rotation": 270 },
				"up": { "uv": [ 9.06, 6.940001, 10.12, 8 ], "texture": "#1", "rotation": 90 },
				"north": { "uv": [ 6.94, 4.05, 8, 5.05 ], "texture": "#1", "rotation": 270 },
				"south": { "uv": [ 9.06, 5.05, 8, 4.05 ], "texture": "#1", "rotation": 90 },
				"west": { "uv": [ 9.06, 4.05, 10.12, 5.05 ], "texture": "#1" },
				"east": { "uv": [ 5.88, 4.05, 6.94, 5.05 ], "texture": "#1" }
			}
		},
		{
			"from": [ 6.45, 10.3, 10.12 ],
			"to": [ 7.51, 11.3, 11.18 ],
			"rotation": { "origin": [ 6.45, 7.15, 8 ], "axis": "z", "angle": -45 },
			"faces": {
				"down": { "uv": [ 10.12, 8, 11.18, 9.06 ], "texture": "#1", "rotation": 270 },
				"up": { "uv": [ 10.12, 6.940001, 11.18, 8 ], "texture": "#1", "rotation": 90 },
				"north": { "uv": [ 6.94, 3.85, 8, 4.85 ], "texture": "#1", "rotation": 270 },
				"south": { "uv": [ 9.06, 4.85, 8, 3.85 ], "texture": "#1", "rotation": 90 },
				"west": { "uv": [ 10.12, 3.85, 11.18, 4.85 ], "texture": "#1" },
				"east": { "uv": [ 4.82, 3.85, 5.88, 4.85 ], "texture": "#1" }
			}
		},
		{
			"from": [ 6.45, 10.5, 11.18 ],
			"to": [ 7.51, 11.5, 12.24 ],
			"rotation": { "origin": [ 6.45, 7.15, 8 ], "axis": "z", "angle": -45 },
			"faces": {
				"down": { "uv": [ 11.18, 8, 12.24, 9.06 ], "texture": "#1", "rotation": 270 },
				"up": { "uv": [ 11.18, 6.940001, 12.24, 8 ], "texture": "#1", "rotation": 90 },
				"north": { "uv": [ 6.94, 3.65, 8, 4.65 ], "texture": "#1", "rotation": 270 },
				"south": { "uv": [ 9.06, 4.65, 8, 3.65 ], "texture": "#1", "rotation": 90 },
				"west": { "uv": [ 11.18, 3.65, 12.24, 4.65 ], "texture": "#1" },
				"east": { "uv": [ 3.76, 3.65, 4.82, 4.65 ], "texture": "#1" }
			}
		},
		{
			"from": [ 5.39, 10.5, 3.76 ],
			"to": [ 6.45, 11.5, 4.82 ],
			"rotation": { "origin": [ 6.45, 7.15, 8 ], "axis": "z", "angle": -45 },
			"faces": {
				"down": { "uv": [ 3.76, 6.940001, 4.82, 8 ], "texture": "#1", "rotation": 270 },
				"up": { "uv": [ 3.76, 8, 4.82, 9.06 ], "texture": "#1", "rotation": 90 },
				"north": { "uv": [ 8, 3.65, 9.06, 4.65 ], "texture": "#1", "rotation": 270 },
				"south": { "uv": [ 8, 4.65, 6.94, 3.65 ], "texture": "#1", "rotation": 90 },
				"west": { "uv": [ 3.76, 3.65, 4.82, 4.65 ], "texture": "#1" },
				"east": { "uv": [ 11.18, 3.65, 12.24, 4.65 ], "texture": "#1" }
			}
		},
		{
			"from": [ 5.39, 10.2, 4.82 ],
			"to": [ 6.45, 11.2, 5.88 ],
			"rotation": { "origin": [ 6.45, 7.15, 8 ], "axis": "z", "angle": -45 },
			"faces": {
				"down": { "uv": [ 4.82, 6.940001, 5.88, 8 ], "texture": "#1", "rotation": 270 },
				"up": { "uv": [ 4.82, 8, 5.88, 9.06 ], "texture": "#1", "rotation": 90 },
				"north": { "uv": [ 8, 3.95, 9.06, 4.95 ], "texture": "#1", "rotation": 270 },
				"south": { "uv": [ 8, 4.95, 6.94, 3.95 ], "texture": "#1", "rotation": 90 },
				"west": { "uv": [ 4.82, 3.95, 5.88, 4.95 ], "texture": "#1" },
				"east": { "uv": [ 10.12, 3.95, 11.18, 4.95 ], "texture": "#1" }
			}
		},
		{
			"from": [ 5.39, 10, 5.88 ],
			"to": [ 6.45, 11, 6.94 ],
			"rotation": { "origin": [ 6.45, 7.15, 8 ], "axis": "z", "angle": -45 },
			"faces": {
				"down": { "uv": [ 5.88, 6.940001, 6.94, 8 ], "texture": "#1", "rotation": 270 },
				"up": { "uv": [ 5.88, 8, 6.94, 9.06 ], "texture": "#1", "rotation": 90 },
				"north": { "uv": [ 8, 4.15, 9.06, 5.15 ], "texture": "#1", "rotation": 270 },
				"south": { "uv": [ 8, 5.15, 6.94, 4.15 ], "texture": "#1", "rotation": 90 },
				"west": { "uv": [ 5.88, 4.15, 6.94, 5.15 ], "texture": "#1" },
				"east": { "uv": [ 9.06, 4.15, 10.12, 5.15 ], "texture": "#1" }
			}
		},
		{
			"from": [ 5.39, 9.849999, 6.94 ],
			"to": [ 6.45, 10.85, 8 ],
			"rotation": { "origin": [ 6.45, 7.15, 8 ], "axis": "z", "angle": -45 },
			"faces": {
				"down": { "uv": [ 6.94, 6.940001, 8, 8 ], "texture": "#1", "rotation": 270 },
				"up": { "uv": [ 6.94, 8, 8, 9.06 ], "texture": "#1", "rotation": 90 },
				"north": { "uv": [ 8, 4.3, 9.06, 5.3 ], "texture": "#1", "rotation": 270 },
				"south": { "uv": [ 8, 5.3, 6.94, 4.3 ], "texture": "#1", "rotation": 90 },
				"west": { "uv": [ 6.94, 4.3, 8, 5.3 ], "texture": "#1" },
				"east": { "uv": [ 8, 4.3, 9.06, 5.3 ], "texture": "#1" }
			}
		},
		{
			"from": [ 5.39, 10.05, 8 ],
			"to": [ 6.45, 11.05, 9.06 ],
			"rotation": { "origin": [ 6.45, 7.15, 8 ], "axis": "z", "angle": -45 },
			"faces": {
				"down": { "uv": [ 8, 6.940001, 9.06, 8 ], "texture": "#1", "rotation": 270 },
				"up": { "uv": [ 8, 8, 9.06, 9.06 ], "texture": "#1", "rotation": 90 },
				"north": { "uv": [ 8, 4.1, 9.06, 5.1 ], "texture": "#1", "rotation": 270 },
				"south": { "uv": [ 8, 5.1, 6.94, 4.1 ], "texture": "#1", "rotation": 90 },
				"west": { "uv": [ 8, 4.1, 9.06, 5.1 ], "texture": "#1" },
				"east": { "uv": [ 6.94, 4.1, 8, 5.1 ], "texture": "#1" }
			}
		},
		{
			"from": [ 5.39, 10.3, 9.059999 ],
			"to": [ 6.45, 11.3, 10.12 ],
			"rotation": { "origin": [ 6.45, 7.15, 8 ], "axis": "z", "angle": -45 },
			"faces": {
				"down": { "uv": [ 9.06, 6.940001, 10.12, 8 ], "texture": "#1", "rotation": 270 },
				"up": { "uv": [ 9.06, 8, 10.12, 9.06 ], "texture": "#1", "rotation": 90 },
				"north": { "uv": [ 8, 3.85, 9.06, 4.85 ], "texture": "#1", "rotation": 270 },
				"south": { "uv": [ 8, 4.85, 6.94, 3.85 ], "texture": "#1", "rotation": 90 },
				"west": { "uv": [ 9.06, 3.85, 10.12, 4.85 ], "texture": "#1" },
				"east": { "uv": [ 5.88, 3.85, 6.94, 4.85 ], "texture": "#1" }
			}
		},
		{
			"from": [ 5.39, 10.5, 10.12 ],
			"to": [ 6.45, 11.5, 11.18 ],
			"rotation": { "origin": [ 6.45, 7.15, 8 ], "axis": "z", "angle": -45 },
			"faces": {
				"down": { "uv": [ 10.12, 6.940001, 11.18, 8 ], "texture": "#1", "rotation": 270 },
				"up": { "uv": [ 10.12, 8, 11.18, 9.06 ], "texture": "#1", "rotation": 90 },
				"north": { "uv": [ 8, 3.65, 9.06, 4.65 ], "texture": "#1", "rotation": 270 },
				"south": { "uv": [ 8, 4.65, 6.94, 3.65 ], "texture": "#1", "rotation": 90 },
				"west": { "uv": [ 10.12, 3.65, 11.18, 4.65 ], "texture": "#1" },
				"east": { "uv": [ 4.82, 3.65, 5.88, 4.65 ], "texture": "#1" }
			}
		},
		{
			"from": [ 5.39, 10.5, 11.18 ],
			"to": [ 6.45, 11.5, 12.24 ],
			"rotation": { "origin": [ 6.45, 7.15, 8 ], "axis": "z", "angle": -45 },
			"faces": {
				"down": { "uv": [ 11.18, 6.940001, 12.24, 8 ], "texture": "#1", "rotation": 270 },
				"up": { "uv": [ 11.18, 8, 12.24, 9.06 ], "texture": "#1", "rotation": 90 },
				"north": { "uv": [ 8, 3.65, 9.06, 4.65 ], "texture": "#1", "rotation": 270 },
				"south": { "uv": [ 8, 4.65, 6.94, 3.65 ], "texture": "#1", "rotation": 90 },
				"west": { "uv": [ 11.18, 3.65, 12.24, 4.65 ], "texture": "#1" },
				"east": { "uv": [ 3.76, 3.65, 4.82, 4.65 ], "texture": "#1" }
			}
		},
		{
			"from": [ 4.33, 10.5, 3.76 ],
			"to": [ 5.39, 11.5, 4.82 ],
			"rotation": { "origin": [ 6.45, 7.15, 8 ], "axis": "z", "angle": -45 },
			"faces": {
				"down": { "uv": [ 3.76, 5.88, 4.82, 6.940001 ], "texture": "#1", "rotation": 270 },
				"up": { "uv": [ 3.76, 9.06, 4.82, 10.12 ], "texture": "#1", "rotation": 90 },
				"north": { "uv": [ 9.06, 3.65, 10.12, 4.65 ], "texture": "#1", "rotation": 270 },
				"south": { "uv": [ 6.94, 4.65, 5.88, 3.65 ], "texture": "#1", "rotation": 90 },
				"west": { "uv": [ 3.76, 3.65, 4.82, 4.65 ], "texture": "#1" },
				"east": { "uv": [ 11.18, 3.65, 12.24, 4.65 ], "texture": "#1" }
			}
		},
		{
			"from": [ 4.33, 10.5, 4.82 ],
			"to": [ 5.39, 11.5, 5.88 ],
			"rotation": { "origin": [ 6.45, 7.15, 8 ], "axis": "z", "angle": -45 },
			"faces": {
				"down": { "uv": [ 4.82, 5.88, 5.88, 6.940001 ], "texture": "#1", "rotation": 270 },
				"up": { "uv": [ 4.82, 9.06, 5.88, 10.12 ], "texture": "#1", "rotation": 90 },
				"north": { "uv": [ 9.06, 3.65, 10.12, 4.65 ], "texture": "#1", "rotation": 270 },
				"south": { "uv": [ 6.94, 4.65, 5.88, 3.65 ], "texture": "#1", "rotation": 90 },
				"west": { "uv": [ 4.82, 3.65, 5.88, 4.65 ], "texture": "#1" },
				"east": { "uv": [ 10.12, 3.65, 11.18, 4.65 ], "texture": "#1" }
			}
		},
		{
			"from": [ 4.33, 10.2, 5.88 ],
			"to": [ 5.39, 11.2, 6.94 ],
			"rotation": { "origin": [ 6.45, 7.15, 8 ], "axis": "z", "angle": -45 },
			"faces": {
				"down": { "uv": [ 5.88, 5.88, 6.94, 6.940001 ], "texture": "#1", "rotation": 270 },
				"up": { "uv": [ 5.88, 9.06, 6.94, 10.12 ], "texture": "#1", "rotation": 90 },
				"north": { "uv": [ 9.06, 3.95, 10.12, 4.95 ], "texture": "#1", "rotation": 270 },
				"south": { "uv": [ 6.94, 4.95, 5.88, 3.95 ], "texture": "#1", "rotation": 90 },
				"west": { "uv": [ 5.88, 3.95, 6.94, 4.95 ], "texture": "#1" },
				"east": { "uv": [ 9.06, 3.95, 10.12, 4.95 ], "texture": "#1" }
			}
		},
		{
			"from": [ 4.33, 10.15, 6.94 ],
			"to": [ 5.39, 11.15, 8 ],
			"rotation": { "origin": [ 6.45, 7.15, 8 ], "axis": "z", "angle": -45 },
			"faces": {
				"down": { "uv": [ 6.94, 5.88, 8, 6.940001 ], "texture": "#1", "rotation": 270 },
				"up": { "uv": [ 6.94, 9.06, 8, 10.12 ], "texture": "#1", "rotation": 90 },
				"north": { "uv": [ 9.06, 4, 10.12, 5 ], "texture": "#1", "rotation": 270 },
				"south": { "uv": [ 6.94, 5, 5.88, 4 ], "texture": "#1", "rotation": 90 },
				"west": { "uv": [ 6.94, 4, 8, 5 ], "texture": "#1" },
				"east": { "uv": [ 8, 4, 9.06, 5 ], "texture": "#1" }
			}
		},
		{
			"from": [ 4.33, 10, 8 ],
			"to": [ 5.39, 11, 9.06 ],
			"rotation": { "origin": [ 6.45, 7.15, 8 ], "axis": "z", "angle": -45 },
			"faces": {
				"down": { "uv": [ 8, 5.88, 9.06, 6.940001 ], "texture": "#1", "rotation": 270 },
				"up": { "uv": [ 8, 9.06, 9.06, 10.12 ], "texture": "#1", "rotation": 90 },
				"north": { "uv": [ 9.06, 4.15, 10.12, 5.15 ], "texture": "#1", "rotation": 270 },
				"south": { "uv": [ 6.94, 5.15, 5.88, 4.15 ], "texture": "#1", "rotation": 90 },
				"west": { "uv": [ 8, 4.15, 9.06, 5.15 ], "texture": "#1" },
				"east": { "uv": [ 6.94, 4.15, 8, 5.15 ], "texture": "#1" }
			}
		},
		{
			"from": [ 4.33, 10.15, 9.059999 ],
			"to": [ 5.39, 11.15, 10.12 ],
			"rotation": { "origin": [ 6.45, 7.15, 8 ], "axis": "z", "angle": -45 },
			"faces": {
				"down": { "uv": [ 9.06, 5.88, 10.12, 6.940001 ], "texture": "#1", "rotation": 270 },
				"up": { "uv": [ 9.06, 9.06, 10.12, 10.12 ], "texture": "#1", "rotation": 90 },
				"north": { "uv": [ 9.06, 4, 10.12, 5 ], "texture": "#1", "rotation": 270 },
				"south": { "uv": [ 6.94, 5, 5.88, 4 ], "texture": "#1", "rotation": 90 },
				"west": { "uv": [ 9.06, 4, 10.12, 5 ], "texture": "#1" },
				"east": { "uv": [ 5.88, 4, 6.94, 5 ], "texture": "#1" }
			}
		},
		{
			"from": [ 4.33, 10.25, 10.12 ],
			"to": [ 5.39, 11.25, 11.18 ],
			"rotation": { "origin": [ 6.45, 7.15, 8 ], "axis": "z", "angle": -45 },
			"faces": {
				"down": { "uv": [ 10.12, 5.88, 11.18, 6.940001 ], "texture": "#1", "rotation": 270 },
				"up": { "uv": [ 10.12, 9.06, 11.18, 10.12 ], "texture": "#1", "rotation": 90 },
				"north": { "uv": [ 9.06, 3.9, 10.12, 4.9 ], "texture": "#1", "rotation": 270 },
				"south": { "uv": [ 6.94, 4.9, 5.88, 3.9 ], "texture": "#1", "rotation": 90 },
				"west": { "uv": [ 10.12, 3.9, 11.18, 4.9 ], "texture": "#1" },
				"east": { "uv": [ 4.82, 3.9, 5.88, 4.9 ], "texture": "#1" }
			}
		},
		{
			"from": [ 4.33, 10.5, 11.18 ],
			"to": [ 5.39, 11.5, 12.24 ],
			"rotation": { "origin": [ 6.45, 7.15, 8 ], "axis": "z", "angle": -45 },
			"faces": {
				"down": { "uv": [ 11.18, 5.88, 12.24, 6.940001 ], "texture": "#1", "rotation": 270 },
				"up": { "uv": [ 11.18, 9.06, 12.24, 10.12 ], "texture": "#1", "rotation": 90 },
				"north": { "uv": [ 9.06, 3.65, 10.12, 4.65 ], "texture": "#1", "rotation": 270 },
				"south": { "uv": [ 6.94, 4.65, 5.88, 3.65 ], "texture": "#1", "rotation": 90 },
				"west": { "uv": [ 11.18, 3.65, 12.24, 4.65 ], "texture": "#1" },
				"east": { "uv": [ 3.76, 3.65, 4.82, 4.65 ], "texture": "#1" }
			}
		},
		{
			"from": [ 3.27, 10.5, 4.82 ],
			"to": [ 4.33, 11.5, 5.88 ],
			"rotation": { "origin": [ 6.45, 7.15, 8 ], "axis": "z", "angle": -45 },
			"faces": {
				"down": { "uv": [ 4.82, 4.82, 5.88, 5.88 ], "texture": "#1", "rotation": 270 },
				"up": { "uv": [ 4.82, 10.12, 5.88, 11.18 ], "texture": "#1", "rotation": 90 },
				"north": { "uv": [ 10.12, 3.65, 11.18, 4.65 ], "texture": "#1", "rotation": 270 },
				"south": { "uv": [ 5.88, 4.65, 4.82, 3.65 ], "texture": "#1", "rotation": 90 },
				"west": { "uv": [ 4.82, 3.65, 5.88, 4.65 ], "texture": "#1" },
				"east": { "uv": [ 10.12, 3.65, 11.18, 4.65 ], "texture": "#1" }
			}
		},
		{
			"from": [ 3.27, 10.4, 5.88 ],
			"to": [ 4.33, 11.4, 6.94 ],
			"rotation": { "origin": [ 6.45, 7.15, 8 ], "axis": "z", "angle": -45 },
			"faces": {
				"down": { "uv": [ 5.88, 4.82, 6.94, 5.88 ], "texture": "#1", "rotation": 270 },
				"up": { "uv": [ 5.88, 10.12, 6.94, 11.18 ], "texture": "#1", "rotation": 90 },
				"north": { "uv": [ 10.12, 3.75, 11.18, 4.75 ], "texture": "#1", "rotation": 270 },
				"south": { "uv": [ 5.88, 4.75, 4.82, 3.75 ], "texture": "#1", "rotation": 90 },
				"west": { "uv": [ 5.88, 3.75, 6.94, 4.75 ], "texture": "#1" },
				"east": { "uv": [ 9.06, 3.75, 10.12, 4.75 ], "texture": "#1" }
			}
		},
		{
			"from": [ 3.27, 10.25, 6.94 ],
			"to": [ 4.33, 11.25, 8 ],
			"rotation": { "origin": [ 6.45, 7.15, 8 ], "axis": "z", "angle": -45 },
			"faces": {
				"down": { "uv": [ 6.94, 4.82, 8, 5.88 ], "texture": "#1", "rotation": 270 },
				"up": { "uv": [ 6.94, 10.12, 8, 11.18 ], "texture": "#1", "rotation": 90 },
				"north": { "uv": [ 10.12, 3.9, 11.18, 4.9 ], "texture": "#1", "rotation": 270 },
				"south": { "uv": [ 5.88, 4.9, 4.82, 3.9 ], "texture": "#1", "rotation": 90 },
				"west": { "uv": [ 6.94, 3.9, 8, 4.9 ], "texture": "#1" },
				"east": { "uv": [ 8, 3.9, 9.06, 4.9 ], "texture": "#1" }
			}
		},
		{
			"from": [ 3.27, 10.15, 8 ],
			"to": [ 4.33, 11.15, 9.06 ],
			"rotation": { "origin": [ 6.45, 7.15, 8 ], "axis": "z", "angle": -45 },
			"faces": {
				"down": { "uv": [ 8, 4.82, 9.06, 5.88 ], "texture": "#1", "rotation": 270 },
				"up": { "uv": [ 8, 10.12, 9.06, 11.18 ], "texture": "#1", "rotation": 90 },
				"north": { "uv": [ 10.12, 4, 11.18, 5 ], "texture": "#1", "rotation": 270 },
				"south": { "uv": [ 5.88, 5, 4.82, 4 ], "texture": "#1", "rotation": 90 },
				"west": { "uv": [ 8, 4, 9.06, 5 ], "texture": "#1" },
				"east": { "uv": [ 6.94, 4, 8, 5 ], "texture": "#1" }
			}
		},
		{
			"from": [ 3.27, 10.35, 9.059999 ],
			"to": [ 4.33, 11.35, 10.12 ],
			"rotation": { "origin": [ 6.45, 7.15, 8 ], "axis": "z", "angle": -45 },
			"faces": {
				"down": { "uv": [ 9.06, 4.82, 10.12, 5.88 ], "texture": "#1", "rotation": 270 },
				"up": { "uv": [ 9.06, 10.12, 10.12, 11.18 ], "texture": "#1", "rotation": 90 },
				"north": { "uv": [ 10.12, 3.8, 11.18, 4.8 ], "texture": "#1", "rotation": 270 },
				"south": { "uv": [ 5.88, 4.8, 4.82, 3.8 ], "texture": "#1", "rotation": 90 },
				"west": { "uv": [ 9.06, 3.8, 10.12, 4.8 ], "texture": "#1" },
				"east": { "uv": [ 5.88, 3.8, 6.94, 4.8 ], "texture": "#1" }
			}
		},
		{
			"from": [ 3.27, 10.5, 10.12 ],
			"to": [ 4.33, 11.5, 11.18 ],
			"rotation": { "origin": [ 6.45, 7.15, 8 ], "axis": "z", "angle": -45 },
			"faces": {
				"down": { "uv": [ 10.12, 4.82, 11.18, 5.88 ], "texture": "#1", "rotation": 270 },
				"up": { "uv": [ 10.12, 10.12, 11.18, 11.18 ], "texture": "#1", "rotation": 90 },
				"north": { "uv": [ 10.12, 3.65, 11.18, 4.65 ], "texture": "#1", "rotation": 270 },
				"south": { "uv": [ 5.88, 4.65, 4.82, 3.65 ], "texture": "#1", "rotation": 90 },
				"west": { "uv": [ 10.12, 3.65, 11.18, 4.65 ], "texture": "#1" },
				"east": { "uv": [ 4.82, 3.65, 5.88, 4.65 ], "texture": "#1" }
			}
		},
		{
			"from": [ 2.21, 10.5, 5.88 ],
			"to": [ 3.27, 11.5, 6.94 ],
			"rotation": { "origin": [ 6.45, 7.15, 8 ], "axis": "z", "angle": -45 },
			"faces": {
				"down": { "uv": [ 5.88, 3.76, 6.94, 4.82 ], "texture": "#1", "rotation": 270 },
				"up": { "uv": [ 5.88, 11.18, 6.94, 12.24 ], "texture": "#1", "rotation": 90 },
				"north": { "uv": [ 11.18, 3.65, 12.24, 4.65 ], "texture": "#1", "rotation": 270 },
				"south": { "uv": [ 4.82, 4.65, 3.76, 3.65 ], "texture": "#1", "rotation": 90 },
				"west": { "uv": [ 5.88, 3.65, 6.94, 4.65 ], "texture": "#1" },
				"east": { "uv": [ 9.06, 3.65, 10.12, 4.65 ], "texture": "#1" }
			}
		},
		{
			"from": [ 2.21, 10.5, 6.94 ],
			"to": [ 3.27, 11.5, 8 ],
			"rotation": { "origin": [ 6.45, 7.15, 8 ], "axis": "z", "angle": -45 },
			"faces": {
				"down": { "uv": [ 6.94, 3.76, 8, 4.82 ], "texture": "#1", "rotation": 270 },
				"up": { "uv": [ 6.94, 11.18, 8, 12.24 ], "texture": "#1", "rotation": 90 },
				"north": { "uv": [ 11.18, 3.65, 12.24, 4.65 ], "texture": "#1", "rotation": 270 },
				"south": { "uv": [ 4.82, 4.65, 3.76, 3.65 ], "texture": "#1", "rotation": 90 },
				"west": { "uv": [ 6.94, 3.65, 8, 4.65 ], "texture": "#1" },
				"east": { "uv": [ 8, 3.65, 9.06, 4.65 ], "texture": "#1" }
			}
		},
		{
			"from": [ 2.21, 10.5, 8 ],
			"to": [ 3.27, 11.5, 9.06 ],
			"rotation": { "origin": [ 6.45, 7.15, 8 ], "axis": "z", "angle": -45 },
			"faces": {
				"down": { "uv": [ 8, 3.76, 9.06, 4.82 ], "texture": "#1", "rotation": 270 },
				"up": { "uv": [ 8, 11.18, 9.06, 12.24 ], "texture": "#1", "rotation": 90 },
				"north": { "uv": [ 11.18, 3.65, 12.24, 4.65 ], "texture": "#1", "rotation": 270 },
				"south": { "uv": [ 4.82, 4.65, 3.76, 3.65 ], "texture": "#1", "rotation": 90 },
				"west": { "uv": [ 8, 3.65, 9.06, 4.65 ], "texture": "#1" },
				"east": { "uv": [ 6.94, 3.65, 8, 4.65 ], "texture": "#1" }
			}
		},
		{
			"from": [ 2.21, 10.5, 9.059999 ],
			"to": [ 3.27, 11.5, 10.12 ],
			"rotation": { "origin": [ 6.45, 7.15, 8 ], "axis": "z", "angle": -45 },
			"faces": {
				"down": { "uv": [ 9.06, 3.76, 10.12, 4.82 ], "texture": "#1", "rotation": 270 },
				"up": { "uv": [ 9.06, 11.18, 10.12, 12.24 ], "texture": "#1", "rotation": 90 },
				"north": { "uv": [ 11.18, 3.65, 12.24, 4.65 ], "texture": "#1", "rotation": 270 },
				"south": { "uv": [ 4.82, 4.65, 3.76, 3.65 ], "texture": "#1", "rotation": 90 },
				"west": { "uv": [ 9.06, 3.65, 10.12, 4.65 ], "texture": "#1" },
				"east": { "uv": [ 5.88, 3.65, 6.94, 4.65 ], "texture": "#1" }
			}
		}
	]
}