{
	"__comment": "Designed by CreatorLabs with Cubik Studio - https://cubik.studio",
	"ambientocclusion": false,
	"textures": {
		"1": "3d_decoration/flower_stem",
		"particle": "blocks/double_plant_sunflower_bottom"
	},
	"elements": [ 	 
		{
			"from": [ 5, 14, 7.85 ],
			"to": [ 6, 15, 8.85 ],
			"faces": {
				"up": { "uv": [ 5, 7.5, 6, 8.5 ], "texture": "#1" },
				"north": { "uv": [ 10, 1, 11, 2 ], "texture": "#1" },
				"south": { "uv": [ 5, 1, 6, 2 ], "texture": "#1" },
				"west": { "uv": [ 7.5, 1, 8.5, 2 ], "texture": "#1" },
				"east": { "uv": [ 8.5, 2, 7.5, 1 ], "texture": "#1" }
			}
		},
		{
			"from": [ 5, 13, 7.85 ],
			"to": [ 6, 14, 8.85 ],
			"faces": {
				"north": { "uv": [ 10, 2, 11, 3 ], "texture": "#1" },
				"south": { "uv": [ 5, 2, 6, 3 ], "texture": "#1" },
				"west": { "uv": [ 7.5, 2, 8.5, 3 ], "texture": "#1" },
				"east": { "uv": [ 8.5, 3, 7.5, 2 ], "texture": "#1" }
			}
		},
		{
			"from": [ 6, 13, 7.5 ],
			"to": [ 7, 14, 8.5 ],
			"faces": {
				"up": { "uv": [ 6, 7.5, 7, 8.5 ], "texture": "#1" },
				"north": { "uv": [ 9, 2, 10, 3 ], "texture": "#1" },
				"south": { "uv": [ 6, 2, 7, 3 ], "texture": "#1" },
				"west": { "uv": [ 7.5, 2, 8.5, 3 ], "texture": "#1" }
			}
		},
		{
			"from": [ 5, 12, 7.85 ],
			"to": [ 6, 13, 8.85 ],
			"faces": {
				"down": { "uv": [ 5, 7.5, 6, 8.5 ], "texture": "#1" },
				"north": { "uv": [ 10, 3, 11, 4 ], "texture": "#1" },
				"south": { "uv": [ 5, 3, 6, 4 ], "texture": "#1" },
				"west": { "uv": [ 7.5, 3, 8.5, 4 ], "texture": "#1" },
				"east": { "uv": [ 8.5, 4, 7.5, 3 ], "texture": "#1" }
			}
		},
		{
			"from": [ 6, 12, 7.5 ],
			"to": [ 7, 13, 8.5 ],
			"faces": {
				"down": { "uv": [ 6, 7.5, 7, 8.5 ], "texture": "#1" },
				"north": { "uv": [ 9, 3, 10, 4 ], "texture": "#1" },
				"south": { "uv": [ 6, 3, 7, 4 ], "texture": "#1" },
				"west": { "uv": [ 7.5, 3, 8.5, 4 ], "texture": "#1" }
			}
		},
		{
			"from": [ 10, 12, 7.5 ],
			"to": [ 11, 13, 8.5 ],
			"faces": {
				"up": { "uv": [ 10, 7.5, 11, 8.5 ], "texture": "#1" },
				"north": { "uv": [ 5, 3, 6, 4 ], "texture": "#1" },
				"south": { "uv": [ 10, 3, 11, 4 ], "texture": "#1" },
				"west": { "uv": [ 7.5, 3, 8.5, 4 ], "texture": "#1" },
				"east": { "uv": [ 8.5, 4, 7.5, 3 ], "texture": "#1" }
			}
		},
		{
			"from": [ 10, 11, 7.5 ],
			"to": [ 11, 12, 8.5 ],
			"faces": {
				"north": { "uv": [ 5, 4, 6, 5 ], "texture": "#1" },
				"south": { "uv": [ 10, 4, 11, 5 ], "texture": "#1" },
				"west": { "uv": [ 7.5, 4, 8.5, 5 ], "texture": "#1" },
				"east": { "uv": [ 8.5, 5, 7.5, 4 ], "texture": "#1" }
			}
		},
		{
			"from": [ 11, 11, 7.9 ],
			"to": [ 12, 12, 8.9 ],
			"faces": {
				"down": { "uv": [ 11, 7.5, 12, 8.5 ], "texture": "#1" },
				"up": { "uv": [ 11, 7.5, 12, 8.5 ], "texture": "#1" },
				"north": { "uv": [ 4, 4, 5, 5 ], "texture": "#1" },
				"south": { "uv": [ 11, 4, 12, 5 ], "texture": "#1" },
				"west": { "uv": [ 7.5, 4, 8.5, 5 ], "texture": "#1" },
				"east": { "uv": [ 8.5, 5, 7.5, 4 ], "texture": "#1" }
			}
		},
		{
			"from": [ 9, 10, 6.95 ],
			"to": [ 10, 11, 7.95 ],
			"faces": {
				"up": { "uv": [ 9, 7.5, 10, 8.5 ], "texture": "#1" },
				"north": { "uv": [ 6, 5, 7, 6 ], "texture": "#1" },
				"south": { "uv": [ 9, 5, 10, 6 ], "texture": "#1" },
				"west": { "uv": [ 7.5, 5, 8.5, 6 ], "texture": "#1" },
				"east": { "uv": [ 8.5, 6, 7.5, 5 ], "texture": "#1" }
			}
		},
		{
			"from": [ 10, 10, 7.5 ],
			"to": [ 11, 11, 8.5 ],
			"faces": {
				"down": { "uv": [ 10, 7.5, 11, 8.5 ], "texture": "#1" },
				"north": { "uv": [ 5, 5, 6, 6 ], "texture": "#1" },
				"south": { "uv": [ 10, 5, 11, 6 ], "texture": "#1" },
				"west": { "uv": [ 7.5, 5, 8.5, 6 ], "texture": "#1" },
				"east": { "uv": [ 8.5, 6, 7.5, 5 ], "texture": "#1" }
			}
		},
		{
			"from": [ 9, 9, 6.95 ],
			"to": [ 10, 10, 7.95 ],
			"faces": {
				"down": { "uv": [ 9, 7.5, 10, 8.5 ], "texture": "#1" },
				"north": { "uv": [ 6, 6, 7, 7 ], "texture": "#1" },
				"south": { "uv": [ 9, 6, 10, 7 ], "texture": "#1" },
				"west": { "uv": [ 7.5, 6, 8.5, 7 ], "texture": "#1" },
				"east": { "uv": [ 8.5, 7, 7.5, 6 ], "texture": "#1" }
			}
		},
		{
			"from": [ 5, 5, 6.45 ],
			"to": [ 6, 6, 7.45 ],
			"faces": {
				"up": { "uv": [ 5, 7.5, 6, 8.5 ], "texture": "#1" },
				"north": { "uv": [ 10, 10, 11, 11 ], "texture": "#1" },
				"south": { "uv": [ 5, 10, 6, 11 ], "texture": "#1" },
				"west": { "uv": [ 7.5, 10, 8.5, 11 ], "texture": "#1" },
				"east": { "uv": [ 8.5, 11, 7.5, 10 ], "texture": "#1" }
			}
		},
		{
			"from": [ 6, 5, 7.05 ],
			"to": [ 7, 6, 8.049999 ],
			"faces": {
				"up": { "uv": [ 6, 7.5, 7, 8.5 ], "texture": "#1" },
				"north": { "uv": [ 9, 10, 10, 11 ], "texture": "#1" },
				"south": { "uv": [ 6, 10, 7, 11 ], "texture": "#1" },
				"west": { "uv": [ 7.5, 10, 8.5, 11 ], "texture": "#1" },
				"east": { "uv": [ 8.5, 11, 7.5, 10 ], "texture": "#1" }
			}
		},
		{
			"from": [ 9, 5, 7.85 ],
			"to": [ 10, 6, 8.85 ],
			"faces": {
				"up": { "uv": [ 9, 7.5, 10, 8.5 ], "texture": "#1" },
				"north": { "uv": [ 6, 10, 7, 11 ], "texture": "#1" },
				"south": { "uv": [ 9, 10, 10, 11 ], "texture": "#1" },
				"west": { "uv": [ 7.5, 10, 8.5, 11 ], "texture": "#1" },
				"east": { "uv": [ 8.5, 11, 7.5, 10 ], "texture": "#1" }
			}
		},
		{
			"from": [ 5, 4, 6.45 ],
			"to": [ 6, 5, 7.45 ],
			"faces": {
				"down": { "uv": [ 5, 7.5, 6, 8.5 ], "texture": "#1" },
				"north": { "uv": [ 10, 11, 11, 12 ], "texture": "#1" },
				"south": { "uv": [ 5, 11, 6, 12 ], "texture": "#1" },
				"west": { "uv": [ 7.5, 11, 8.5, 12 ], "texture": "#1" },
				"east": { "uv": [ 8.5, 12, 7.5, 11 ], "texture": "#1" }
			}
		},
		{
			"from": [ 6, 4, 7.05 ],
			"to": [ 7, 5, 8.049999 ],
			"faces": {
				"north": { "uv": [ 9, 11, 10, 12 ], "texture": "#1" },
				"south": { "uv": [ 6, 11, 7, 12 ], "texture": "#1" },
				"west": { "uv": [ 7.5, 11, 8.5, 12 ], "texture": "#1" },
				"east": { "uv": [ 8.5, 12, 7.5, 11 ], "texture": "#1" }
			}
		},
		{
			"from": [ 9, 4, 7.85 ],
			"to": [ 10, 5, 8.85 ],
			"faces": {
				"north": { "uv": [ 6, 11, 7, 12 ], "texture": "#1" },
				"south": { "uv": [ 9, 11, 10, 12 ], "texture": "#1" },
				"west": { "uv": [ 7.5, 11, 8.5, 12 ], "texture": "#1" },
				"east": { "uv": [ 8.5, 12, 7.5, 11 ], "texture": "#1" }
			}
		},
		{
			"from": [ 10, 4, 7.5 ],
			"to": [ 11, 5, 8.5 ],
			"faces": {
				"down": { "uv": [ 10, 7.5, 11, 8.5 ], "texture": "#1" },
				"up": { "uv": [ 10, 7.5, 11, 8.5 ], "texture": "#1" },
				"north": { "uv": [ 5, 11, 6, 12 ], "texture": "#1" },
				"south": { "uv": [ 10, 11, 11, 12 ], "texture": "#1" },
				"west": { "uv": [ 7.5, 11, 8.5, 12 ], "texture": "#1" },
				"east": { "uv": [ 8.5, 12, 7.5, 11 ], "texture": "#1" }
			}
		},
		{
			"from": [ 6, 3, 7.05 ],
			"to": [ 7, 4, 8.049999 ],
			"faces": {
				"down": { "uv": [ 6, 7.5, 7, 8.5 ], "texture": "#1" },
				"north": { "uv": [ 9, 12, 10, 13 ], "texture": "#1" },
				"south": { "uv": [ 6, 12, 7, 13 ], "texture": "#1" },
				"west": { "uv": [ 7.5, 12, 8.5, 13 ], "texture": "#1" },
				"east": { "uv": [ 8.5, 13, 7.5, 12 ], "texture": "#1" }
			}
		},
		{
			"from": [ 9, 3, 7.85 ],
			"to": [ 10, 4, 8.85 ],
			"faces": {
				"down": { "uv": [ 9, 7.5, 10, 8.5 ], "texture": "#1" },
				"north": { "uv": [ 6, 12, 7, 13 ], "texture": "#1" },
				"south": { "uv": [ 9, 12, 10, 13 ], "texture": "#1" },
				"west": { "uv": [ 7.5, 12, 8.5, 13 ], "texture": "#1" },
				"east": { "uv": [ 8.5, 13, 7.5, 12 ], "texture": "#1" }
			}
		},
		{
			"from": [ 7, 0, 7.5 ],
			"to": [ 9, 16, 8.5 ],
			"faces": {
				"down": { "uv": [ 7, 7.5, 9, 8.5 ], "texture": "#1" },
				"up": { "uv": [ 7, 7.5, 9, 8.5 ], "texture": "#1" },
				"north": { "uv": [ 7, 0, 9, 16 ], "texture": "#1" },
				"south": { "uv": [ 7, 0, 9, 16 ], "texture": "#1" },
				"west": { "uv": [ 7.5, 0, 8.5, 16 ], "texture": "#1" },
				"east": { "uv": [ 8.5, 16, 7.5, 0 ], "texture": "#1" }
			}
		},
		{
			"from": [ 7.15, 14, 5 ],
			"to": [ 8.15, 15, 6 ],
			"faces": {
				"up": { "uv": [ 5, 7.5, 6, 8.5 ], "texture": "#1", "rotation": 270 },
				"north": { "uv": [ 7.5, 1, 8.5, 2 ], "texture": "#1" },
				"south": { "uv": [ 8.5, 2, 7.5, 1 ], "texture": "#1" },
				"west": { "uv": [ 5, 1, 6, 2 ], "texture": "#1" },
				"east": { "uv": [ 10, 1, 11, 2 ], "texture": "#1" }
			}
		},
		{
			"from": [ 7.15, 13, 5 ],
			"to": [ 8.15, 14, 6 ],
			"faces": {
				"north": { "uv": [ 7.5, 2, 8.5, 3 ], "texture": "#1" },
				"south": { "uv": [ 8.5, 3, 7.5, 2 ], "texture": "#1" },
				"west": { "uv": [ 5, 2, 6, 3 ], "texture": "#1" },
				"east": { "uv": [ 10, 2, 11, 3 ], "texture": "#1" }
			}
		},
		{
			"from": [ 7.5, 13, 6 ],
			"to": [ 8.5, 14, 7 ],
			"faces": {
				"up": { "uv": [ 6, 7.5, 7, 8.5 ], "texture": "#1", "rotation": 270 },
				"north": { "uv": [ 7.5, 2, 8.5, 3 ], "texture": "#1" },
				"west": { "uv": [ 6, 2, 7, 3 ], "texture": "#1" },
				"east": { "uv": [ 9, 2, 10, 3 ], "texture": "#1" }
			}
		},
		{
			"from": [ 7.15, 12, 5 ],
			"to": [ 8.15, 13, 6 ],
			"faces": {
				"down": { "uv": [ 5, 7.5, 6, 8.5 ], "texture": "#1", "rotation": 90 },
				"north": { "uv": [ 7.5, 3, 8.5, 4 ], "texture": "#1" },
				"south": { "uv": [ 8.5, 4, 7.5, 3 ], "texture": "#1" },
				"west": { "uv": [ 5, 3, 6, 4 ], "texture": "#1" },
				"east": { "uv": [ 10, 3, 11, 4 ], "texture": "#1" }
			}
		},
		{
			"from": [ 7.5, 12, 6 ],
			"to": [ 8.5, 13, 7 ],
			"faces": {
				"down": { "uv": [ 6, 7.5, 7, 8.5 ], "texture": "#1", "rotation": 90 },
				"north": { "uv": [ 7.5, 3, 8.5, 4 ], "texture": "#1" },
				"west": { "uv": [ 6, 3, 7, 4 ], "texture": "#1" },
				"east": { "uv": [ 9, 3, 10, 4 ], "texture": "#1" }
			}
		},
		{
			"from": [ 7.5, 12, 10 ],
			"to": [ 8.5, 13, 11 ],
			"faces": {
				"up": { "uv": [ 10, 7.5, 11, 8.5 ], "texture": "#1", "rotation": 270 },
				"north": { "uv": [ 7.5, 3, 8.5, 4 ], "texture": "#1" },
				"south": { "uv": [ 8.5, 4, 7.5, 3 ], "texture": "#1" },
				"west": { "uv": [ 10, 3, 11, 4 ], "texture": "#1" },
				"east": { "uv": [ 5, 3, 6, 4 ], "texture": "#1" }
			}
		},
		{
			"from": [ 7.5, 11, 10 ],
			"to": [ 8.5, 12, 11 ],
			"faces": {
				"north": { "uv": [ 7.5, 4, 8.5, 5 ], "texture": "#1" },
				"south": { "uv": [ 8.5, 5, 7.5, 4 ], "texture": "#1" },
				"west": { "uv": [ 10, 4, 11, 5 ], "texture": "#1" },
				"east": { "uv": [ 5, 4, 6, 5 ], "texture": "#1" }
			}
		},
		{
			"from": [ 7.1, 11, 11 ],
			"to": [ 8.1, 12, 12 ],
			"faces": {
				"down": { "uv": [ 11, 7.5, 12, 8.5 ], "texture": "#1", "rotation": 90 },
				"up": { "uv": [ 11, 7.5, 12, 8.5 ], "texture": "#1", "rotation": 270 },
				"north": { "uv": [ 7.5, 4, 8.5, 5 ], "texture": "#1" },
				"south": { "uv": [ 8.5, 5, 7.5, 4 ], "texture": "#1" },
				"west": { "uv": [ 11, 4, 12, 5 ], "texture": "#1" },
				"east": { "uv": [ 4, 4, 5, 5 ], "texture": "#1" }
			}
		},
		{
			"from": [ 8.05, 10, 9 ],
			"to": [ 9.05, 11, 10 ],
			"faces": {
				"up": { "uv": [ 9, 7.5, 10, 8.5 ], "texture": "#1", "rotation": 270 },
				"north": { "uv": [ 7.5, 5, 8.5, 6 ], "texture": "#1" },
				"south": { "uv": [ 8.5, 6, 7.5, 5 ], "texture": "#1" },
				"west": { "uv": [ 9, 5, 10, 6 ], "texture": "#1" },
				"east": { "uv": [ 6, 5, 7, 6 ], "texture": "#1" }
			}
		},
		{
			"from": [ 7.5, 10, 10 ],
			"to": [ 8.5, 11, 11 ],
			"faces": {
				"down": { "uv": [ 10, 7.5, 11, 8.5 ], "texture": "#1", "rotation": 90 },
				"north": { "uv": [ 7.5, 5, 8.5, 6 ], "texture": "#1" },
				"south": { "uv": [ 8.5, 6, 7.5, 5 ], "texture": "#1" },
				"west": { "uv": [ 10, 5, 11, 6 ], "texture": "#1" },
				"east": { "uv": [ 5, 5, 6, 6 ], "texture": "#1" }
			}
		},
		{
			"from": [ 8.05, 9, 9 ],
			"to": [ 9.05, 10, 10 ],
			"faces": {
				"down": { "uv": [ 9, 7.5, 10, 8.5 ], "texture": "#1", "rotation": 90 },
				"north": { "uv": [ 7.5, 6, 8.5, 7 ], "texture": "#1" },
				"south": { "uv": [ 8.5, 7, 7.5, 6 ], "texture": "#1" },
				"west": { "uv": [ 9, 6, 10, 7 ], "texture": "#1" },
				"east": { "uv": [ 6, 6, 7, 7 ], "texture": "#1" }
			}
		},
		{
			"from": [ 8.55, 5, 5 ],
			"to": [ 9.55, 6, 6 ],
			"faces": {
				"up": { "uv": [ 5, 7.5, 6, 8.5 ], "texture": "#1", "rotation": 270 },
				"north": { "uv": [ 7.5, 10, 8.5, 11 ], "texture": "#1" },
				"south": { "uv": [ 8.5, 11, 7.5, 10 ], "texture": "#1" },
				"west": { "uv": [ 5, 10, 6, 11 ], "texture": "#1" },
				"east": { "uv": [ 10, 10, 11, 11 ], "texture": "#1" }
			}
		},
		{
			"from": [ 7.95, 5, 6 ],
			"to": [ 8.95, 6, 7 ],
			"faces": {
				"up": { "uv": [ 6, 7.5, 7, 8.5 ], "texture": "#1", "rotation": 270 },
				"north": { "uv": [ 7.5, 10, 8.5, 11 ], "texture": "#1" },
				"south": { "uv": [ 8.5, 11, 7.5, 10 ], "texture": "#1" },
				"west": { "uv": [ 6, 10, 7, 11 ], "texture": "#1" },
				"east": { "uv": [ 9, 10, 10, 11 ], "texture": "#1" }
			}
		},
		{
			"from": [ 7.15, 5, 9 ],
			"to": [ 8.15, 6, 10 ],
			"faces": {
				"up": { "uv": [ 9, 7.5, 10, 8.5 ], "texture": "#1", "rotation": 270 },
				"north": { "uv": [ 7.5, 10, 8.5, 11 ], "texture": "#1" },
				"south": { "uv": [ 8.5, 11, 7.5, 10 ], "texture": "#1" },
				"west": { "uv": [ 9, 10, 10, 11 ], "texture": "#1" },
				"east": { "uv": [ 6, 10, 7, 11 ], "texture": "#1" }
			}
		},
		{
			"from": [ 8.55, 4, 5 ],
			"to": [ 9.55, 5, 6 ],
			"faces": {
				"down": { "uv": [ 5, 7.5, 6, 8.5 ], "texture": "#1", "rotation": 90 },
				"north": { "uv": [ 7.5, 11, 8.5, 12 ], "texture": "#1" },
				"south": { "uv": [ 8.5, 12, 7.5, 11 ], "texture": "#1" },
				"west": { "uv": [ 5, 11, 6, 12 ], "texture": "#1" },
				"east": { "uv": [ 10, 11, 11, 12 ], "texture": "#1" }
			}
		},
		{
			"from": [ 7.95, 4, 6 ],
			"to": [ 8.95, 5, 7 ],
			"faces": {
				"north": { "uv": [ 7.5, 11, 8.5, 12 ], "texture": "#1" },
				"south": { "uv": [ 8.5, 12, 7.5, 11 ], "texture": "#1" },
				"west": { "uv": [ 6, 11, 7, 12 ], "texture": "#1" },
				"east": { "uv": [ 9, 11, 10, 12 ], "texture": "#1" }
			}
		},
		{
			"from": [ 7.15, 4, 9 ],
			"to": [ 8.15, 5, 10 ],
			"faces": {
				"north": { "uv": [ 7.5, 11, 8.5, 12 ], "texture": "#1" },
				"south": { "uv": [ 8.5, 12, 7.5, 11 ], "texture": "#1" },
				"west": { "uv": [ 9, 11, 10, 12 ], "texture": "#1" },
				"east": { "uv": [ 6, 11, 7, 12 ], "texture": "#1" }
			}
		},
		{
			"from": [ 7.5, 4, 10 ],
			"to": [ 8.5, 5, 11 ],
			"faces": {
				"down": { "uv": [ 10, 7.5, 11, 8.5 ], "texture": "#1", "rotation": 90 },
				"up": { "uv": [ 10, 7.5, 11, 8.5 ], "texture": "#1", "rotation": 270 },
				"north": { "uv": [ 7.5, 11, 8.5, 12 ], "texture": "#1" },
				"south": { "uv": [ 8.5, 12, 7.5, 11 ], "texture": "#1" },
				"west": { "uv": [ 10, 11, 11, 12 ], "texture": "#1" },
				"east": { "uv": [ 5, 11, 6, 12 ], "texture": "#1" }
			}
		},
		{
			"from": [ 7.95, 3, 6 ],
			"to": [ 8.95, 4, 7 ],
			"faces": {
				"down": { "uv": [ 6, 7.5, 7, 8.5 ], "texture": "#1", "rotation": 90 },
				"north": { "uv": [ 7.5, 12, 8.5, 13 ], "texture": "#1" },
				"south": { "uv": [ 8.5, 13, 7.5, 12 ], "texture": "#1" },
				"west": { "uv": [ 6, 12, 7, 13 ], "texture": "#1" },
				"east": { "uv": [ 9, 12, 10, 13 ], "texture": "#1" }
			}
		},
		{
			"from": [ 7.15, 3, 9 ],
			"to": [ 8.15, 4, 10 ],
			"faces": {
				"down": { "uv": [ 9, 7.5, 10, 8.5 ], "texture": "#1", "rotation": 90 },
				"north": { "uv": [ 7.5, 12, 8.5, 13 ], "texture": "#1" },
				"south": { "uv": [ 8.5, 13, 7.5, 12 ], "texture": "#1" },
				"west": { "uv": [ 9, 12, 10, 13 ], "texture": "#1" },
				"east": { "uv": [ 6, 12, 7, 13 ], "texture": "#1" }
			}
		},
		{
			"from": [ 7.5, 0, 7 ],
			"to": [ 8.5, 15.999, 9 ],
			"faces": {
				"down": { "uv": [ 7, 7.5, 9, 8.5 ], "texture": "#1", "rotation": 90 },
				"up": { "uv": [ 7, 7.5, 9, 8.5 ], "texture": "#1", "rotation": 270 },
				"north": { "uv": [ 7.5, 0, 8.5, 16 ], "texture": "#1" },
				"south": { "uv": [ 8.5, 16, 7.5, 0 ], "texture": "#1" },
				"west": { "uv": [ 7, 0, 9, 16 ], "texture": "#1" },
				"east": { "uv": [ 7, 0, 9, 16 ], "texture": "#1" }
			}
		}
	]
}