{
	"__comment": "Designed by CreatorLabs with Cubik Studio - https://cubik.studio - Download at https://www.planetminecraft.com/texture_pack/3d-creatorcraft/",
	"parent": "item/parents/flower",
	"textures": {
		"1": "3d_decoration/3d_flower_houstonia_1",
		"2": "3d_decoration/3d_flower_houstonia",
		"3": "3d_decoration/flower_stem",
		"particle": "blocks/flower_houstonia"
	},
	"elements": [ 	 
		{
			"from": [ 7.6352, 0, 7.6028 ],
			"to": [ 8.635201, 4, 8.602799 ],
			"rotation": { "origin": [ 8, 8, 8 ], "axis": "y", "angle": -45 },
			"faces": {
				"down": { "uv": [ 8, 5, 9, 6 ], "texture": "#3" },
				"up": { "uv": [ 8, 10, 9, 11 ], "texture": "#3" },
				"north": { "uv": [ 7, 12, 8, 16 ], "texture": "#3" },
				"south": { "uv": [ 8, 12, 9, 16 ], "texture": "#3" },
				"west": { "uv": [ 10, 12, 11, 16 ], "texture": "#3" },
				"east": { "uv": [ 6, 16, 5, 12 ], "texture": "#3" }
			}
		},
		{
			"from": [ 6.6352, 1, 7.4528 ],
			"to": [ 7.6352, 5, 8.4528 ],
			"rotation": { "origin": [ 8, 8, 8 ], "axis": "y", "angle": -45 },
			"faces": {
				"down": { "uv": [ 7, 5.15, 8, 6.15 ], "texture": "#3" },
				"up": { "uv": [ 7, 9.85, 8, 10.85 ], "texture": "#3" },
				"north": { "uv": [ 8, 11, 9, 15 ], "texture": "#3" },
				"south": { "uv": [ 7, 11, 8, 15 ], "texture": "#3" },
				"west": { "uv": [ 9.85, 11, 10.85, 15 ], "texture": "#3" },
				"east": { "uv": [ 6.15, 15, 5.15, 11 ], "texture": "#3" }
			}
		},
		{
			"from": [ 5.6352, 2, 6.9528 ],
			"to": [ 6.6352, 3, 7.9528 ],
			"rotation": { "origin": [ 8, 8, 8 ], "axis": "y", "angle": -45 },
			"faces": {
				"down": { "uv": [ 6, 5.25, 7, 6.25 ], "texture": "#3" },
				"up": { "uv": [ 6, 9.75, 7, 10.75 ], "texture": "#3" },
				"north": { "uv": [ 9, 13, 10, 14 ], "texture": "#3" },
				"south": { "uv": [ 6, 13, 7, 14 ], "texture": "#3" },
				"west": { "uv": [ 9.75, 13, 10.75, 14 ], "texture": "#3" },
				"east": { "uv": [ 6.25, 14, 5.25, 13 ], "texture": "#3" }
			}
		},
		{
			"from": [ 4.6352, 3, 6.3028 ],
			"to": [ 5.6352, 4, 7.3028 ],
			"rotation": { "origin": [ 8, 8, 8 ], "axis": "y", "angle": -45 },
			"faces": {
				"down": { "uv": [ 5, 5.65, 6, 6.65 ], "texture": "#3" },
				"up": { "uv": [ 5, 9.35, 6, 10.35 ], "texture": "#3" },
				"north": { "uv": [ 10, 12, 11, 13 ], "texture": "#3" },
				"south": { "uv": [ 5, 12, 6, 13 ], "texture": "#3" },
				"west": { "uv": [ 9.35, 12, 10.35, 13 ], "texture": "#3" },
				"east": { "uv": [ 6.65, 13, 5.65, 12 ], "texture": "#3" }
			}
		},
		{
			"from": [ 8.6352, 2, 7.6528 ],
			"to": [ 9.6352, 6, 8.6528 ],
			"rotation": { "origin": [ 8, 8, 8 ], "axis": "y", "angle": -45 },
			"faces": {
				"down": { "uv": [ 9, 4.95, 10, 5.95 ], "texture": "#3" },
				"up": { "uv": [ 9, 10.05, 10, 11.05 ], "texture": "#3" },
				"north": { "uv": [ 6, 10, 7, 14 ], "texture": "#3" },
				"south": { "uv": [ 9, 10, 10, 14 ], "texture": "#3" },
				"west": { "uv": [ 10.05, 10, 11.05, 14 ], "texture": "#3" },
				"east": { "uv": [ 5.95, 14, 4.95, 10 ], "texture": "#3" }
			}
		},
		{
			"from": [ 9.6352, 4, 8.102799 ],
			"to": [ 10.6352, 5, 9.102799 ],
			"rotation": { "origin": [ 8, 8, 8 ], "axis": "y", "angle": -45 },
			"faces": {
				"down": { "uv": [ 10, 4.5, 11, 5.5 ], "texture": "#3" },
				"up": { "uv": [ 10, 10.5, 11, 11.5 ], "texture": "#3" },
				"north": { "uv": [ 5, 11, 6, 12 ], "texture": "#3" },
				"south": { "uv": [ 10, 11, 11, 12 ], "texture": "#3" },
				"west": { "uv": [ 10.5, 11, 11.5, 12 ], "texture": "#3" },
				"east": { "uv": [ 5.5, 12, 4.5, 11 ], "texture": "#3" }
			}
		},
		{
			"from": [ 10.6352, 4, 8.4028 ],
			"to": [ 11.6352, 6, 9.4028 ],
			"rotation": { "origin": [ 8, 8, 8 ], "axis": "y", "angle": -45 },
			"faces": {
				"down": { "uv": [ 11, 4.2, 12, 5.2 ], "texture": "#3" },
				"up": { "uv": [ 11, 10.8, 12, 11.8 ], "texture": "#3" },
				"north": { "uv": [ 4, 10, 5, 12 ], "texture": "#3" },
				"south": { "uv": [ 11, 10, 12, 12 ], "texture": "#3" },
				"west": { "uv": [ 10.8, 10, 11.8, 12 ], "texture": "#3" },
				"east": { "uv": [ 5.2, 12, 4.2, 10 ], "texture": "#3" }
			}
		},
		{
			"from": [ 5.6352, 5, 7.6028 ],
			"to": [ 6.6352, 7, 8.602799 ],
			"rotation": { "origin": [ 8, 8, 8 ], "axis": "y", "angle": -45 },
			"faces": {
				"down": { "uv": [ 6, 5, 7, 6 ], "texture": "#3" },
				"up": { "uv": [ 6, 10, 7, 11 ], "texture": "#3" },
				"north": { "uv": [ 9, 9, 10, 11 ], "texture": "#3" },
				"south": { "uv": [ 6, 9, 7, 11 ], "texture": "#3" },
				"west": { "uv": [ 10, 9, 11, 11 ], "texture": "#3" },
				"east": { "uv": [ 6, 11, 5, 9 ], "texture": "#3" }
			}
		},
		{
			"from": [ 7.6352, 6, 7.6028 ],
			"to": [ 8.635201, 8, 8.602799 ],
			"rotation": { "origin": [ 8, 8, 8 ], "axis": "y", "angle": -45 },
			"faces": {
				"down": { "uv": [ 8, 5, 9, 6 ], "texture": "#3" },
				"up": { "uv": [ 8, 10, 9, 11 ], "texture": "#3" },
				"north": { "uv": [ 7, 8, 8, 10 ], "texture": "#3" },
				"south": { "uv": [ 8, 8, 9, 10 ], "texture": "#3" },
				"west": { "uv": [ 10, 8, 11, 10 ], "texture": "#3" },
				"east": { "uv": [ 6, 10, 5, 8 ], "texture": "#3" }
			}
		},
		{
			"from": [ 8.6352, 7, 7.8028 ],
			"to": [ 9.6352, 8, 8.8028 ],
			"rotation": { "origin": [ 8, 8, 8 ], "axis": "y", "angle": -45 },
			"faces": {
				"down": { "uv": [ 9, 4.8, 10, 5.8 ], "texture": "#3" },
				"up": { "uv": [ 9, 10.2, 10, 11.2 ], "texture": "#3" },
				"north": { "uv": [ 6, 8, 7, 9 ], "texture": "#3" },
				"south": { "uv": [ 9, 8, 10, 9 ], "texture": "#3" },
				"west": { "uv": [ 10.2, 8, 11.2, 9 ], "texture": "#3" },
				"east": { "uv": [ 5.8, 9, 4.8, 8 ], "texture": "#3" }
			}
		},
		{
			"from": [ 3.6352, 3, 6.2028 ],
			"to": [ 4.6352, 4, 7.2028 ],
			"rotation": { "origin": [ 8, 8, 8 ], "axis": "y", "angle": -45 },
			"faces": {
				"down": { "uv": [ 4, 5.45, 5, 6.45 ], "texture": "#2" },
				"up": { "uv": [ 4, 9.55, 5, 10.55 ], "texture": "#2" },
				"north": { "uv": [ 11, 12, 12, 13 ], "texture": "#2" },
				"south": { "uv": [ 4, 12, 5, 13 ], "texture": "#2" },
				"west": { "uv": [ 9.55, 12, 10.55, 13 ], "texture": "#2" },
				"east": { "uv": [ 6.45, 13, 5.45, 12 ], "texture": "#2" }
			}
		},
		{
			"from": [ 4.6352, 4, 6.3028 ],
			"to": [ 5.6352, 5, 7.3028 ],
			"rotation": { "origin": [ 8, 8, 8 ], "axis": "y", "angle": -45 },
			"faces": {
				"down": { "uv": [ 5, 5.45, 6, 6.45 ], "texture": "#2" },
				"up": { "uv": [ 5, 9.55, 6, 10.55 ], "texture": "#2" },
				"north": { "uv": [ 10, 11, 11, 12 ], "texture": "#2" },
				"south": { "uv": [ 5, 11, 6, 12 ], "texture": "#2" },
				"west": { "uv": [ 9.55, 11, 10.55, 12 ], "texture": "#2" },
				"east": { "uv": [ 6.45, 12, 5.45, 11 ], "texture": "#2" }
			}
		},
		{
			"from": [ 4.6352, 6, 7.5028 ],
			"to": [ 5.6352, 7, 8.5028 ],
			"rotation": { "origin": [ 8, 8, 8 ], "axis": "y", "angle": -45 },
			"faces": {
				"down": { "uv": [ 5, 5.1, 6, 6.1 ], "texture": "#2" },
				"up": { "uv": [ 5, 9.9, 6, 10.9 ], "texture": "#2" },
				"north": { "uv": [ 10, 9, 11, 10 ], "texture": "#2" },
				"south": { "uv": [ 5, 9, 6, 10 ], "texture": "#2" },
				"west": { "uv": [ 9.9, 9, 10.9, 10 ], "texture": "#2" },
				"east": { "uv": [ 6.1, 10, 5.1, 9 ], "texture": "#2" }
			}
		},
		{
			"from": [ 5.5852, 7, 7.4028 ],
			"to": [ 6.5852, 8, 8.4028 ],
			"rotation": { "origin": [ 8, 8, 8 ], "axis": "y", "angle": -45 },
			"faces": {
				"down": { "uv": [ 5.95, 5.2, 6.95, 6.2 ], "texture": "#2" },
				"up": { "uv": [ 5.95, 9.8, 6.95, 10.8 ], "texture": "#2" },
				"north": { "uv": [ 9.05, 8, 10.05, 9 ], "texture": "#2" },
				"south": { "uv": [ 5.95, 8, 6.95, 9 ], "texture": "#2" },
				"west": { "uv": [ 9.8, 8, 10.8, 9 ], "texture": "#2" },
				"east": { "uv": [ 6.2, 9, 5.2, 8 ], "texture": "#2" }
			}
		},
		{
			"from": [ 6.6352, 5.95, 7.4028 ],
			"to": [ 7.6352, 6.95, 8.4028 ],
			"rotation": { "origin": [ 8, 8, 8 ], "axis": "y", "angle": -45 },
			"faces": {
				"down": { "uv": [ 7, 5.2, 8, 6.2 ], "texture": "#2" },
				"up": { "uv": [ 7, 9.8, 8, 10.8 ], "texture": "#2" },
				"north": { "uv": [ 8, 9.05, 9, 10.05 ], "texture": "#2" },
				"south": { "uv": [ 7, 9.05, 8, 10.05 ], "texture": "#2" },
				"west": { "uv": [ 9.8, 9.05, 10.8, 10.05 ], "texture": "#2" },
				"east": { "uv": [ 6.2, 10.05, 5.2, 9.05 ], "texture": "#2" }
			}
		},
		{
			"from": [ 6.7352, 7.95, 7.6028 ],
			"to": [ 7.7352, 8.95, 8.602799 ],
			"rotation": { "origin": [ 8, 8, 8 ], "axis": "y", "angle": -45 },
			"faces": {
				"down": { "uv": [ 7.1, 5, 8.1, 6 ], "texture": "#2" },
				"up": { "uv": [ 7.1, 10, 8.1, 11 ], "texture": "#2" },
				"north": { "uv": [ 7.9, 7.05, 8.9, 8.05 ], "texture": "#2" },
				"south": { "uv": [ 7.1, 7.05, 8.1, 8.05 ], "texture": "#2" },
				"west": { "uv": [ 10, 7.05, 11, 8.05 ], "texture": "#2" },
				"east": { "uv": [ 6, 8.05, 5, 7.05 ], "texture": "#2" }
			}
		},
		{
			"from": [ 7.6852, 8.9, 7.6528 ],
			"to": [ 8.6852, 9.9, 8.6528 ],
			"rotation": { "origin": [ 8, 8, 8 ], "axis": "y", "angle": -45 },
			"faces": {
				"down": { "uv": [ 8.05, 4.95, 9.05, 5.95 ], "texture": "#2" },
				"up": { "uv": [ 8.05, 10.05, 9.05, 11.05 ], "texture": "#2" },
				"north": { "uv": [ 6.95, 6.1, 7.95, 7.1 ], "texture": "#2" },
				"south": { "uv": [ 8.05, 6.1, 9.05, 7.1 ], "texture": "#2" },
				"west": { "uv": [ 10.05, 6.1, 11.05, 7.1 ], "texture": "#2" },
				"east": { "uv": [ 5.95, 7.1, 4.95, 6.1 ], "texture": "#2" }
			}
		},
		{
			"from": [ 8.585199, 7.95, 7.6028 ],
			"to": [ 9.585199, 8.95, 8.602799 ],
			"rotation": { "origin": [ 8, 8, 8 ], "axis": "y", "angle": -45 },
			"faces": {
				"down": { "uv": [ 8.95, 5, 9.95, 6 ], "texture": "#2" },
				"up": { "uv": [ 8.95, 10, 9.95, 11 ], "texture": "#2" },
				"north": { "uv": [ 6.05, 7.05, 7.05, 8.05 ], "texture": "#2" },
				"south": { "uv": [ 8.95, 7.05, 9.95, 8.05 ], "texture": "#2" },
				"west": { "uv": [ 10, 7.05, 11, 8.05 ], "texture": "#2" },
				"east": { "uv": [ 6, 8.05, 5, 7.05 ], "texture": "#2" }
			}
		},
		{
			"from": [ 10.6352, 6, 8.4528 ],
			"to": [ 11.6352, 7, 9.4528 ],
			"rotation": { "origin": [ 8, 8, 8 ], "axis": "y", "angle": -45 },
			"faces": {
				"down": { "uv": [ 11, 4.15, 12, 5.15 ], "texture": "#2" },
				"up": { "uv": [ 11, 10.85, 12, 11.85 ], "texture": "#2" },
				"north": { "uv": [ 4, 9, 5, 10 ], "texture": "#2" },
				"south": { "uv": [ 11, 9, 12, 10 ], "texture": "#2" },
				"west": { "uv": [ 10.85, 9, 11.85, 10 ], "texture": "#2" },
				"east": { "uv": [ 5.15, 10, 4.15, 9 ], "texture": "#2" }
			}
		},
		{
			"from": [ 11.6352, 5, 8.4528 ],
			"to": [ 12.6352, 6, 9.4528 ],
			"rotation": { "origin": [ 8, 8, 8 ], "axis": "y", "angle": -45 },
			"faces": {
				"down": { "uv": [ 12, 4.15, 13, 5.15 ], "texture": "#2" },
				"up": { "uv": [ 12, 10.85, 13, 11.85 ], "texture": "#2" },
				"north": { "uv": [ 3, 10, 4, 11 ], "texture": "#2" },
				"south": { "uv": [ 12, 10, 13, 11 ], "texture": "#2" },
				"west": { "uv": [ 10.85, 10, 11.85, 11 ], "texture": "#2" },
				"east": { "uv": [ 5.15, 11, 4.15, 10 ], "texture": "#2" }
			}
		},
		{
			"from": [ 9.5352, 2.05, 7.8528 ],
			"to": [ 10.5352, 4.05, 8.852799 ],
			"rotation": { "origin": [ 8, 8, 8 ], "axis": "y", "angle": -45 },
			"faces": {
				"down": { "uv": [ 9.9, 4.45, 10.9, 5.45 ], "texture": "#2" },
				"up": { "uv": [ 9.9, 10.55, 10.9, 11.55 ], "texture": "#2" },
				"north": { "uv": [ 5.1, 11.95, 6.1, 13.95 ], "texture": "#2" },
				"south": { "uv": [ 9.9, 11.95, 10.9, 13.95 ], "texture": "#2" },
				"west": { "uv": [ 10.55, 11.95, 11.55, 13.95 ], "texture": "#2" },
				"east": { "uv": [ 5.45, 13.95, 4.45, 11.95 ], "texture": "#2" }
			}
		},
		{
			"from": [ 9.585199, 7, 8.102799 ],
			"to": [ 10.5852, 8, 9.102799 ],
			"rotation": { "origin": [ 8, 8, 8 ], "axis": "y", "angle": -45 },
			"faces": {
				"down": { "uv": [ 9.95, 4.5, 10.95, 5.5 ], "texture": "#2" },
				"up": { "uv": [ 9.95, 10.5, 10.95, 11.5 ], "texture": "#2" },
				"north": { "uv": [ 5.05, 8, 6.05, 9 ], "texture": "#2" },
				"south": { "uv": [ 9.95, 8, 10.95, 9 ], "texture": "#2" },
				"west": { "uv": [ 10.5, 8, 11.5, 9 ], "texture": "#2" },
				"east": { "uv": [ 5.5, 9, 4.5, 8 ], "texture": "#2" }
			}
		},
		{
			"from": [ 8.6352, 6, 7.9028 ],
			"to": [ 9.6352, 7, 8.9028 ],
			"rotation": { "origin": [ 8, 8, 8 ], "axis": "y", "angle": -45 },
			"faces": {
				"down": { "uv": [ 9, 4.7, 10, 5.7 ], "texture": "#2" },
				"up": { "uv": [ 9, 10.3, 10, 11.3 ], "texture": "#2" },
				"north": { "uv": [ 6, 9, 7, 10 ], "texture": "#2" },
				"south": { "uv": [ 9, 9, 10, 10 ], "texture": "#2" },
				"west": { "uv": [ 10.3, 9, 11.3, 10 ], "texture": "#2" },
				"east": { "uv": [ 5.7, 10, 4.7, 9 ], "texture": "#2" }
			}
		},
		{
			"from": [ 3.6352, 4, 6.1028 ],
			"to": [ 4.6352, 5, 7.1028 ],
			"rotation": { "origin": [ 8, 8, 8 ], "axis": "y", "angle": -45 },
			"faces": {
				"down": { "uv": [ 4, 5.25, 5, 6.25 ], "texture": "#1" },
				"up": { "uv": [ 4, 9.75, 5, 10.75 ], "texture": "#1" },
				"north": { "uv": [ 11, 11, 12, 12 ], "texture": "#1" },
				"south": { "uv": [ 4, 11, 5, 12 ], "texture": "#1" },
				"west": { "uv": [ 9.75, 11, 10.75, 12 ], "texture": "#1" },
				"east": { "uv": [ 6.25, 12, 5.25, 11 ], "texture": "#1" }
			}
		},
		{
			"from": [ 4.6852, 6.95, 7.6528 ],
			"to": [ 5.6852, 7.95, 8.6528 ],
			"rotation": { "origin": [ 8, 8, 8 ], "axis": "y", "angle": -45 },
			"faces": {
				"down": { "uv": [ 5.05, 4.95, 6.05, 5.95 ], "texture": "#1" },
				"up": { "uv": [ 5.05, 10.05, 6.05, 11.05 ], "texture": "#1" },
				"north": { "uv": [ 9.95, 8.05, 10.95, 9.05 ], "texture": "#1" },
				"south": { "uv": [ 5.05, 8.05, 6.05, 9.05 ], "texture": "#1" },
				"west": { "uv": [ 10.05, 8.05, 11.05, 9.05 ], "texture": "#1" },
				"east": { "uv": [ 5.95, 9.05, 4.95, 8.05 ], "texture": "#1" }
			}
		},
		{
			"from": [ 6.6352, 5, 7.6528 ],
			"to": [ 7.6352, 6, 8.6528 ],
			"rotation": { "origin": [ 8, 8, 8 ], "axis": "y", "angle": -45 },
			"faces": {
				"down": { "uv": [ 7, 4.95, 8, 5.95 ], "texture": "#1" },
				"up": { "uv": [ 7, 10.05, 8, 11.05 ], "texture": "#1" },
				"north": { "uv": [ 8, 10, 9, 11 ], "texture": "#1" },
				"south": { "uv": [ 7, 10, 8, 11 ], "texture": "#1" },
				"west": { "uv": [ 10.05, 10, 11.05, 11 ], "texture": "#1" },
				"east": { "uv": [ 5.95, 11, 4.95, 10 ], "texture": "#1" }
			}
		},
		{
			"from": [ 7.6352, 7.9, 7.6528 ],
			"to": [ 8.635201, 8.9, 8.6528 ],
			"rotation": { "origin": [ 8, 8, 8 ], "axis": "y", "angle": -45 },
			"faces": {
				"down": { "uv": [ 8, 4.95, 9, 5.95 ], "texture": "#1" },
				"up": { "uv": [ 8, 10.05, 9, 11.05 ], "texture": "#1" },
				"north": { "uv": [ 7, 7.1, 8, 8.1 ], "texture": "#1" },
				"south": { "uv": [ 8, 7.1, 9, 8.1 ], "texture": "#1" },
				"west": { "uv": [ 10.05, 7.1, 11.05, 8.1 ], "texture": "#1" },
				"east": { "uv": [ 5.95, 8.1, 4.95, 7.1 ], "texture": "#1" }
			}
		},
		{
			"from": [ 11.5352, 5.95, 8.3028 ],
			"to": [ 12.5352, 6.95, 9.3028 ],
			"rotation": { "origin": [ 8, 8, 8 ], "axis": "y", "angle": -45 },
			"faces": {
				"down": { "uv": [ 11.9, 4.3, 12.9, 5.3 ], "texture": "#1" },
				"up": { "uv": [ 11.9, 10.7, 12.9, 11.7 ], "texture": "#1" },
				"north": { "uv": [ 3.1, 9.05, 4.1, 10.05 ], "texture": "#1" },
				"south": { "uv": [ 11.9, 9.05, 12.9, 10.05 ], "texture": "#1" },
				"west": { "uv": [ 10.7, 9.05, 11.7, 10.05 ], "texture": "#1" },
				"east": { "uv": [ 5.3, 10.05, 4.3, 9.05 ], "texture": "#1" }
			}
		},
		{
			"from": [ 9.5352, 7.9, 7.9528 ],
			"to": [ 10.5352, 8.9, 8.9528 ],
			"rotation": { "origin": [ 8, 8, 8 ], "axis": "y", "angle": -45 },
			"faces": {
				"down": { "uv": [ 9.9, 4.65, 10.9, 5.65 ], "texture": "#1" },
				"up": { "uv": [ 9.9, 10.35, 10.9, 11.35 ], "texture": "#1" },
				"north": { "uv": [ 5.1, 7.1, 6.1, 8.1 ], "texture": "#1" },
				"south": { "uv": [ 9.9, 7.1, 10.9, 8.1 ], "texture": "#1" },
				"west": { "uv": [ 10.35, 7.1, 11.35, 8.1 ], "texture": "#1" },
				"east": { "uv": [ 5.65, 8.1, 4.65, 7.1 ], "texture": "#1" }
			}
		},
		{
			"from": [ 7.7852, 1, 6.6028 ],
			"to": [ 8.785199, 5, 7.6028 ],
			"rotation": { "origin": [ 8, 8, 8 ], "axis": "y", "angle": -45 },
			"faces": {
				"down": { "uv": [ 7, 5.15, 8, 6.15 ], "texture": "#3", "rotation": 270 },
				"up": { "uv": [ 7, 9.85, 8, 10.85 ], "texture": "#3", "rotation": 90 },
				"north": { "uv": [ 9.85, 11, 10.85, 15 ], "texture": "#3" },
				"south": { "uv": [ 6.15, 15, 5.15, 11 ], "texture": "#3" },
				"west": { "uv": [ 7, 11, 8, 15 ], "texture": "#3" },
				"east": { "uv": [ 8, 11, 9, 15 ], "texture": "#3" }
			}
		},
		{
			"from": [ 7.8852, 2, 5.6028 ],
			"to": [ 8.885201, 3, 6.6028 ],
			"rotation": { "origin": [ 8, 8, 8 ], "axis": "y", "angle": -45 },
			"faces": {
				"down": { "uv": [ 6, 5.25, 7, 6.25 ], "texture": "#3", "rotation": 270 },
				"up": { "uv": [ 6, 9.75, 7, 10.75 ], "texture": "#3", "rotation": 90 },
				"north": { "uv": [ 9.75, 13, 10.75, 14 ], "texture": "#3" },
				"south": { "uv": [ 6.25, 14, 5.25, 13 ], "texture": "#3" },
				"west": { "uv": [ 6, 13, 7, 14 ], "texture": "#3" },
				"east": { "uv": [ 9, 13, 10, 14 ], "texture": "#3" }
			}
		},
		{
			"from": [ 8.2852, 3, 4.6028 ],
			"to": [ 9.2852, 4, 5.6028 ],
			"rotation": { "origin": [ 8, 8, 8 ], "axis": "y", "angle": -45 },
			"faces": {
				"down": { "uv": [ 5, 5.65, 6, 6.65 ], "texture": "#3", "rotation": 270 },
				"up": { "uv": [ 5, 9.35, 6, 10.35 ], "texture": "#3", "rotation": 90 },
				"north": { "uv": [ 9.35, 12, 10.35, 13 ], "texture": "#3" },
				"south": { "uv": [ 6.65, 13, 5.65, 12 ], "texture": "#3" },
				"west": { "uv": [ 5, 12, 6, 13 ], "texture": "#3" },
				"east": { "uv": [ 10, 12, 11, 13 ], "texture": "#3" }
			}
		},
		{
			"from": [ 7.5852, 2, 8.602799 ],
			"to": [ 8.585199, 6, 9.602799 ],
			"rotation": { "origin": [ 8, 8, 8 ], "axis": "y", "angle": -45 },
			"faces": {
				"down": { "uv": [ 9, 4.95, 10, 5.95 ], "texture": "#3", "rotation": 270 },
				"up": { "uv": [ 9, 10.05, 10, 11.05 ], "texture": "#3", "rotation": 90 },
				"north": { "uv": [ 10.05, 10, 11.05, 14 ], "texture": "#3" },
				"south": { "uv": [ 5.95, 14, 4.95, 10 ], "texture": "#3" },
				"west": { "uv": [ 9, 10, 10, 14 ], "texture": "#3" },
				"east": { "uv": [ 6, 10, 7, 14 ], "texture": "#3" }
			}
		},
		{
			"from": [ 7.1352, 4, 9.602799 ],
			"to": [ 8.135201, 5, 10.6028 ],
			"rotation": { "origin": [ 8, 8, 8 ], "axis": "y", "angle": -45 },
			"faces": {
				"down": { "uv": [ 10, 4.5, 11, 5.5 ], "texture": "#3", "rotation": 270 },
				"up": { "uv": [ 10, 10.5, 11, 11.5 ], "texture": "#3", "rotation": 90 },
				"north": { "uv": [ 10.5, 11, 11.5, 12 ], "texture": "#3" },
				"south": { "uv": [ 5.5, 12, 4.5, 11 ], "texture": "#3" },
				"west": { "uv": [ 10, 11, 11, 12 ], "texture": "#3" },
				"east": { "uv": [ 5, 11, 6, 12 ], "texture": "#3" }
			}
		},
		{
			"from": [ 6.8352, 4, 10.6028 ],
			"to": [ 7.8352, 6, 11.6028 ],
			"rotation": { "origin": [ 8, 8, 8 ], "axis": "y", "angle": -45 },
			"faces": {
				"down": { "uv": [ 11, 4.2, 12, 5.2 ], "texture": "#3", "rotation": 270 },
				"up": { "uv": [ 11, 10.8, 12, 11.8 ], "texture": "#3", "rotation": 90 },
				"north": { "uv": [ 10.8, 10, 11.8, 12 ], "texture": "#3" },
				"south": { "uv": [ 5.2, 12, 4.2, 10 ], "texture": "#3" },
				"west": { "uv": [ 11, 10, 12, 12 ], "texture": "#3" },
				"east": { "uv": [ 4, 10, 5, 12 ], "texture": "#3" }
			}
		},
		{
			"from": [ 7.6352, 5, 5.6028 ],
			"to": [ 8.635201, 7, 6.6028 ],
			"rotation": { "origin": [ 8, 8, 8 ], "axis": "y", "angle": -45 },
			"faces": {
				"down": { "uv": [ 6, 5, 7, 6 ], "texture": "#3", "rotation": 270 },
				"up": { "uv": [ 6, 10, 7, 11 ], "texture": "#3", "rotation": 90 },
				"north": { "uv": [ 10, 9, 11, 11 ], "texture": "#3" },
				"south": { "uv": [ 6, 11, 5, 9 ], "texture": "#3" },
				"west": { "uv": [ 6, 9, 7, 11 ], "texture": "#3" },
				"east": { "uv": [ 9, 9, 10, 11 ], "texture": "#3" }
			}
		},
		{
			"from": [ 7.4352, 7, 8.602799 ],
			"to": [ 8.4352, 8, 9.602799 ],
			"rotation": { "origin": [ 8, 8, 8 ], "axis": "y", "angle": -45 },
			"faces": {
				"down": { "uv": [ 9, 4.8, 10, 5.8 ], "texture": "#3", "rotation": 270 },
				"up": { "uv": [ 9, 10.2, 10, 11.2 ], "texture": "#3", "rotation": 90 },
				"north": { "uv": [ 10.2, 8, 11.2, 9 ], "texture": "#3" },
				"south": { "uv": [ 5.8, 9, 4.8, 8 ], "texture": "#3" },
				"west": { "uv": [ 9, 8, 10, 9 ], "texture": "#3" },
				"east": { "uv": [ 6, 8, 7, 9 ], "texture": "#3" }
			}
		},
		{
			"from": [ 8.085199, 3, 3.6028 ],
			"to": [ 9.085199, 4, 4.6028 ],
			"rotation": { "origin": [ 8, 8, 8 ], "axis": "y", "angle": -45 },
			"faces": {
				"down": { "uv": [ 4, 5.45, 5, 6.45 ], "texture": "#2", "rotation": 270 },
				"up": { "uv": [ 4, 9.55, 5, 10.55 ], "texture": "#2", "rotation": 90 },
				"north": { "uv": [ 9.55, 12, 10.55, 13 ], "texture": "#2" },
				"south": { "uv": [ 6.45, 13, 5.45, 12 ], "texture": "#2" },
				"west": { "uv": [ 4, 12, 5, 13 ], "texture": "#2" },
				"east": { "uv": [ 11, 12, 12, 13 ], "texture": "#2" }
			}
		},
		{
			"from": [ 8.085199, 4, 4.6028 ],
			"to": [ 9.085199, 5, 5.6028 ],
			"rotation": { "origin": [ 8, 8, 8 ], "axis": "y", "angle": -45 },
			"faces": {
				"down": { "uv": [ 5, 5.45, 6, 6.45 ], "texture": "#2", "rotation": 270 },
				"up": { "uv": [ 5, 9.55, 6, 10.55 ], "texture": "#2", "rotation": 90 },
				"north": { "uv": [ 9.55, 11, 10.55, 12 ], "texture": "#2" },
				"south": { "uv": [ 6.45, 12, 5.45, 11 ], "texture": "#2" },
				"west": { "uv": [ 5, 11, 6, 12 ], "texture": "#2" },
				"east": { "uv": [ 10, 11, 11, 12 ], "texture": "#2" }
			}
		},
		{
			"from": [ 7.8852, 4, 3.6028 ],
			"to": [ 8.885201, 5, 4.6028 ],
			"rotation": { "origin": [ 8, 8, 8 ], "axis": "y", "angle": -45 },
			"faces": {
				"down": { "uv": [ 4, 5.25, 5, 6.25 ], "texture": "#1", "rotation": 270 },
				"up": { "uv": [ 4, 9.75, 5, 10.75 ], "texture": "#1", "rotation": 90 },
				"north": { "uv": [ 9.75, 11, 10.75, 12 ], "texture": "#1" },
				"south": { "uv": [ 6.25, 12, 5.25, 11 ], "texture": "#1" },
				"west": { "uv": [ 4, 11, 5, 12 ], "texture": "#1" },
				"east": { "uv": [ 11, 11, 12, 12 ], "texture": "#1" }
			}
		},
		{
			"from": [ 7.7352, 6, 4.6028 ],
			"to": [ 8.735201, 7, 5.6028 ],
			"rotation": { "origin": [ 8, 8, 8 ], "axis": "y", "angle": -45 },
			"faces": {
				"down": { "uv": [ 5, 5.1, 6, 6.1 ], "texture": "#2", "rotation": 270 },
				"up": { "uv": [ 5, 9.9, 6, 10.9 ], "texture": "#2", "rotation": 90 },
				"north": { "uv": [ 9.9, 9, 10.9, 10 ], "texture": "#2" },
				"south": { "uv": [ 6.1, 10, 5.1, 9 ], "texture": "#2" },
				"west": { "uv": [ 5, 9, 6, 10 ], "texture": "#2" },
				"east": { "uv": [ 10, 9, 11, 10 ], "texture": "#2" }
			}
		},
		{
			"from": [ 7.5852, 6.95, 4.6528 ],
			"to": [ 8.585199, 7.95, 5.6528 ],
			"rotation": { "origin": [ 8, 8, 8 ], "axis": "y", "angle": -45 },
			"faces": {
				"down": { "uv": [ 5.05, 4.95, 6.05, 5.95 ], "texture": "#1", "rotation": 270 },
				"up": { "uv": [ 5.05, 10.05, 6.05, 11.05 ], "texture": "#1", "rotation": 90 },
				"north": { "uv": [ 10.05, 8.05, 11.05, 9.05 ], "texture": "#1" },
				"south": { "uv": [ 5.95, 9.05, 4.95, 8.05 ], "texture": "#1" },
				"west": { "uv": [ 5.05, 8.05, 6.05, 9.05 ], "texture": "#1" },
				"east": { "uv": [ 9.95, 8.05, 10.95, 9.05 ], "texture": "#1" }
			}
		},
		{
			"from": [ 7.8352, 7, 5.5528 ],
			"to": [ 8.835199, 8, 6.5528 ],
			"rotation": { "origin": [ 8, 8, 8 ], "axis": "y", "angle": -45 },
			"faces": {
				"down": { "uv": [ 5.95, 5.2, 6.95, 6.2 ], "texture": "#2", "rotation": 270 },
				"up": { "uv": [ 5.95, 9.8, 6.95, 10.8 ], "texture": "#2", "rotation": 90 },
				"north": { "uv": [ 9.8, 8, 10.8, 9 ], "texture": "#2" },
				"south": { "uv": [ 6.2, 9, 5.2, 8 ], "texture": "#2" },
				"west": { "uv": [ 5.95, 8, 6.95, 9 ], "texture": "#2" },
				"east": { "uv": [ 9.05, 8, 10.05, 9 ], "texture": "#2" }
			}
		},
		{
			"from": [ 7.8352, 5.95, 6.6028 ],
			"to": [ 8.835199, 6.95, 7.6028 ],
			"rotation": { "origin": [ 8, 8, 8 ], "axis": "y", "angle": -45 },
			"faces": {
				"down": { "uv": [ 7, 5.2, 8, 6.2 ], "texture": "#2", "rotation": 270 },
				"up": { "uv": [ 7, 9.8, 8, 10.8 ], "texture": "#2", "rotation": 90 },
				"north": { "uv": [ 9.8, 9.05, 10.8, 10.05 ], "texture": "#2" },
				"south": { "uv": [ 6.2, 10.05, 5.2, 9.05 ], "texture": "#2" },
				"west": { "uv": [ 7, 9.05, 8, 10.05 ], "texture": "#2" },
				"east": { "uv": [ 8, 9.05, 9, 10.05 ], "texture": "#2" }
			}
		},
		{
			"from": [ 7.5852, 5, 6.6028 ],
			"to": [ 8.585199, 6, 7.6028 ],
			"rotation": { "origin": [ 8, 8, 8 ], "axis": "y", "angle": -45 },
			"faces": {
				"down": { "uv": [ 7, 4.95, 8, 5.95 ], "texture": "#1", "rotation": 270 },
				"up": { "uv": [ 7, 10.05, 8, 11.05 ], "texture": "#1", "rotation": 90 },
				"north": { "uv": [ 10.05, 10, 11.05, 11 ], "texture": "#1" },
				"south": { "uv": [ 5.95, 11, 4.95, 10 ], "texture": "#1" },
				"west": { "uv": [ 7, 10, 8, 11 ], "texture": "#1" },
				"east": { "uv": [ 8, 10, 9, 11 ], "texture": "#1" }
			}
		},
		{
			"from": [ 7.6352, 7.95, 6.7028 ],
			"to": [ 8.635201, 8.95, 7.7028 ],
			"rotation": { "origin": [ 8, 8, 8 ], "axis": "y", "angle": -45 },
			"faces": {
				"down": { "uv": [ 7.1, 5, 8.1, 6 ], "texture": "#2", "rotation": 270 },
				"up": { "uv": [ 7.1, 10, 8.1, 11 ], "texture": "#2", "rotation": 90 },
				"north": { "uv": [ 10, 7.05, 11, 8.05 ], "texture": "#2" },
				"south": { "uv": [ 6, 8.05, 5, 7.05 ], "texture": "#2" },
				"west": { "uv": [ 7.1, 7.05, 8.1, 8.05 ], "texture": "#2" },
				"east": { "uv": [ 7.9, 7.05, 8.9, 8.05 ], "texture": "#2" }
			}
		},
		{
			"from": [ 7.6352, 7.95, 8.5528 ],
			"to": [ 8.635201, 8.95, 9.5528 ],
			"rotation": { "origin": [ 8, 8, 8 ], "axis": "y", "angle": -45 },
			"faces": {
				"down": { "uv": [ 8.95, 5, 9.95, 6 ], "texture": "#2", "rotation": 270 },
				"up": { "uv": [ 8.95, 10, 9.95, 11 ], "texture": "#2", "rotation": 90 },
				"north": { "uv": [ 10, 7.05, 11, 8.05 ], "texture": "#2" },
				"south": { "uv": [ 6, 8.05, 5, 7.05 ], "texture": "#2" },
				"west": { "uv": [ 8.95, 7.05, 9.95, 8.05 ], "texture": "#2" },
				"east": { "uv": [ 6.05, 7.05, 7.05, 8.05 ], "texture": "#2" }
			}
		},
		{
			"from": [ 6.7852, 6, 10.6028 ],
			"to": [ 7.7852, 7, 11.6028 ],
			"rotation": { "origin": [ 8, 8, 8 ], "axis": "y", "angle": -45 },
			"faces": {
				"down": { "uv": [ 11, 4.15, 12, 5.15 ], "texture": "#2", "rotation": 270 },
				"up": { "uv": [ 11, 10.85, 12, 11.85 ], "texture": "#2", "rotation": 90 },
				"north": { "uv": [ 10.85, 9, 11.85, 10 ], "texture": "#2" },
				"south": { "uv": [ 5.15, 10, 4.15, 9 ], "texture": "#2" },
				"west": { "uv": [ 11, 9, 12, 10 ], "texture": "#2" },
				"east": { "uv": [ 4, 9, 5, 10 ], "texture": "#2" }
			}
		},
		{
			"from": [ 6.7852, 5, 11.6028 ],
			"to": [ 7.7852, 6, 12.6028 ],
			"rotation": { "origin": [ 8, 8, 8 ], "axis": "y", "angle": -45 },
			"faces": {
				"down": { "uv": [ 12, 4.15, 13, 5.15 ], "texture": "#2", "rotation": 270 },
				"up": { "uv": [ 12, 10.85, 13, 11.85 ], "texture": "#2", "rotation": 90 },
				"north": { "uv": [ 10.85, 10, 11.85, 11 ], "texture": "#2" },
				"south": { "uv": [ 5.15, 11, 4.15, 10 ], "texture": "#2" },
				"west": { "uv": [ 12, 10, 13, 11 ], "texture": "#2" },
				"east": { "uv": [ 3, 10, 4, 11 ], "texture": "#2" }
			}
		},
		{
			"from": [ 6.9352, 5.95, 11.5028 ],
			"to": [ 7.9352, 6.95, 12.5028 ],
			"rotation": { "origin": [ 8, 8, 8 ], "axis": "y", "angle": -45 },
			"faces": {
				"down": { "uv": [ 11.9, 4.3, 12.9, 5.3 ], "texture": "#1", "rotation": 270 },
				"up": { "uv": [ 11.9, 10.7, 12.9, 11.7 ], "texture": "#1", "rotation": 90 },
				"north": { "uv": [ 10.7, 9.05, 11.7, 10.05 ], "texture": "#1" },
				"south": { "uv": [ 5.3, 10.05, 4.3, 9.05 ], "texture": "#1" },
				"west": { "uv": [ 11.9, 9.05, 12.9, 10.05 ], "texture": "#1" },
				"east": { "uv": [ 3.1, 9.05, 4.1, 10.05 ], "texture": "#1" }
			}
		},
		{
			"from": [ 7.0852, 2.05, 9.5028 ],
			"to": [ 8.085199, 4.05, 10.5028 ],
			"rotation": { "origin": [ 8, 8, 8 ], "axis": "y", "angle": -45 },
			"faces": {
				"down": { "uv": [ 9.9, 4.45, 10.9, 5.45 ], "texture": "#2", "rotation": 270 },
				"up": { "uv": [ 9.9, 10.55, 10.9, 11.55 ], "texture": "#2", "rotation": 90 },
				"north": { "uv": [ 10.55, 11.95, 11.55, 13.95 ], "texture": "#2" },
				"south": { "uv": [ 5.45, 13.95, 4.45, 11.95 ], "texture": "#2" },
				"west": { "uv": [ 9.9, 11.95, 10.9, 13.95 ], "texture": "#2" },
				"east": { "uv": [ 5.1, 11.95, 6.1, 13.95 ], "texture": "#2" }
			}
		},
		{
			"from": [ 7.1352, 7, 9.5528 ],
			"to": [ 8.135201, 8, 10.5528 ],
			"rotation": { "origin": [ 8, 8, 8 ], "axis": "y", "angle": -45 },
			"faces": {
				"down": { "uv": [ 9.95, 4.5, 10.95, 5.5 ], "texture": "#2", "rotation": 270 },
				"up": { "uv": [ 9.95, 10.5, 10.95, 11.5 ], "texture": "#2", "rotation": 90 },
				"north": { "uv": [ 10.5, 8, 11.5, 9 ], "texture": "#2" },
				"south": { "uv": [ 5.5, 9, 4.5, 8 ], "texture": "#2" },
				"west": { "uv": [ 9.95, 8, 10.95, 9 ], "texture": "#2" },
				"east": { "uv": [ 5.05, 8, 6.05, 9 ], "texture": "#2" }
			}
		},
		{
			"from": [ 7.3352, 6, 8.602799 ],
			"to": [ 8.335199, 7, 9.602799 ],
			"rotation": { "origin": [ 8, 8, 8 ], "axis": "y", "angle": -45 },
			"faces": {
				"down": { "uv": [ 9, 4.7, 10, 5.7 ], "texture": "#2", "rotation": 270 },
				"up": { "uv": [ 9, 10.3, 10, 11.3 ], "texture": "#2", "rotation": 90 },
				"north": { "uv": [ 10.3, 9, 11.3, 10 ], "texture": "#2" },
				"south": { "uv": [ 5.7, 10, 4.7, 9 ], "texture": "#2" },
				"west": { "uv": [ 9, 9, 10, 10 ], "texture": "#2" },
				"east": { "uv": [ 6, 9, 7, 10 ], "texture": "#2" }
			}
		},
		{
			"from": [ 7.2852, 7.9, 9.5028 ],
			"to": [ 8.285199, 8.9, 10.5028 ],
			"rotation": { "origin": [ 8, 8, 8 ], "axis": "y", "angle": -45 },
			"faces": {
				"down": { "uv": [ 9.9, 4.65, 10.9, 5.65 ], "texture": "#1", "rotation": 270 },
				"up": { "uv": [ 9.9, 10.35, 10.9, 11.35 ], "texture": "#1", "rotation": 90 },
				"north": { "uv": [ 10.35, 7.1, 11.35, 8.1 ], "texture": "#1" },
				"south": { "uv": [ 5.65, 8.1, 4.65, 7.1 ], "texture": "#1" },
				"west": { "uv": [ 9.9, 7.1, 10.9, 8.1 ], "texture": "#1" },
				"east": { "uv": [ 5.1, 7.1, 6.1, 8.1 ], "texture": "#1" }
			}
		}
	]
}