{
	"__comment": "Designed by CreatorLabs with Cubik Studio - https://cubik.studio - Download at https://www.planetminecraft.com/texture_pack/3d-creatorcraft/",
	"parent": "item/parents/flower",
	"textures": {
		"1": "3d_decoration/flower_stem",
		"2": "3d_decoration/3d_flower_oxeye_daisy",
		"3": "3d_decoration/3d_flower_oxeye_daisy_1",
		"particle": "blocks/flower_oxeye_daisy"
	},
	"elements": [ 	 
		{
			"from": [ 5.5476, 8, 7 ],
			"to": [ 7.5476, 10, 9 ],
			"rotation": { "origin": [ 8, 8, 8 ], "axis": "y", "angle": -45 },
			"faces": {
				"down": { "uv": [ 6, 4.5, 8, 6.5 ], "texture": "#2" },
				"up": { "uv": [ 6, 9.5, 8, 11.5 ], "texture": "#2" },
				"north": { "uv": [ 8, 6, 10, 8 ], "texture": "#2" },
				"south": { "uv": [ 6, 6, 8, 8 ], "texture": "#2" },
				"west": { "uv": [ 9.5, 6, 11.5, 8 ], "texture": "#2" },
				"east": { "uv": [ 6.5, 8, 4.5, 6 ], "texture": "#2" }
			}
		},
		{
			"from": [ 8.5476, 8, 7 ],
			"to": [ 10.5476, 10, 9 ],
			"rotation": { "origin": [ 8, 8, 8 ], "axis": "y", "angle": -45 },
			"faces": {
				"down": { "uv": [ 9, 4.5, 11, 6.5 ], "texture": "#2" },
				"up": { "uv": [ 9, 9.5, 11, 11.5 ], "texture": "#2" },
				"north": { "uv": [ 5, 6, 7, 8 ], "texture": "#2" },
				"south": { "uv": [ 9, 6, 11, 8 ], "texture": "#2" },
				"west": { "uv": [ 9.5, 6, 11.5, 8 ], "texture": "#2" },
				"east": { "uv": [ 6.5, 8, 4.5, 6 ], "texture": "#2" }
			}
		},
		{
			"from": [ 8.5476, 11, 7 ],
			"to": [ 10.5476, 13, 9 ],
			"rotation": { "origin": [ 8, 8, 8 ], "axis": "y", "angle": -45 },
			"faces": {
				"down": { "uv": [ 9, 4.5, 11, 6.5 ], "texture": "#2" },
				"up": { "uv": [ 9, 9.5, 11, 11.5 ], "texture": "#2" },
				"north": { "uv": [ 5, 3, 7, 5 ], "texture": "#2" },
				"south": { "uv": [ 9, 3, 11, 5 ], "texture": "#2" },
				"west": { "uv": [ 9.5, 3, 11.5, 5 ], "texture": "#2" },
				"east": { "uv": [ 6.5, 5, 4.5, 3 ], "texture": "#2" }
			}
		},
		{
			"from": [ 7.5476, 12, 7 ],
			"to": [ 8.5476, 14, 9 ],
			"rotation": { "origin": [ 8, 8, 8 ], "axis": "y", "angle": -45 },
			"faces": {
				"down": { "uv": [ 8, 4.5, 9, 6.5 ], "texture": "#2" },
				"up": { "uv": [ 8, 9.5, 9, 11.5 ], "texture": "#2" },
				"north": { "uv": [ 7, 2, 8, 4 ], "texture": "#2" },
				"south": { "uv": [ 8, 2, 9, 4 ], "texture": "#2" },
				"west": { "uv": [ 9.5, 2, 11.5, 4 ], "texture": "#2" },
				"east": { "uv": [ 6.5, 4, 4.5, 2 ], "texture": "#2" }
			}
		},
		{
			"from": [ 7.5476, 9, 7.5 ],
			"to": [ 8.5476, 12, 8.5 ],
			"rotation": { "origin": [ 8, 8, 8 ], "axis": "y", "angle": -45 },
			"faces": {
				"down": { "uv": [ 6, 15, 7, 16 ], "texture": "#3" },
				"up": { "uv": [ 6, 0, 7, 1 ], "texture": "#3" },
				"north": { "uv": [ 9, 13, 10, 16 ], "texture": "#3" },
				"south": { "uv": [ 6, 13, 7, 16 ], "texture": "#3" },
				"west": { "uv": [ 0, 13, 1, 16 ], "texture": "#3" },
				"east": { "uv": [ 16, 16, 15, 13 ], "texture": "#3" }
			}
		},
		{
			"from": [ 8.5476, 10, 7.5 ],
			"to": [ 9.5476, 11, 8.5 ],
			"rotation": { "origin": [ 8, 8, 8 ], "axis": "y", "angle": -45 },
			"faces": {
				"down": { "uv": [ 7, 15, 8, 16 ], "texture": "#3" },
				"up": { "uv": [ 7, 0, 8, 1 ], "texture": "#3" },
				"north": { "uv": [ 8, 14, 9, 15 ], "texture": "#3" },
				"south": { "uv": [ 7, 14, 8, 15 ], "texture": "#3" },
				"west": { "uv": [ 0, 14, 1, 15 ], "texture": "#3" },
				"east": { "uv": [ 16, 15, 15, 14 ], "texture": "#3" }
			}
		},
		{
			"from": [ 6.5476, 10, 7.5 ],
			"to": [ 7.5476, 11, 8.5 ],
			"rotation": { "origin": [ 8, 8, 8 ], "axis": "y", "angle": -45 },
			"faces": {
				"down": { "uv": [ 5, 15, 6, 16 ], "texture": "#3" },
				"up": { "uv": [ 5, 0, 6, 1 ], "texture": "#3" },
				"north": { "uv": [ 10, 14, 11, 15 ], "texture": "#3" },
				"south": { "uv": [ 5, 14, 6, 15 ], "texture": "#3" },
				"west": { "uv": [ 0, 14, 1, 15 ], "texture": "#3" },
				"east": { "uv": [ 16, 15, 15, 14 ], "texture": "#3" }
			}
		},
		{
			"from": [ 5.5476, 11, 7 ],
			"to": [ 7.5476, 13, 9 ],
			"rotation": { "origin": [ 8, 8, 8 ], "axis": "y", "angle": -45 },
			"faces": {
				"down": { "uv": [ 6, 4.5, 8, 6.5 ], "texture": "#2" },
				"up": { "uv": [ 6, 9.5, 8, 11.5 ], "texture": "#2" },
				"north": { "uv": [ 8, 3, 10, 5 ], "texture": "#2" },
				"south": { "uv": [ 6, 3, 8, 5 ], "texture": "#2" },
				"west": { "uv": [ 9.5, 3, 11.5, 5 ], "texture": "#2" },
				"east": { "uv": [ 6.5, 5, 4.5, 3 ], "texture": "#2" }
			}
		},
		{
			"from": [ 7.5476, 7, 7 ],
			"to": [ 8.5476, 9, 9 ],
			"rotation": { "origin": [ 8, 8, 8 ], "axis": "y", "angle": -45 },
			"faces": {
				"down": { "uv": [ 8, 4.5, 9, 6.5 ], "texture": "#2" },
				"up": { "uv": [ 8, 9.5, 9, 11.5 ], "texture": "#2" },
				"north": { "uv": [ 7, 7, 8, 9 ], "texture": "#2" },
				"south": { "uv": [ 8, 7, 9, 9 ], "texture": "#2" },
				"west": { "uv": [ 9.5, 7, 11.5, 9 ], "texture": "#2" },
				"east": { "uv": [ 6.5, 9, 4.5, 7 ], "texture": "#2" }
			}
		},
		{
			"from": [ 9.5476, 10, 7 ],
			"to": [ 11.5476, 11, 9 ],
			"rotation": { "origin": [ 8, 8, 8 ], "axis": "y", "angle": -45 },
			"faces": {
				"down": { "uv": [ 10, 4.5, 12, 6.5 ], "texture": "#2" },
				"up": { "uv": [ 10, 9.5, 12, 11.5 ], "texture": "#2" },
				"north": { "uv": [ 4, 5, 6, 6 ], "texture": "#2" },
				"south": { "uv": [ 10, 5, 12, 6 ], "texture": "#2" },
				"west": { "uv": [ 9.5, 5, 11.5, 6 ], "texture": "#2" },
				"east": { "uv": [ 6.5, 6, 4.5, 5 ], "texture": "#2" }
			}
		},
		{
			"from": [ 4.5476, 10, 7 ],
			"to": [ 6.5476, 11, 9 ],
			"rotation": { "origin": [ 8, 8, 8 ], "axis": "y", "angle": -45 },
			"faces": {
				"down": { "uv": [ 5, 4.5, 7, 6.5 ], "texture": "#2" },
				"up": { "uv": [ 5, 9.5, 7, 11.5 ], "texture": "#2" },
				"north": { "uv": [ 9, 5, 11, 6 ], "texture": "#2" },
				"south": { "uv": [ 5, 5, 7, 6 ], "texture": "#2" },
				"west": { "uv": [ 9.5, 5, 11.5, 6 ], "texture": "#2" },
				"east": { "uv": [ 6.5, 6, 4.5, 5 ], "texture": "#2" }
			}
		},
		{
			"from": [ 7.5476, 0, 7.5 ],
			"to": [ 8.5476, 7, 8.5 ],
			"rotation": { "origin": [ 8, 8, 8 ], "axis": "y", "angle": -45 },
			"faces": {
				"down": { "uv": [ 8, 5, 9, 6 ], "texture": "#1" },
				"up": { "uv": [ 8, 10, 9, 11 ], "texture": "#1" },
				"north": { "uv": [ 7, 9, 8, 16 ], "texture": "#1" },
				"south": { "uv": [ 8, 9, 9, 16 ], "texture": "#1" },
				"west": { "uv": [ 10, 9, 11, 16 ], "texture": "#1" },
				"east": { "uv": [ 6, 16, 5, 9 ], "texture": "#1" }
			}
		},
		{
			"from": [ 6.5476, 1, 7.5 ],
			"to": [ 7.5476, 3, 8.5 ],
			"rotation": { "origin": [ 8, 8, 8 ], "axis": "y", "angle": -45 },
			"faces": {
				"down": { "uv": [ 7, 5, 8, 6 ], "texture": "#1" },
				"up": { "uv": [ 7, 10, 8, 11 ], "texture": "#1" },
				"north": { "uv": [ 8, 13, 9, 15 ], "texture": "#1" },
				"south": { "uv": [ 7, 13, 8, 15 ], "texture": "#1" },
				"west": { "uv": [ 10, 13, 11, 15 ], "texture": "#1" },
				"east": { "uv": [ 6, 15, 5, 13 ], "texture": "#1" }
			}
		},
		{
			"from": [ 8.5476, 3, 7.5 ],
			"to": [ 9.5476, 5, 8.5 ],
			"rotation": { "origin": [ 8, 8, 8 ], "axis": "y", "angle": -45 },
			"faces": {
				"down": { "uv": [ 9, 5, 10, 6 ], "texture": "#1" },
				"up": { "uv": [ 9, 10, 10, 11 ], "texture": "#1" },
				"north": { "uv": [ 6, 11, 7, 13 ], "texture": "#1" },
				"south": { "uv": [ 9, 11, 10, 13 ], "texture": "#1" },
				"west": { "uv": [ 10, 11, 11, 13 ], "texture": "#1" },
				"east": { "uv": [ 6, 13, 5, 11 ], "texture": "#1" }
			}
		},
		{
			"from": [ 9.5476, 4, 7.5 ],
			"to": [ 10.5476, 5, 8.5 ],
			"rotation": { "origin": [ 8, 8, 8 ], "axis": "y", "angle": -45 },
			"faces": {
				"down": { "uv": [ 10, 5, 11, 6 ], "texture": "#1" },
				"up": { "uv": [ 10, 10, 11, 11 ], "texture": "#1" },
				"north": { "uv": [ 5, 11, 6, 12 ], "texture": "#1" },
				"south": { "uv": [ 10, 11, 11, 12 ], "texture": "#1" },
				"west": { "uv": [ 10, 11, 11, 12 ], "texture": "#1" },
				"east": { "uv": [ 6, 12, 5, 11 ], "texture": "#1" }
			}
		},
		{
			"from": [ 5.5476, 3, 7.5 ],
			"to": [ 6.5476, 4, 8.5 ],
			"rotation": { "origin": [ 8, 8, 8 ], "axis": "y", "angle": -45 },
			"faces": {
				"down": { "uv": [ 6, 5, 7, 6 ], "texture": "#1" },
				"up": { "uv": [ 6, 10, 7, 11 ], "texture": "#1" },
				"north": { "uv": [ 9, 12, 10, 13 ], "texture": "#1" },
				"south": { "uv": [ 6, 12, 7, 13 ], "texture": "#1" },
				"west": { "uv": [ 10, 12, 11, 13 ], "texture": "#1" },
				"east": { "uv": [ 6, 13, 5, 12 ], "texture": "#1" }
			}
		},
		{
			"from": [ 6.5476, 6, 7.5 ],
			"to": [ 7.5476, 8, 8.5 ],
			"rotation": { "origin": [ 8, 8, 8 ], "axis": "y", "angle": -45 },
			"faces": {
				"down": { "uv": [ 7, 5, 8, 6 ], "texture": "#1" },
				"up": { "uv": [ 7, 10, 8, 11 ], "texture": "#1" },
				"north": { "uv": [ 8, 8, 9, 10 ], "texture": "#1" },
				"south": { "uv": [ 7, 8, 8, 10 ], "texture": "#1" },
				"west": { "uv": [ 10, 8, 11, 10 ], "texture": "#1" },
				"east": { "uv": [ 6, 10, 5, 8 ], "texture": "#1" }
			}
		},
		{
			"from": [ 7.5476, 3, 9.5 ],
			"to": [ 8.5476, 4, 10.5 ],
			"rotation": { "origin": [ 8, 8, 8 ], "axis": "y", "angle": -45 },
			"faces": {
				"down": { "uv": [ 8, 3, 9, 4 ], "texture": "#1" },
				"up": { "uv": [ 8, 12, 9, 13 ], "texture": "#1" },
				"north": { "uv": [ 7, 12, 8, 13 ], "texture": "#1" },
				"south": { "uv": [ 8, 12, 9, 13 ], "texture": "#1" },
				"west": { "uv": [ 12, 12, 13, 13 ], "texture": "#1" },
				"east": { "uv": [ 4, 13, 3, 12 ], "texture": "#1" }
			}
		},
		{
			"from": [ 7.5476, 2, 8.5 ],
			"to": [ 8.5476, 4, 9.5 ],
			"rotation": { "origin": [ 8, 8, 8 ], "axis": "y", "angle": -45 },
			"faces": {
				"down": { "uv": [ 8, 4, 9, 5 ], "texture": "#1" },
				"up": { "uv": [ 8, 11, 9, 12 ], "texture": "#1" },
				"north": { "uv": [ 7, 12, 8, 14 ], "texture": "#1" },
				"south": { "uv": [ 8, 12, 9, 14 ], "texture": "#1" },
				"west": { "uv": [ 11, 12, 12, 14 ], "texture": "#1" },
				"east": { "uv": [ 5, 14, 4, 12 ], "texture": "#1" }
			}
		},
		{
			"from": [ 7.5476, 4, 5.5 ],
			"to": [ 8.5476, 5, 6.5 ],
			"rotation": { "origin": [ 8, 8, 8 ], "axis": "y", "angle": -45 },
			"faces": {
				"down": { "uv": [ 8, 7, 9, 8 ], "texture": "#1" },
				"up": { "uv": [ 8, 8, 9, 9 ], "texture": "#1" },
				"north": { "uv": [ 7, 11, 8, 12 ], "texture": "#1" },
				"south": { "uv": [ 8, 11, 9, 12 ], "texture": "#1" },
				"west": { "uv": [ 8, 11, 9, 12 ], "texture": "#1" },
				"east": { "uv": [ 8, 12, 7, 11 ], "texture": "#1" }
			}
		},
		{
			"from": [ 7.5476, 2, 6.5 ],
			"to": [ 8.5476, 4, 7.5 ],
			"rotation": { "origin": [ 8, 8, 8 ], "axis": "y", "angle": -45 },
			"faces": {
				"down": { "uv": [ 8, 6, 9, 7 ], "texture": "#1" },
				"up": { "uv": [ 8, 9, 9, 10 ], "texture": "#1" },
				"north": { "uv": [ 7, 12, 8, 14 ], "texture": "#1" },
				"south": { "uv": [ 8, 12, 9, 14 ], "texture": "#1" },
				"west": { "uv": [ 9, 12, 10, 14 ], "texture": "#1" },
				"east": { "uv": [ 7, 14, 6, 12 ], "texture": "#1" }
			}
		}
	]
}