{
    "ambientocclusion": false,
    "textures": {
        "particle": "3d_decoration/vine",
        "vine": "3d_decoration/vine"
    },
    "elements": [
        {   "from": [ 15.2, 0, 0 ],
            "to": [ 15.2, 16, 16 ],
            "shade": false,
            "faces": {
                "west": { "uv": [ 0, 0, 16, 16 ], "texture": "#vine"},
                "east": { "uv": [ 0, 0, 16, 16 ], "texture": "#vine"}
            }
        },
        {   "from": [ 0, 0, 15.2 ],
            "to": [ 16, 16, 15.2 ],
            "shade": false,
            "faces": {
                "north": { "uv": [ 0, 0, 16, 16 ], "texture": "#vine"},
                "south": { "uv": [ 0, 0, 16, 16 ], "texture": "#vine"}
            }
        },
        {   "from": [ 0, 0, 0.8 ],
            "to": [ 16, 16, 0.8 ],
            "shade": false,
            "faces": {
                "north": { "uv": [ 0, 0, 16, 16 ], "texture": "#vine"},
                "south": { "uv": [ 0, 0, 16, 16 ], "texture": "#vine"}
            }
        }
    ]
}
