{
	"__comment": "Designed by CreatorLabs with Cubik Studio - https://cubik.studio",
	"parent": "block/block",
	"textures": {
		"particle": "#all",
		"all": "#all",
		"round": "#round"
	},
	"elements": [ 	 
		{
			"from": [ 0, 0, 0 ],
			"to": [ 16, 16, 16 ],
			"faces": {
				"down": { "uv": [ 0, 0, 16, 16 ], "texture": "#all", "cullface": "down"},
				"up": { "uv": [ 0, 0, 16, 16 ], "texture": "#all", "cullface": "up"},
				"north": { "uv": [ 0, 0, 16, 16 ], "texture": "#all", "cullface": "north"},
				"south": { "uv": [ 0, 0, 16, 16 ], "texture": "#all", "cullface": "south"},
				"west": { "uv": [ 0, 0, 16, 16 ], "texture": "#all", "cullface": "west"},
				"east": { "uv": [ 0, 0, 16, 16 ], "texture": "#all", "cullface": "east"}
			}
		},
		{
			"from": [ -7.375, -8, 14.75 ],
			"to": [ 24.625, 24, 14.751 ],
			"rotation": { "origin": [ -7.375, -8, 15.75 ], "axis": "y", "angle": 22.5, "rescale": true },
			"shade": false,
			"faces": {
				"north": { "uv": [ 0, 0, 16, 16 ], "texture": "#round" },
				"south": { "uv": [ 0, 0, 16, 16 ], "texture": "#round" }
			}
		},
		{
			"from": [ 1.625, -8, -6.25 ],
			"to": [ 1.626, 24, 25.75 ],
			"rotation": { "origin": [ 1.625, -8, -6.25 ], "axis": "y", "angle": 22.5, "rescale": true },
			"shade": false,
			"faces": {
				"west": { "uv": [ 0, 0, 16, 16 ], "texture": "#round" },
				"east": { "uv": [ 0, 0, 16, 16 ], "texture": "#round" }
			}
		}
	]
}