{
	"__comment": "Designed by CreatorLabs with Cubik Studio - https://cubik.studio",
	"parent": "block/block",
	"textures": {
		"particle": "#all",
		"all": "#all",
		"round": "#round"
	},
	"elements": [ 	 
		{
			"from": [ 0, 0, 0 ],
			"to": [ 16, 16, 16 ],
			"faces": {
				"down": { "uv": [ 0, 0, 16, 16 ], "texture": "#all", "cullface": "down"},
				"up": { "uv": [ 0, 0, 16, 16 ], "texture": "#all", "cullface": "up"},
				"north": { "uv": [ 0, 0, 16, 16 ], "texture": "#all", "cullface": "north"},
				"south": { "uv": [ 0, 0, 16, 16 ], "texture": "#all", "cullface": "south"},
				"west": { "uv": [ 0, 0, 16, 16 ], "texture": "#all", "cullface": "west"},
				"east": { "uv": [ 0, 0, 16, 16 ], "texture": "#all", "cullface": "east"}
			}
		},
		{
			"from": [ -6, -8, 13 ],
			"to": [ 26, 24, 13.001 ],
			"rotation": { "origin": [ -6, -8, 14 ], "axis": "y", "angle": 22.5, "rescale": true },
			"shade": false,
			"faces": {
				"north": { "uv": [ 0, 0, 16, 16 ], "texture": "#round" },
				"south": { "uv": [ 0, 0, 16, 16 ], "texture": "#round" }
			}
		},
		{
			"from": [ 3, -8, -8 ],
			"to": [ 3.001, 24, 24 ],
			"rotation": { "origin": [ 3, -8, -8 ], "axis": "y", "angle": 22.5, "rescale": true },
			"shade": false,
			"faces": {
				"west": { "uv": [ 0, 0, 16, 16 ], "texture": "#round" },
				"east": { "uv": [ 0, 0, 16, 16 ], "texture": "#round" }
			}
		}
	]
}