{
	"__comment": "Designed by CreatorLabs with Cubik Studio - https://cubik.studio - Download at https://www.planetminecraft.com/texture_pack/3d-creatorcraft/",
	"parent": "item/parents/flower_not_rotated",
	"textures": {
		"1": "colored/3d_decoration/3d_flower_allium",
		"2": "colored/3d_decoration/3d_flower_stem_1",
		"particle": "blocks/flower_allium"
	},
	"elements": [ 	 
		{
			"from": [ 7.5, 0, 6.5 ],
			"to": [ 8.5, 8, 7.5 ],
			"faces": {
				"down": { "uv": [ 7, 8, 8, 9 ], "texture": "#2" },
				"up": { "uv": [ 7, 7, 8, 8 ], "texture": "#2" },
				"north": { "uv": [ 8, 8, 9, 16 ], "texture": "#2" },
				"south": { "uv": [ 7, 8, 8, 16 ], "texture": "#2" },
				"west": { "uv": [ 7, 8, 8, 16 ], "texture": "#2" },
				"east": { "uv": [ 8, 8, 9, 16 ], "texture": "#2" }
			}
		},
		{
			"from": [ 6, 9, 5 ],
			"to": [ 10, 13, 9 ],
			"faces": {
				"down": { "uv": [ 5.5, 6.5, 9.5, 10.5 ], "texture": "#1" },
				"up": { "uv": [ 5.5, 5.5, 9.5, 9.5 ], "texture": "#1" },
				"north": { "uv": [ 6.5, 3, 10.5, 7 ], "texture": "#1" },
				"south": { "uv": [ 5.5, 3, 9.5, 7 ], "texture": "#1" },
				"west": { "uv": [ 5.5, 3, 9.5, 7 ], "texture": "#1" },
				"east": { "uv": [ 6.5, 3, 10.5, 7 ], "texture": "#1" }
			}
		},
		{
			"from": [ 5, 10, 5.5 ],
			"to": [ 6, 12, 8.5 ],
			"faces": {
				"down": { "uv": [ 4.5, 7, 5.5, 10 ], "texture": "#1" },
				"up": { "uv": [ 4.5, 6, 5.5, 9 ], "texture": "#1" },
				"north": { "uv": [ 10.5, 4, 11.5, 6 ], "texture": "#1" },
				"south": { "uv": [ 4.5, 4, 5.5, 6 ], "texture": "#1" },
				"west": { "uv": [ 6, 4, 9, 6 ], "texture": "#1" }
			}
		},
		{
			"from": [ 6.5, 13, 5.5 ],
			"to": [ 9.5, 14, 8.5 ],
			"faces": {
				"up": { "uv": [ 6, 6, 9, 9 ], "texture": "#1" },
				"north": { "uv": [ 7, 2, 10, 3 ], "texture": "#1" },
				"south": { "uv": [ 6, 2, 9, 3 ], "texture": "#1" },
				"west": { "uv": [ 6, 2, 9, 3 ], "texture": "#1" },
				"east": { "uv": [ 7, 2, 10, 3 ], "texture": "#1" }
			}
		},
		{
			"from": [ 6.5, 8, 5.5 ],
			"to": [ 9.5, 9, 8.5 ],
			"faces": {
				"down": { "uv": [ 6, 7, 9, 10 ], "texture": "#1" },
				"north": { "uv": [ 7, 7, 10, 8 ], "texture": "#1" },
				"south": { "uv": [ 6, 7, 9, 8 ], "texture": "#1" },
				"west": { "uv": [ 6, 7, 9, 8 ], "texture": "#1" },
				"east": { "uv": [ 7, 7, 10, 8 ], "texture": "#1" }
			}
		},
		{
			"from": [ 10, 10, 5.5 ],
			"to": [ 11, 12, 8.5 ],
			"faces": {
				"down": { "uv": [ 9.5, 7, 10.5, 10 ], "texture": "#1" },
				"up": { "uv": [ 9.5, 6, 10.5, 9 ], "texture": "#1" },
				"north": { "uv": [ 5.499999, 4, 6.5, 6 ], "texture": "#1" },
				"south": { "uv": [ 9.5, 4, 10.5, 6 ], "texture": "#1" },
				"east": { "uv": [ 7, 4, 10, 6 ], "texture": "#1" }
			}
		},
		{
			"from": [ 6.5, 10, 9 ],
			"to": [ 9.5, 12, 10 ],
			"faces": {
				"down": { "uv": [ 6, 5.499999, 9, 6.5 ], "texture": "#1" },
				"up": { "uv": [ 6, 9.5, 9, 10.5 ], "texture": "#1" },
				"south": { "uv": [ 6, 4, 9, 6 ], "texture": "#1" },
				"west": { "uv": [ 9.5, 4, 10.5, 6 ], "texture": "#1" },
				"east": { "uv": [ 5.499999, 4, 6.5, 6 ], "texture": "#1" }
			}
		},
		{
			"from": [ 6.5, 10, 4 ],
			"to": [ 9.5, 12, 5 ],
			"faces": {
				"down": { "uv": [ 6, 10.5, 9, 11.5 ], "texture": "#1" },
				"up": { "uv": [ 6, 4.5, 9, 5.5 ], "texture": "#1" },
				"north": { "uv": [ 7, 4, 10, 6 ], "texture": "#1" },
				"west": { "uv": [ 4.5, 4, 5.5, 6 ], "texture": "#1" },
				"east": { "uv": [ 10.5, 4, 11.5, 6 ], "texture": "#1" }
			}
		}
	]
}