{
	"__comment": "Designed by CreatorLabs with Cubik Studio - https://cubik.studio - Download at https://www.planetminecraft.com/texture_pack/3d-creatorcraft/",
	"parent": "item/parents/flower_not_rotated",
	"textures": {
		"0": "colored/3d_decoration/3d_flower_dust",
		"1": "colored/3d_decoration/3d_flower_dandelion",
		"2": "colored/3d_decoration/3d_flower_stem",
		"3": "colored/3d_decoration/3d_flower_dust_1",
		"particle": "blocks/flower_dandelion"
	},
	"elements": [ 	 
		{
			"from": [ 6.5, 5, 5.5278 ],
			"to": [ 9.5, 6, 6.5278 ],
			
			"faces": {
				"down": { "uv": [ 6.5, 8.5, 9.5, 9.5 ], "texture": "#1" },
				"up": { "uv": [ 6.5, 6.5, 9.5, 7.5 ], "texture": "#1" },
				"north": { "uv": [ 6.5, 10, 9.5, 11 ], "texture": "#1" },
				"south": { "uv": [ 6.5, 10, 9.5, 11 ], "texture": "#1" },
				"west": { "uv": [ 6.5, 10, 7.5, 11 ], "texture": "#1" },
				"east": { "uv": [ 9.5, 11, 8.5, 10 ], "texture": "#1" }
			}
		},
		{
			"from": [ 6, 5, 6.5278 ],
			"to": [ 10, 7, 9.5278 ],
			
			"faces": {
				"down": { "uv": [ 6, 5.5, 10, 8.5 ], "texture": "#1" },
				"up": { "uv": [ 6, 7.5, 10, 10.5 ], "texture": "#1" },
				"north": { "uv": [ 6, 9, 10, 11 ], "texture": "#1" },
				"south": { "uv": [ 6, 9, 10, 11 ], "texture": "#1" },
				"west": { "uv": [ 7.5, 9, 10.5, 11 ], "texture": "#1" },
				"east": { "uv": [ 8.5, 11, 5.5, 9 ], "texture": "#1" }
			}
		},
		{
			"from": [ 10, 5, 6.5278 ],
			"to": [ 11, 6, 9.5278 ],
			
			"faces": {
				"down": { "uv": [ 10, 5.5, 11, 8.5 ], "texture": "#1" },
				"up": { "uv": [ 10, 7.5, 11, 10.5 ], "texture": "#1" },
				"north": { "uv": [ 5, 10, 6, 11 ], "texture": "#1" },
				"south": { "uv": [ 10, 10, 11, 11 ], "texture": "#1" },
				"west": { "uv": [ 7.5, 10, 10.5, 11 ], "texture": "#1" },
				"east": { "uv": [ 8.5, 11, 5.5, 10 ], "texture": "#1" }
			}
		},
		{
			"from": [ 9, 7, 6.5278 ],
			"to": [ 11, 8, 9.5278 ],
			
			"faces": {
				"down": { "uv": [ 9, 5.5, 11, 8.5 ], "texture": "#1" },
				"up": { "uv": [ 9, 7.5, 11, 10.5 ], "texture": "#1" },
				"north": { "uv": [ 5, 8, 7, 9 ], "texture": "#1" },
				"south": { "uv": [ 9, 8, 11, 9 ], "texture": "#1" },
				"west": { "uv": [ 7.5, 8, 10.5, 9 ], "texture": "#1" },
				"east": { "uv": [ 8.5, 9, 5.5, 8 ], "texture": "#1" }
			}
		},
		{
			"from": [ 5, 7, 6.5278 ],
			"to": [ 7, 8, 9.5278 ],
			
			"faces": {
				"down": { "uv": [ 5, 5.5, 7, 8.5 ], "texture": "#1" },
				"up": { "uv": [ 5, 7.5, 7, 10.5 ], "texture": "#1" },
				"north": { "uv": [ 9, 8, 11, 9 ], "texture": "#1" },
				"south": { "uv": [ 5, 8, 7, 9 ], "texture": "#1" },
				"west": { "uv": [ 7.5, 8, 10.5, 9 ], "texture": "#1" },
				"east": { "uv": [ 8.5, 9, 5.5, 8 ], "texture": "#1" }
			}
		},
		{
			"from": [ 5, 5, 6.5278 ],
			"to": [ 6, 6, 9.5278 ],
			
			"faces": {
				"down": { "uv": [ 5, 5.5, 6, 8.5 ], "texture": "#1" },
				"up": { "uv": [ 5, 7.5, 6, 10.5 ], "texture": "#1" },
				"north": { "uv": [ 10, 10, 11, 11 ], "texture": "#1" },
				"south": { "uv": [ 5, 10, 6, 11 ], "texture": "#1" },
				"west": { "uv": [ 7.5, 10, 10.5, 11 ], "texture": "#1" },
				"east": { "uv": [ 8.5, 11, 5.5, 10 ], "texture": "#1" }
			}
		},
		{
			"from": [ 6.5, 5, 9.5278 ],
			"to": [ 9.5, 6, 10.5278 ],
			
			"faces": {
				"down": { "uv": [ 6.5, 8.5, 9.5, 9.5 ], "texture": "#1" },
				"up": { "uv": [ 6.5, 6.5, 9.5, 7.5 ], "texture": "#1" },
				"north": { "uv": [ 6.5, 10, 9.5, 11 ], "texture": "#1" },
				"south": { "uv": [ 6.5, 10, 9.5, 11 ], "texture": "#1" },
				"west": { "uv": [ 6.5, 10, 7.5, 11 ], "texture": "#1" },
				"east": { "uv": [ 9.5, 11, 8.5, 10 ], "texture": "#1" }
			}
		},
		{
			"from": [ 6.5, 7, 5.5278 ],
			"to": [ 9.5, 8, 6.5278 ],
			
			"faces": {
				"down": { "uv": [ 6.5, 8.5, 9.5, 9.5 ], "texture": "#1" },
				"up": { "uv": [ 6.5, 6.5, 9.5, 7.5 ], "texture": "#1" },
				"north": { "uv": [ 6.5, 10, 9.5, 11 ], "texture": "#1" },
				"south": { "uv": [ 6.5, 10, 9.5, 11 ], "texture": "#1" },
				"west": { "uv": [ 6.5, 10, 7.5, 11 ], "texture": "#1" },
				"east": { "uv": [ 9.5, 11, 8.5, 10 ], "texture": "#1" }
			}
		},
		{
			"from": [ 6.5, 7, 9.5278 ],
			"to": [ 9.5, 8, 10.5278 ],
			
			"faces": {
				"down": { "uv": [ 6.5, 8.5, 9.5, 9.5 ], "texture": "#1" },
				"up": { "uv": [ 6.5, 6.5, 9.5, 7.5 ], "texture": "#1" },
				"north": { "uv": [ 6.5, 10, 9.5, 11 ], "texture": "#1" },
				"south": { "uv": [ 6.5, 10, 9.5, 11 ], "texture": "#1" },
				"west": { "uv": [ 6.5, 10, 7.5, 11 ], "texture": "#1" },
				"east": { "uv": [ 9.5, 11, 8.5, 10 ], "texture": "#1" }
			}
		},
		{
			"from": [ 8, 7, 6.5278 ],
			"to": [ 9, 7.5, 7.5278 ],
			
			"faces": {
				"down": { "uv": [ 0, 0, 1, 1 ], "texture": "#0" },
				"up": { "uv": [ 0, 0, 1, 1 ], "texture": "#0" },
				"north": { "uv": [ 0, 0, 1, 1 ], "texture": "#0" },
				"south": { "uv": [ 0, 0, 1, 1 ], "texture": "#0" },
				"west": { "uv": [ 0, 0, 1, 1 ], "texture": "#0" },
				"east": { "uv": [ 0, 0, 1, 1 ], "texture": "#0" }
			}
		},
		{
			"from": [ 7, 7, 7.5278 ],
			"to": [ 8, 7.5, 8.5278 ],
			
			"faces": {
				"down": { "uv": [ 0, 0, 1, 1 ], "texture": "#0" },
				"up": { "uv": [ 0, 0, 1, 1 ], "texture": "#0" },
				"north": { "uv": [ 0, 0, 1, 1 ], "texture": "#0" },
				"south": { "uv": [ 0, 0, 1, 1 ], "texture": "#0" },
				"west": { "uv": [ 0, 0, 1, 1 ], "texture": "#0" },
				"east": { "uv": [ 0, 0, 1, 1 ], "texture": "#0" }
			}
		},
		{
			"from": [ 8, 7, 8.5278 ],
			"to": [ 9, 7.5, 9.5278 ],
			
			"faces": {
				"down": { "uv": [ 0, 0, 1, 1 ], "texture": "#0" },
				"up": { "uv": [ 0, 0, 1, 1 ], "texture": "#0" },
				"north": { "uv": [ 0, 0, 1, 1 ], "texture": "#0" },
				"south": { "uv": [ 0, 0, 1, 1 ], "texture": "#0" },
				"west": { "uv": [ 0, 0, 1, 1 ], "texture": "#0" },
				"east": { "uv": [ 0, 0, 1, 1 ], "texture": "#0" }
			}
		},
		{
			"from": [ 8, 7.125, 7.5278 ],
			"to": [ 9, 7.625, 8.5278 ],
			
			"faces": {
				"down": { "uv": [ 3, 2, 4, 3 ], "texture": "#3" },
				"up": { "uv": [ 3, 2, 4, 3 ], "texture": "#3" },
				"north": { "uv": [ 3, 2, 4, 3 ], "texture": "#3" },
				"south": { "uv": [ 3, 2, 4, 3 ], "texture": "#3" },
				"west": { "uv": [ 3, 2, 4, 3 ], "texture": "#3" },
				"east": { "uv": [ 3, 2, 4, 3 ], "texture": "#3" }
			}
		},
		{
			"from": [ 7, 7.125, 8.5278 ],
			"to": [ 8, 7.625, 9.5278 ],
			
			"faces": {
				"down": { "uv": [ 3, 2, 4, 3 ], "texture": "#3" },
				"up": { "uv": [ 3, 2, 4, 3 ], "texture": "#3" },
				"north": { "uv": [ 3, 2, 4, 3 ], "texture": "#3" },
				"south": { "uv": [ 3, 2, 4, 3 ], "texture": "#3" },
				"west": { "uv": [ 3, 2, 4, 3 ], "texture": "#3" },
				"east": { "uv": [ 3, 2, 4, 3 ], "texture": "#3" }
			}
		},
		{
			"from": [ 7, 7.125, 6.5278 ],
			"to": [ 8, 7.625, 7.5278 ],
			
			"faces": {
				"down": { "uv": [ 3, 2, 4, 3 ], "texture": "#3" },
				"up": { "uv": [ 3, 2, 4, 3 ], "texture": "#3" },
				"north": { "uv": [ 3, 2, 4, 3 ], "texture": "#3" },
				"south": { "uv": [ 3, 2, 4, 3 ], "texture": "#3" },
				"west": { "uv": [ 3, 2, 4, 3 ], "texture": "#3" },
				"east": { "uv": [ 3, 2, 4, 3 ], "texture": "#3" }
			}
		},
		{
			"from": [ 7.375, 2.225, 8.7778 ],
			"to": [ 8.375, 4.225, 9.7778 ],
			
			"faces": {
				"down": { "uv": [ 7.375, 5.25, 8.375, 6.25 ], "texture": "#2" },
				"up": { "uv": [ 7.375, 9.75, 8.375, 10.75 ], "texture": "#2" },
				"north": { "uv": [ 7.625, 11.775, 8.625, 12.775 ], "texture": "#2" },
				"south": { "uv": [ 6.875, 11.775, 7.875, 12.775 ], "texture": "#2" },
				"west": { "uv": [ 9.75, 11.775, 10.75, 12.775 ], "texture": "#2" },
				"east": { "uv": [ 6.25, 12.775, 5.25, 11.775 ], "texture": "#2" }
			}
		},
		{
			"from": [ 7, 0, 7.0278 ],
			"to": [ 9, 5, 9.0278 ],
			
			"faces": {
				"down": { "uv": [ 7, 6, 9, 8 ], "texture": "#2" },
				"up": { "uv": [ 7, 8, 9, 10 ], "texture": "#2" },
				"north": { "uv": [ 7, 11, 9, 16 ], "texture": "#2" },
				"south": { "uv": [ 7, 11, 9, 16 ], "texture": "#2" },
				"west": { "uv": [ 8, 11, 10, 16 ], "texture": "#2" },
				"east": { "uv": [ 8, 16, 6, 11 ], "texture": "#2" }
			}
		},
		{
			"from": [ 6, 2, 7.2778 ],
			"to": [ 7, 4, 8.2778 ],
			
			"faces": {
				"down": { "uv": [ 6, 6.75, 7, 7.75 ], "texture": "#2" },
				"up": { "uv": [ 6, 8.25, 7, 9.25 ], "texture": "#2" },
				"north": { "uv": [ 9, 12, 10, 14 ], "texture": "#2" },
				"south": { "uv": [ 6, 12, 7, 14 ], "texture": "#2" },
				"west": { "uv": [ 8.25, 12, 9.25, 14 ], "texture": "#2" },
				"east": { "uv": [ 7.75, 14, 6.75, 12 ], "texture": "#2" }
			}
		},
		{
			"from": [ 5, 3, 7.2778 ],
			"to": [ 6, 4, 8.2778 ],
			
			"faces": {
				"down": { "uv": [ 5, 6.75, 6, 7.75 ], "texture": "#2" },
				"up": { "uv": [ 5, 8.25, 6, 9.25 ], "texture": "#2" },
				"north": { "uv": [ 10, 12, 11, 13 ], "texture": "#2" },
				"south": { "uv": [ 5, 12, 6, 13 ], "texture": "#2" },
				"west": { "uv": [ 8.25, 12, 9.25, 13 ], "texture": "#2" },
				"east": { "uv": [ 7.75, 13, 6.75, 12 ], "texture": "#2" }
			}
		},
		{
			"from": [ 10, 2, 7.5278 ],
			"to": [ 11, 3, 8.5278 ],
			
			"faces": {
				"down": { "uv": [ 10, 6.5, 11, 7.5 ], "texture": "#2" },
				"up": { "uv": [ 10, 8, 11, 9 ], "texture": "#2" },
				"north": { "uv": [ 5, 13, 6, 14 ], "texture": "#2" },
				"south": { "uv": [ 10, 13, 11, 14 ], "texture": "#2" },
				"west": { "uv": [ 8.5, 13, 9.5, 14 ], "texture": "#2" },
				"east": { "uv": [ 7.5, 14, 6.5, 13 ], "texture": "#2" }
			}
		},
		{
			"from": [ 9, 1, 7.5278 ],
			"to": [ 10, 3, 8.5278 ],
			
			"faces": {
				"down": { "uv": [ 9, 6.5, 10, 7.5 ], "texture": "#2" },
				"up": { "uv": [ 9, 8, 10, 9 ], "texture": "#2" },
				"north": { "uv": [ 6, 13, 7, 15 ], "texture": "#2" },
				"south": { "uv": [ 9, 13, 10, 15 ], "texture": "#2" },
				"west": { "uv": [ 8.5, 13, 9.5, 15 ], "texture": "#2" },
				"east": { "uv": [ 7.5, 15, 6.5, 13 ], "texture": "#2" }
			}
		},
		{
			"from": [ 7.375, 1.75, 6.2778 ],
			"to": [ 8.375, 3.75, 7.2778 ],
			
			"faces": {
				"down": { "uv": [ 7.375, 7.75, 8.375, 8.75 ], "texture": "#2" },
				"up": { "uv": [ 7.375, 7.25, 8.375, 8.25 ], "texture": "#2" },
				"north": { "uv": [ 8.125, 12.25, 9.125, 14.25 ], "texture": "#2" },
				"south": { "uv": [ 7.375, 12.25, 8.375, 14.25 ], "texture": "#2" },
				"west": { "uv": [ 7.25, 12.25, 8.25, 14.25 ], "texture": "#2" },
				"east": { "uv": [ 8.75, 14.25, 7.75, 12.25 ], "texture": "#2" }
			}
		},
		{
			"from": [ 7.375, 2.75, 5.2778 ],
			"to": [ 8.375, 3.75, 6.2778 ],
			
			"faces": {
				"down": { "uv": [ 7.375, 6.25, 8.375, 7.25 ], "texture": "#2" },
				"up": { "uv": [ 7.375, 6.25, 8.375, 7.25 ], "texture": "#2" },
				"north": { "uv": [ 7.375, 6.25, 8.375, 7.25 ], "texture": "#2" },
				"south": { "uv": [ 7.375, 6.25, 8.375, 7.25 ], "texture": "#2" },
				"west": { "uv": [ 7.375, 6.25, 8.375, 7.25 ], "texture": "#2" },
				"east": { "uv": [ 7.375, 6.25, 8.375, 7.25 ], "texture": "#2" }
			}
		},
		{
			"from": [ 7.375, 3.05, 9.7778 ],
			"to": [ 8.375, 4.05, 10.7778 ],
			
			"faces": {
				"down": { "uv": [ 7.375, 6.25, 8.375, 7.25 ], "texture": "#2" },
				"up": { "uv": [ 7.375, 6.25, 8.375, 7.25 ], "texture": "#2" },
				"north": { "uv": [ 7.375, 6.25, 8.375, 7.25 ], "texture": "#2" },
				"south": { "uv": [ 7.375, 6.25, 8.375, 7.25 ], "texture": "#2" },
				"west": { "uv": [ 7.375, 6.25, 8.375, 7.25 ], "texture": "#2" },
				"east": { "uv": [ 7.375, 6.25, 8.375, 7.25 ], "texture": "#2" }
			}
		}
	]
}