{
	"__comment": "Designed by CreatorLabs with Cubik Studio - https://cubik.studio - Download at https://www.planetminecraft.com/texture_pack/3d-creatorcraft/",
	"parent": "item/parents/flower_not_rotated",
	"textures": {
		"0": "colored/3d_decoration/3d_flower_stem_1",
		"1": "colored/3d_decoration/3d_flower_tulip_orange",
		"particle": "blocks/flower_tulip_orange"
	},
	"elements": [ 	 
		{
			"from": [ 7.34, 0, 7.46 ],
			"to": [ 8.34, 9, 8.46 ],
			
			"faces": {
				"down": { "uv": [ 7, 7, 8, 8 ], "texture": "#0" },
				"up": { "uv": [ 7, 8, 8, 9 ], "texture": "#0", "rotation": 180 },
				"north": { "uv": [ 8, 7, 9, 16 ], "texture": "#0", "rotation": 180 },
				"south": { "uv": [ 7, 7, 8, 16 ], "texture": "#0" },
				"west": { "uv": [ 8, 7, 9, 16 ], "texture": "#0" },
				"east": { "uv": [ 8, 16, 7, 7 ], "texture": "#0" }
			}
		},
		{
			"from": [ 3.34, 8, 8.46 ],
			"to": [ 5.34, 9, 9.46 ],
			
			"faces": {
				"down": { "uv": [ 3, 6, 5, 7 ], "texture": "#0" },
				"up": { "uv": [ 3, 9, 5, 10 ], "texture": "#0", "rotation": 180 },
				"north": { "uv": [ 11, 7, 13, 8 ], "texture": "#0", "rotation": 180 },
				"south": { "uv": [ 3, 7, 5, 8 ], "texture": "#0" },
				"west": { "uv": [ 9, 7, 10, 8 ], "texture": "#0" },
				"east": { "uv": [ 7, 8, 6, 7 ], "texture": "#0" }
			}
		},
		{
			"from": [ 9.34, 2, 7.46 ],
			"to": [ 10.34, 8, 8.46 ],
			
			"faces": {
				"down": { "uv": [ 9, 7, 10, 8 ], "texture": "#0" },
				"up": { "uv": [ 9, 8, 10, 9 ], "texture": "#0", "rotation": 180 },
				"north": { "uv": [ 6, 8, 7, 14 ], "texture": "#0", "rotation": 180 },
				"south": { "uv": [ 9, 8, 10, 14 ], "texture": "#0" },
				"west": { "uv": [ 8, 8, 9, 14 ], "texture": "#0" },
				"east": { "uv": [ 8, 14, 7, 8 ], "texture": "#0" }
			}
		},
		{
			"from": [ 4.34, 4, 8.46 ],
			"to": [ 6.34, 8, 9.46 ],
			
			"faces": {
				"down": { "uv": [ 4, 6, 6, 7 ], "texture": "#0" },
				"up": { "uv": [ 4, 9, 6, 10 ], "texture": "#0", "rotation": 180 },
				"north": { "uv": [ 10, 8, 12, 12 ], "texture": "#0", "rotation": 180 },
				"south": { "uv": [ 4, 8, 6, 12 ], "texture": "#0" },
				"west": { "uv": [ 9, 8, 10, 12 ], "texture": "#0" },
				"east": { "uv": [ 7, 12, 6, 8 ], "texture": "#0" }
			}
		},
		{
			"from": [ 10.34, 5, 8.46 ],
			"to": [ 11.34, 8, 9.46 ],
			
			"faces": {
				"down": { "uv": [ 10, 6, 11, 7 ], "texture": "#0" },
				"up": { "uv": [ 10, 9, 11, 10 ], "texture": "#0", "rotation": 180 },
				"north": { "uv": [ 5, 8, 6, 11 ], "texture": "#0", "rotation": 180 },
				"south": { "uv": [ 10, 8, 11, 11 ], "texture": "#0" },
				"west": { "uv": [ 9, 8, 10, 11 ], "texture": "#0" },
				"east": { "uv": [ 7, 11, 6, 8 ], "texture": "#0" }
			}
		},
		{
			"from": [ 8.34, 0, 7.46 ],
			"to": [ 9.34, 5, 8.46 ],
			
			"faces": {
				"down": { "uv": [ 8, 7, 9, 8 ], "texture": "#0" },
				"up": { "uv": [ 8, 8, 9, 9 ], "texture": "#0", "rotation": 180 },
				"north": { "uv": [ 7, 11, 8, 16 ], "texture": "#0", "rotation": 180 },
				"south": { "uv": [ 8, 11, 9, 16 ], "texture": "#0" },
				"west": { "uv": [ 8, 11, 9, 16 ], "texture": "#0" },
				"east": { "uv": [ 8, 16, 7, 11 ], "texture": "#0" }
			}
		},
		{
			"from": [ 6.34, 1, 7.46 ],
			"to": [ 7.34, 5, 8.46 ],
			
			"faces": {
				"down": { "uv": [ 6, 7, 7, 8 ], "texture": "#0" },
				"up": { "uv": [ 6, 8, 7, 9 ], "texture": "#0", "rotation": 180 },
				"north": { "uv": [ 9, 11, 10, 15 ], "texture": "#0", "rotation": 180 },
				"south": { "uv": [ 6, 11, 7, 15 ], "texture": "#0" },
				"west": { "uv": [ 8, 11, 9, 15 ], "texture": "#0" },
				"east": { "uv": [ 8, 15, 7, 11 ], "texture": "#0" }
			}
		},
		{
			"from": [ 5.34, 2, 7.46 ],
			"to": [ 6.34, 4, 8.46 ],
			
			"faces": {
				"down": { "uv": [ 5, 7, 6, 8 ], "texture": "#0" },
				"up": { "uv": [ 5, 8, 6, 9 ], "texture": "#0", "rotation": 180 },
				"north": { "uv": [ 10, 12, 11, 14 ], "texture": "#0", "rotation": 180 },
				"south": { "uv": [ 5, 12, 6, 14 ], "texture": "#0" },
				"west": { "uv": [ 8, 12, 9, 14 ], "texture": "#0" },
				"east": { "uv": [ 8, 14, 7, 12 ], "texture": "#0" }
			}
		},
		{
			"from": [ 11.34, 7, 8.46 ],
			"to": [ 12.34, 8, 9.46 ],
			
			"faces": {
				"down": { "uv": [ 11, 6, 12, 7 ], "texture": "#0" },
				"up": { "uv": [ 11, 9, 12, 10 ], "texture": "#0", "rotation": 180 },
				"north": { "uv": [ 4, 8, 5, 9 ], "texture": "#0", "rotation": 180 },
				"south": { "uv": [ 11, 8, 12, 9 ], "texture": "#0" },
				"west": { "uv": [ 9, 8, 10, 9 ], "texture": "#0" },
				"east": { "uv": [ 7, 9, 6, 8 ], "texture": "#0" }
			}
		},
		{
			"from": [ 8.34, 7, 3.46 ],
			"to": [ 9.34, 8, 5.46 ],
			
			"faces": {
				"down": { "uv": [ 8, 10, 9, 12 ], "texture": "#0", "rotation": 270 },
				"up": { "uv": [ 8, 4, 9, 6 ], "texture": "#0", "rotation": 270 },
				"north": { "uv": [ 7, 8, 8, 9 ], "texture": "#0" },
				"south": { "uv": [ 8, 8, 9, 9 ], "texture": "#0" },
				"west": { "uv": [ 4, 8, 6, 9 ], "texture": "#0" },
				"east": { "uv": [ 12, 9, 10, 8 ], "texture": "#0", "rotation": 180 }
			}
		},
		{
			"from": [ 8.34, 10, 7.46 ],
			"to": [ 9.34, 12, 8.46 ],
			
			"faces": {
				"down": { "uv": [ 8, 7, 9, 8 ], "texture": "#1", "rotation": 180 },
				"up": { "uv": [ 8, 8, 9, 9 ], "texture": "#1", "rotation": 180 },
				"north": { "uv": [ 7, 4, 8, 6 ], "texture": "#1", "rotation": 180 },
				"south": { "uv": [ 8, 4, 9, 6 ], "texture": "#1", "rotation": 180 },
				"west": { "uv": [ 8, 4, 9, 6 ], "texture": "#1", "rotation": 180 },
				"east": { "uv": [ 8, 6, 7, 4 ], "texture": "#1", "rotation": 180 }
			}
		},
		{
			"from": [ 7.34, 10, 6.46 ],
			"to": [ 8.34, 12, 7.46 ],
			
			"faces": {
				"down": { "uv": [ 7, 8, 8, 9 ], "texture": "#1", "rotation": 180 },
				"up": { "uv": [ 7, 7, 8, 8 ], "texture": "#1", "rotation": 180 },
				"north": { "uv": [ 8, 4, 9, 6 ], "texture": "#1", "rotation": 180 },
				"south": { "uv": [ 7, 4, 8, 6 ], "texture": "#1", "rotation": 180 },
				"west": { "uv": [ 7, 4, 8, 6 ], "texture": "#1", "rotation": 180 },
				"east": { "uv": [ 9, 6, 8, 4 ], "texture": "#1", "rotation": 180 }
			}
		},
		{
			"from": [ 7.34, 10, 8.46 ],
			"to": [ 8.34, 12, 9.46 ],
			
			"faces": {
				"down": { "uv": [ 7, 6, 8, 7 ], "texture": "#1", "rotation": 180 },
				"up": { "uv": [ 7, 9, 8, 10 ], "texture": "#1", "rotation": 180 },
				"north": { "uv": [ 8, 4, 9, 6 ], "texture": "#1", "rotation": 180 },
				"south": { "uv": [ 7, 4, 8, 6 ], "texture": "#1", "rotation": 180 },
				"west": { "uv": [ 9, 4, 10, 6 ], "texture": "#1", "rotation": 180 },
				"east": { "uv": [ 7, 6, 6, 4 ], "texture": "#1", "rotation": 180 }
			}
		},
		{
			"from": [ 7.34, 9, 7.46 ],
			"to": [ 8.34, 10, 8.46 ],
			
			"faces": {
				"down": { "uv": [ 7, 7, 8, 8 ], "texture": "#1", "rotation": 180 },
				"up": { "uv": [ 7, 8, 8, 9 ], "texture": "#1", "rotation": 180 },
				"north": { "uv": [ 8, 6, 9, 7 ], "texture": "#1", "rotation": 180 },
				"south": { "uv": [ 7, 6, 8, 7 ], "texture": "#1", "rotation": 180 },
				"west": { "uv": [ 8, 6, 9, 7 ], "texture": "#1", "rotation": 180 },
				"east": { "uv": [ 8, 7, 7, 6 ], "texture": "#1", "rotation": 180 }
			}
		},
		{
			"from": [ 6.34, 10, 7.46 ],
			"to": [ 7.34, 12, 8.46 ],
			
			"faces": {
				"down": { "uv": [ 6, 7, 7, 8 ], "texture": "#1", "rotation": 180 },
				"up": { "uv": [ 6, 8, 7, 9 ], "texture": "#1", "rotation": 180 },
				"north": { "uv": [ 9, 4, 10, 6 ], "texture": "#1", "rotation": 180 },
				"south": { "uv": [ 6, 4, 7, 6 ], "texture": "#1", "rotation": 180 },
				"west": { "uv": [ 8, 4, 9, 6 ], "texture": "#1", "rotation": 180 },
				"east": { "uv": [ 8, 6, 7, 4 ], "texture": "#1", "rotation": 180 }
			}
		},
		{
			"from": [ 8.34, 11, 8.46 ],
			"to": [ 9.34, 13, 9.46 ],
			
			"faces": {
				"down": { "uv": [ 8, 6, 9, 7 ], "texture": "#1", "rotation": 180 },
				"up": { "uv": [ 8, 9, 9, 10 ], "texture": "#1", "rotation": 180 },
				"north": { "uv": [ 7, 3, 8, 5 ], "texture": "#1", "rotation": 180 },
				"south": { "uv": [ 8, 3, 9, 5 ], "texture": "#1", "rotation": 180 },
				"west": { "uv": [ 9, 3, 10, 5 ], "texture": "#1", "rotation": 180 },
				"east": { "uv": [ 7, 5, 6, 3 ], "texture": "#1", "rotation": 180 }
			}
		},
		{
			"from": [ 6.34, 11, 8.46 ],
			"to": [ 7.34, 13, 9.46 ],
			
			"faces": {
				"down": { "uv": [ 6, 6, 7, 7 ], "texture": "#1", "rotation": 180 },
				"up": { "uv": [ 6, 9, 7, 10 ], "texture": "#1", "rotation": 180 },
				"north": { "uv": [ 9, 3, 10, 5 ], "texture": "#1", "rotation": 180 },
				"south": { "uv": [ 6, 3, 7, 5 ], "texture": "#1", "rotation": 180 },
				"west": { "uv": [ 9, 3, 10, 5 ], "texture": "#1", "rotation": 180 },
				"east": { "uv": [ 7, 5, 6, 3 ], "texture": "#1", "rotation": 180 }
			}
		},
		{
			"from": [ 6.34, 11, 6.46 ],
			"to": [ 7.34, 13, 7.46 ],
			
			"faces": {
				"down": { "uv": [ 6, 8, 7, 9 ], "texture": "#1", "rotation": 180 },
				"up": { "uv": [ 6, 7, 7, 8 ], "texture": "#1", "rotation": 180 },
				"north": { "uv": [ 9, 3, 10, 5 ], "texture": "#1", "rotation": 180 },
				"south": { "uv": [ 6, 3, 7, 5 ], "texture": "#1", "rotation": 180 },
				"west": { "uv": [ 7, 3, 8, 5 ], "texture": "#1", "rotation": 180 },
				"east": { "uv": [ 9, 5, 8, 3 ], "texture": "#1", "rotation": 180 }
			}
		},
		{
			"from": [ 8.34, 11, 6.46 ],
			"to": [ 9.34, 13, 7.46 ],
			
			"faces": {
				"down": { "uv": [ 8, 8, 9, 9 ], "texture": "#1", "rotation": 180 },
				"up": { "uv": [ 8, 7, 9, 8 ], "texture": "#1", "rotation": 180 },
				"north": { "uv": [ 7, 3, 8, 5 ], "texture": "#1", "rotation": 180 },
				"south": { "uv": [ 8, 3, 9, 5 ], "texture": "#1", "rotation": 180 },
				"west": { "uv": [ 7, 3, 8, 5 ], "texture": "#1", "rotation": 180 },
				"east": { "uv": [ 9, 5, 8, 3 ], "texture": "#1", "rotation": 180 }
			}
		},
		{
			"from": [ 7.34, 3, 9.46 ],
			"to": [ 8.34, 9, 10.46 ],
			
			"faces": {
				"down": { "uv": [ 7, 5, 8, 6 ], "texture": "#0", "rotation": 270 },
				"up": { "uv": [ 7, 10, 8, 11 ], "texture": "#0", "rotation": 270 },
				"north": { "uv": [ 8, 7, 9, 13 ], "texture": "#0" },
				"south": { "uv": [ 7, 7, 8, 13 ], "texture": "#0" },
				"west": { "uv": [ 10, 7, 11, 13 ], "texture": "#0" },
				"east": { "uv": [ 6, 13, 5, 7 ], "texture": "#0", "rotation": 180 }
			}
		},
		{
			"from": [ 8.34, 3, 4.46 ],
			"to": [ 9.34, 7, 6.46 ],
			
			"faces": {
				"down": { "uv": [ 8, 9, 9, 11 ], "texture": "#0", "rotation": 270 },
				"up": { "uv": [ 8, 5, 9, 7 ], "texture": "#0", "rotation": 270 },
				"north": { "uv": [ 7, 9, 8, 13 ], "texture": "#0" },
				"south": { "uv": [ 8, 9, 9, 13 ], "texture": "#0" },
				"west": { "uv": [ 5, 9, 7, 13 ], "texture": "#0" },
				"east": { "uv": [ 11, 13, 9, 9 ], "texture": "#0", "rotation": 180 }
			}
		},
		{
			"from": [ 7.34, 5, 10.46 ],
			"to": [ 8.34, 8, 11.46 ],
			
			"faces": {
				"down": { "uv": [ 7, 4, 8, 5 ], "texture": "#0", "rotation": 270 },
				"up": { "uv": [ 7, 11, 8, 12 ], "texture": "#0", "rotation": 270 },
				"north": { "uv": [ 8, 8, 9, 11 ], "texture": "#0" },
				"south": { "uv": [ 7, 8, 8, 11 ], "texture": "#0" },
				"west": { "uv": [ 11, 8, 12, 11 ], "texture": "#0" },
				"east": { "uv": [ 5, 11, 4, 8 ], "texture": "#0", "rotation": 180 }
			}
		},
		{
			"from": [ 7.34, 1, 8.46 ],
			"to": [ 8.34, 6, 9.46 ],
			
			"faces": {
				"down": { "uv": [ 7, 6, 8, 7 ], "texture": "#0", "rotation": 270 },
				"up": { "uv": [ 7, 9, 8, 10 ], "texture": "#0", "rotation": 270 },
				"north": { "uv": [ 8, 10, 9, 15 ], "texture": "#0" },
				"south": { "uv": [ 7, 10, 8, 15 ], "texture": "#0" },
				"west": { "uv": [ 9, 10, 10, 15 ], "texture": "#0" },
				"east": { "uv": [ 7, 15, 6, 10 ], "texture": "#0", "rotation": 180 }
			}
		},
		{
			"from": [ 7.34, 0, 6.46 ],
			"to": [ 8.34, 4, 7.46 ],
			
			"faces": {
				"down": { "uv": [ 7, 8, 8, 9 ], "texture": "#0", "rotation": 270 },
				"up": { "uv": [ 7, 7, 8, 8 ], "texture": "#0", "rotation": 270 },
				"north": { "uv": [ 8, 12, 9, 16 ], "texture": "#0" },
				"south": { "uv": [ 7, 12, 8, 16 ], "texture": "#0" },
				"west": { "uv": [ 7, 12, 8, 16 ], "texture": "#0" },
				"east": { "uv": [ 9, 16, 8, 12 ], "texture": "#0", "rotation": 180 }
			}
		},
		{
			"from": [ 8.34, 1, 5.46 ],
			"to": [ 9.34, 3, 6.46 ],
			
			"faces": {
				"down": { "uv": [ 8, 9, 9, 10 ], "texture": "#0", "rotation": 270 },
				"up": { "uv": [ 8, 6, 9, 7 ], "texture": "#0", "rotation": 270 },
				"north": { "uv": [ 7, 13, 8, 15 ], "texture": "#0" },
				"south": { "uv": [ 8, 13, 9, 15 ], "texture": "#0" },
				"west": { "uv": [ 6, 13, 7, 15 ], "texture": "#0" },
				"east": { "uv": [ 10, 15, 9, 13 ], "texture": "#0", "rotation": 180 }
			}
		}
	]
}