{
	"__comment": "Designed by CreatorLabs with Cubik Studio - https://cubik.studio - Download at https://www.planetminecraft.com/texture_pack/3d-creatorcraft/",
	"parent": "item/parents/flower_double",
	"textures": {
		"1_2": "colored/3d_decoration/3d_flower_stem_3",
		"1_3": "colored/3d_decoration/double_plant_paeonia",
		"particle": "blocks/double_plant_paeonia_top"
	},
	"elements": [ 	 
		{
			"from": [ 3.4, 2, 8.45 ],
			"to": [ 4.4, 11, 9.45 ],
			"faces": {
				"down": { "uv": [ 3, 8.35, 4, 9.35 ], "texture": "#1_2" },
				"up": { "uv": [ 3, 6.65, 4, 7.65 ], "texture": "#1_2" },
				"north": { "uv": [ 12, 5, 13, 14 ], "texture": "#1_2" },
				"south": { "uv": [ 3, 5, 4, 14 ], "texture": "#1_2" },
				"west": { "uv": [ 6.65, 5, 7.65, 14 ], "texture": "#1_2" },
				"east": { "uv": [ 9.35, 14, 8.35, 5 ], "texture": "#1_2" }
			}
		},
		{
			"from": [ 8.4, 0, 8.3 ],
			"to": [ 9.4, 11, 9.3 ],
			"faces": {
				"down": { "uv": [ 8, 8.5, 9, 9.5 ], "texture": "#1_2" },
				"up": { "uv": [ 8, 6.5, 9, 7.5 ], "texture": "#1_2" },
				"north": { "uv": [ 7, 5, 8, 16 ], "texture": "#1_2" },
				"south": { "uv": [ 8, 5, 9, 16 ], "texture": "#1_2" },
				"west": { "uv": [ 6.5, 5, 7.5, 16 ], "texture": "#1_2" },
				"east": { "uv": [ 9.5, 16, 8.5, 5 ], "texture": "#1_2" }
			}
		},
		{
			"from": [ 2.4, 6, 8.25 ],
			"to": [ 3.4, 10, 9.25 ],
			"faces": {
				"down": { "uv": [ 2, 8.55, 3, 9.55 ], "texture": "#1_2" },
				"up": { "uv": [ 2, 6.45, 3, 7.45 ], "texture": "#1_2" },
				"north": { "uv": [ 13, 6, 14, 10 ], "texture": "#1_2" },
				"south": { "uv": [ 2, 6, 3, 10 ], "texture": "#1_2" },
				"west": { "uv": [ 6.45, 6, 7.45, 10 ], "texture": "#1_2" },
				"east": { "uv": [ 9.55, 10, 8.55, 6 ], "texture": "#1_2" }
			}
		},
		{
			"from": [ 4.4, 1, 8.75 ],
			"to": [ 5.4, 10, 9.75 ],
			"faces": {
				"down": { "uv": [ 4, 8.65, 5, 9.65 ], "texture": "#1_2" },
				"up": { "uv": [ 4, 6.35, 5, 7.35 ], "texture": "#1_2" },
				"north": { "uv": [ 11, 6, 12, 15 ], "texture": "#1_2" },
				"south": { "uv": [ 4, 6, 5, 15 ], "texture": "#1_2" },
				"west": { "uv": [ 6.35, 6, 7.35, 15 ], "texture": "#1_2" },
				"east": { "uv": [ 9.65, 15, 8.65, 6 ], "texture": "#1_2" }
			}
		},
		{
			"from": [ 5.4, 0, 8.45 ],
			"to": [ 6.4, 10, 9.45 ],
			"faces": {
				"down": { "uv": [ 5, 8.95, 6, 9.95 ], "texture": "#1_2" },
				"up": { "uv": [ 5, 6.05, 6, 7.05 ], "texture": "#1_2" },
				"north": { "uv": [ 10, 6, 11, 16 ], "texture": "#1_2" },
				"south": { "uv": [ 5, 6, 6, 16 ], "texture": "#1_2" },
				"west": { "uv": [ 6.05, 6, 7.05, 16 ], "texture": "#1_2" },
				"east": { "uv": [ 9.95, 16, 8.95, 6 ], "texture": "#1_2" }
			}
		},
		{
			"from": [ 9.4, 0, 8.349999 ],
			"to": [ 10.4, 10, 9.349999 ],
			"faces": {
				"down": { "uv": [ 9, 7.9, 10, 8.9 ], "texture": "#1_2" },
				"up": { "uv": [ 9, 7.1, 10, 8.1 ], "texture": "#1_2" },
				"north": { "uv": [ 6, 6, 7, 16 ], "texture": "#1_2" },
				"south": { "uv": [ 9, 6, 10, 16 ], "texture": "#1_2" },
				"west": { "uv": [ 7.1, 6, 8.1, 16 ], "texture": "#1_2" },
				"east": { "uv": [ 8.9, 16, 7.9, 6 ], "texture": "#1_2" }
			}
		},
		{
			"from": [ 10.4, 0, 8.5 ],
			"to": [ 11.4, 10, 9.5 ],
			"faces": {
				"down": { "uv": [ 10, 7.6, 11, 8.6 ], "texture": "#1_2" },
				"up": { "uv": [ 10, 7.4, 11, 8.4 ], "texture": "#1_2" },
				"north": { "uv": [ 5, 6, 6, 16 ], "texture": "#1_2" },
				"south": { "uv": [ 10, 6, 11, 16 ], "texture": "#1_2" },
				"west": { "uv": [ 7.4, 6, 8.4, 16 ], "texture": "#1_2" },
				"east": { "uv": [ 8.6, 16, 7.6, 6 ], "texture": "#1_2" }
			}
		},
		{
			"from": [ 6.4, 0, 8.25 ],
			"to": [ 7.4, 9, 9.25 ],
			"faces": {
				"down": { "uv": [ 6, 8.55, 7, 9.55 ], "texture": "#1_2" },
				"up": { "uv": [ 6, 6.45, 7, 7.45 ], "texture": "#1_2" },
				"north": { "uv": [ 9, 7, 10, 16 ], "texture": "#1_2" },
				"south": { "uv": [ 6, 7, 7, 16 ], "texture": "#1_2" },
				"west": { "uv": [ 6.45, 7, 7.45, 16 ], "texture": "#1_2" },
				"east": { "uv": [ 9.55, 16, 8.55, 7 ], "texture": "#1_2" }
			}
		},
		{
			"from": [ 7.4, 0, 8.8 ],
			"to": [ 8.4, 9, 9.8 ],
			"faces": {
				"down": { "uv": [ 7, 8, 8, 9 ], "texture": "#1_2" },
				"up": { "uv": [ 7, 7, 8, 8 ], "texture": "#1_2" },
				"north": { "uv": [ 8, 7, 9, 16 ], "texture": "#1_2" },
				"south": { "uv": [ 7, 7, 8, 16 ], "texture": "#1_2" },
				"west": { "uv": [ 7, 7, 8, 16 ], "texture": "#1_2" },
				"east": { "uv": [ 9, 16, 8, 7 ], "texture": "#1_2" }
			}
		},
		{
			"from": [ 1.4, 7, 8.349999 ],
			"to": [ 2.4, 8, 9.349999 ],
			"faces": {
				"down": { "uv": [ 1, 8.45, 2, 9.45 ], "texture": "#1_2" },
				"up": { "uv": [ 1, 6.55, 2, 7.55 ], "texture": "#1_2" },
				"north": { "uv": [ 14, 8, 15, 9 ], "texture": "#1_2" },
				"south": { "uv": [ 1, 8, 2, 9 ], "texture": "#1_2" },
				"west": { "uv": [ 6.55, 8, 7.55, 9 ], "texture": "#1_2" },
				"east": { "uv": [ 9.45, 9, 8.45, 8 ], "texture": "#1_2" }
			}
		},
		{
			"from": [ 11.4, 0, 8.45 ],
			"to": [ 12.4, 8, 9.45 ],
			"faces": {
				"down": { "uv": [ 11, 7.85, 12, 8.85 ], "texture": "#1_2" },
				"up": { "uv": [ 11, 7.15, 12, 8.15 ], "texture": "#1_2" },
				"north": { "uv": [ 4, 8, 5, 16 ], "texture": "#1_2" },
				"south": { "uv": [ 11, 8, 12, 16 ], "texture": "#1_2" },
				"west": { "uv": [ 7.15, 8, 8.15, 16 ], "texture": "#1_2" },
				"east": { "uv": [ 8.85, 16, 7.85, 8 ], "texture": "#1_2" }
			}
		},
		{
			"from": [ 12.4, 0, 8.099999 ],
			"to": [ 13.4, 7, 9.099999 ],
			"faces": {
				"down": { "uv": [ 12, 8.25, 13, 9.25 ], "texture": "#1_2" },
				"up": { "uv": [ 12, 6.75, 13, 7.75 ], "texture": "#1_2" },
				"north": { "uv": [ 3, 9, 4, 16 ], "texture": "#1_2" },
				"south": { "uv": [ 12, 9, 13, 16 ], "texture": "#1_2" },
				"west": { "uv": [ 6.75, 9, 7.75, 16 ], "texture": "#1_2" },
				"east": { "uv": [ 9.25, 16, 8.25, 9 ], "texture": "#1_2" }
			}
		},
		{
			"from": [ 13.4, 6, 8.9 ],
			"to": [ 14.4, 7, 9.9 ],
			"faces": {
				"down": { "uv": [ 13, 7.9, 14, 8.9 ], "texture": "#1_2" },
				"up": { "uv": [ 13, 7.1, 14, 8.1 ], "texture": "#1_2" },
				"north": { "uv": [ 2, 9, 3, 10 ], "texture": "#1_2" },
				"south": { "uv": [ 13, 9, 14, 10 ], "texture": "#1_2" },
				"west": { "uv": [ 7.1, 9, 8.1, 10 ], "texture": "#1_2" },
				"east": { "uv": [ 8.9, 10, 7.9, 9 ], "texture": "#1_2" }
			}
		},
		{
			"from": [ 1.4, 3, 8.349999 ],
			"to": [ 2.4, 5, 9.349999 ],
			"faces": {
				"down": { "uv": [ 1, 8.45, 2, 9.45 ], "texture": "#1_2" },
				"up": { "uv": [ 1, 6.55, 2, 7.55 ], "texture": "#1_2" },
				"north": { "uv": [ 14, 11, 15, 13 ], "texture": "#1_2" },
				"south": { "uv": [ 1, 11, 2, 13 ], "texture": "#1_2" },
				"west": { "uv": [ 6.55, 11, 7.55, 13 ], "texture": "#1_2" },
				"east": { "uv": [ 9.45, 13, 8.45, 11 ], "texture": "#1_2" }
			}
		},
		{
			"from": [ 2.4, 3, 8.15 ],
			"to": [ 3.4, 5, 9.15 ],
			"faces": {
				"down": { "uv": [ 2, 8.65, 3, 9.65 ], "texture": "#1_2" },
				"up": { "uv": [ 2, 6.35, 3, 7.35 ], "texture": "#1_2" },
				"north": { "uv": [ 13, 11, 14, 13 ], "texture": "#1_2" },
				"south": { "uv": [ 2, 11, 3, 13 ], "texture": "#1_2" },
				"west": { "uv": [ 6.35, 11, 7.35, 13 ], "texture": "#1_2" },
				"east": { "uv": [ 9.65, 13, 8.65, 11 ], "texture": "#1_2" }
			}
		},
		{
			"from": [ 13.4, 3, 8.099999 ],
			"to": [ 14.4, 5, 9.099999 ],
			"faces": {
				"down": { "uv": [ 13, 8.7, 14, 9.7 ], "texture": "#1_2" },
				"up": { "uv": [ 13, 6.3, 14, 7.3 ], "texture": "#1_2" },
				"north": { "uv": [ 2, 11, 3, 13 ], "texture": "#1_2" },
				"south": { "uv": [ 13, 11, 14, 13 ], "texture": "#1_2" },
				"west": { "uv": [ 6.3, 11, 7.3, 13 ], "texture": "#1_2" },
				"east": { "uv": [ 9.7, 13, 8.7, 11 ], "texture": "#1_2" }
			}
		},
		{
			"from": [ 14.4, 3, 8.4 ],
			"to": [ 15.4, 5, 9.4 ],
			"faces": {
				"down": { "uv": [ 14, 8.4, 15, 9.4 ], "texture": "#1_2" },
				"up": { "uv": [ 14, 6.6, 15, 7.6 ], "texture": "#1_2" },
				"north": { "uv": [ 1, 11, 2, 13 ], "texture": "#1_2" },
				"south": { "uv": [ 14, 11, 15, 13 ], "texture": "#1_2" },
				"west": { "uv": [ 6.6, 11, 7.6, 13 ], "texture": "#1_2" },
				"east": { "uv": [ 9.4, 13, 8.4, 11 ], "texture": "#1_2" }
			}
		},
		{
			"from": [ 3.2, 7, 7.8 ],
			"to": [ 6.2, 12, 9.799999 ],
			"faces": {
				"down": { "uv": [ 2.8, 8, 5.8, 10 ], "texture": "#1_3" },
				"up": { "uv": [ 2.8, 6, 5.8, 8 ], "texture": "#1_3" },
				"north": { "uv": [ 10.2, 4, 13.2, 9 ], "texture": "#1_3" },
				"south": { "uv": [ 2.8, 4, 5.8, 9 ], "texture": "#1_3" },
				"west": { "uv": [ 6, 4, 8, 9 ], "texture": "#1_3" },
				"east": { "uv": [ 10, 9, 8, 4 ], "texture": "#1_3" }
			}
		},
		{
			"from": [ 9.599999, 9, 7.65 ],
			"to": [ 12.6, 12, 9.65 ],
			"faces": {
				"down": { "uv": [ 9.2, 7.4, 12.2, 9.4 ], "texture": "#1_3" },
				"up": { "uv": [ 9.2, 6.6, 12.2, 8.6 ], "texture": "#1_3" },
				"north": { "uv": [ 3.8, 4, 6.8, 7 ], "texture": "#1_3" },
				"south": { "uv": [ 9.2, 4, 12.2, 7 ], "texture": "#1_3" },
				"west": { "uv": [ 6.6, 4, 8.6, 7 ], "texture": "#1_3" },
				"east": { "uv": [ 9.4, 7, 7.4, 4 ], "texture": "#1_3" }
			}
		},
		{
			"from": [ 2.2, 7, 7.8 ],
			"to": [ 3.2, 11, 9.799999 ],
			"faces": {
				"down": { "uv": [ 1.8, 8, 2.8, 10 ], "texture": "#1_3" },
				"up": { "uv": [ 1.8, 6, 2.8, 8 ], "texture": "#1_3" },
				"north": { "uv": [ 13.2, 5, 14.2, 9 ], "texture": "#1_3" },
				"south": { "uv": [ 1.8, 5, 2.8, 9 ], "texture": "#1_3" },
				"west": { "uv": [ 6, 5, 8, 9 ], "texture": "#1_3" },
				"east": { "uv": [ 10, 9, 8, 5 ], "texture": "#1_3" }
			}
		},
		{
			"from": [ 6.2, 7, 7.8 ],
			"to": [ 7.2, 11, 9.799999 ],
			"faces": {
				"down": { "uv": [ 5.8, 8, 6.8, 10 ], "texture": "#1_3" },
				"up": { "uv": [ 5.8, 6, 6.8, 8 ], "texture": "#1_3" },
				"north": { "uv": [ 9.2, 5, 10.2, 9 ], "texture": "#1_3" },
				"south": { "uv": [ 5.8, 5, 6.8, 9 ], "texture": "#1_3" },
				"west": { "uv": [ 6, 5, 8, 9 ], "texture": "#1_3" },
				"east": { "uv": [ 10, 9, 8, 5 ], "texture": "#1_3" }
			}
		},
		{
			"from": [ 12.6, 7, 7.65 ],
			"to": [ 13.6, 11, 9.65 ],
			"faces": {
				"down": { "uv": [ 12.2, 7.4, 13.2, 9.4 ], "texture": "#1_3" },
				"up": { "uv": [ 12.2, 6.6, 13.2, 8.6 ], "texture": "#1_3" },
				"north": { "uv": [ 2.8, 5, 3.8, 9 ], "texture": "#1_3" },
				"south": { "uv": [ 12.2, 5, 13.2, 9 ], "texture": "#1_3" },
				"west": { "uv": [ 6.6, 5, 8.6, 9 ], "texture": "#1_3" },
				"east": { "uv": [ 9.4, 9, 7.4, 5 ], "texture": "#1_3" }
			}
		},
		{
			"from": [ 1.2, 8, 7.8 ],
			"to": [ 2.2, 10, 9.799999 ],
			"faces": {
				"down": { "uv": [ 0.8, 8, 1.8, 10 ], "texture": "#1_3" },
				"up": { "uv": [ 0.8, 6, 1.8, 8 ], "texture": "#1_3" },
				"north": { "uv": [ 14.2, 6, 15.2, 8 ], "texture": "#1_3" },
				"south": { "uv": [ 0.8, 6, 1.8, 8 ], "texture": "#1_3" },
				"west": { "uv": [ 6, 6, 8, 8 ], "texture": "#1_3" },
				"east": { "uv": [ 10, 8, 8, 6 ], "texture": "#1_3" }
			}
		},
		{
			"from": [ 13.6, 7, 7.65 ],
			"to": [ 14.6, 10, 9.65 ],
			"faces": {
				"down": { "uv": [ 13.2, 7.4, 14.2, 9.4 ], "texture": "#1_3" },
				"up": { "uv": [ 13.2, 6.6, 14.2, 8.6 ], "texture": "#1_3" },
				"north": { "uv": [ 1.8, 6, 2.8, 9 ], "texture": "#1_3" },
				"south": { "uv": [ 13.2, 6, 14.2, 9 ], "texture": "#1_3" },
				"west": { "uv": [ 6.6, 6, 8.6, 9 ], "texture": "#1_3" },
				"east": { "uv": [ 9.4, 9, 7.4, 6 ], "texture": "#1_3" }
			}
		},
		{
			"from": [ 10.6, 8, 7.65 ],
			"to": [ 12.6, 9, 9.65 ],
			"faces": {
				"down": { "uv": [ 10.2, 7.4, 12.2, 9.4 ], "texture": "#1_3" },
				"up": { "uv": [ 10.2, 6.6, 12.2, 8.6 ], "texture": "#1_3" },
				"north": { "uv": [ 3.8, 7, 5.8, 8 ], "texture": "#1_3" },
				"south": { "uv": [ 10.2, 7, 12.2, 8 ], "texture": "#1_3" },
				"west": { "uv": [ 6.6, 7, 8.6, 8 ], "texture": "#1_3" },
				"east": { "uv": [ 9.4, 8, 7.4, 7 ], "texture": "#1_3" }
			}
		},
		{
			"from": [ 11.6, 7, 7.65 ],
			"to": [ 12.6, 8, 9.65 ],
			"faces": {
				"down": { "uv": [ 11.2, 7.4, 12.2, 9.4 ], "texture": "#1_3" },
				"up": { "uv": [ 11.2, 6.6, 12.2, 8.6 ], "texture": "#1_3" },
				"north": { "uv": [ 3.8, 8, 4.8, 9 ], "texture": "#1_3" },
				"south": { "uv": [ 11.2, 8, 12.2, 9 ], "texture": "#1_3" },
				"west": { "uv": [ 6.6, 8, 8.6, 9 ], "texture": "#1_3" },
				"east": { "uv": [ 9.4, 9, 7.4, 8 ], "texture": "#1_3" }
			}
		},
		{
			"from": [ 3.2, 6, 7.8 ],
			"to": [ 5.2, 7, 9.799999 ],
			"faces": {
				"down": { "uv": [ 2.8, 8, 4.8, 10 ], "texture": "#1_3" },
				"up": { "uv": [ 2.8, 6, 4.8, 8 ], "texture": "#1_3" },
				"north": { "uv": [ 11.2, 9, 13.2, 10 ], "texture": "#1_3" },
				"south": { "uv": [ 2.8, 9, 4.8, 10 ], "texture": "#1_3" },
				"west": { "uv": [ 6, 9, 8, 10 ], "texture": "#1_3" },
				"east": { "uv": [ 10, 10, 8, 9 ], "texture": "#1_3" }
			}
		},
		{
			"from": [ 7.3, 1, 7.75 ],
			"to": [ 9.299999, 6, 10.125 ],
			"faces": {
				"down": { "uv": [ 6.9, 7.675, 8.9, 10.05 ], "texture": "#1_3" },
				"up": { "uv": [ 6.9, 5.95, 8.9, 8.325 ], "texture": "#1_3" },
				"north": { "uv": [ 7.1, 10, 9.1, 15 ], "texture": "#1_3" },
				"south": { "uv": [ 6.9, 10, 8.9, 15 ], "texture": "#1_3" },
				"west": { "uv": [ 5.95, 10, 8.325, 15 ], "texture": "#1_3" },
				"east": { "uv": [ 10.05, 15, 7.675, 10 ], "texture": "#1_3" }
			}
		},
		{
			"from": [ 6.3, 1, 7.75 ],
			"to": [ 7.3, 5, 10.125 ],
			"faces": {
				"down": { "uv": [ 5.9, 7.675, 6.9, 10.05 ], "texture": "#1_3" },
				"up": { "uv": [ 5.9, 5.95, 6.9, 8.325 ], "texture": "#1_3" },
				"north": { "uv": [ 9.1, 11, 10.1, 15 ], "texture": "#1_3" },
				"south": { "uv": [ 5.9, 11, 6.9, 15 ], "texture": "#1_3" },
				"west": { "uv": [ 5.95, 11, 8.325, 15 ], "texture": "#1_3" },
				"east": { "uv": [ 10.05, 15, 7.675, 11 ], "texture": "#1_3" }
			}
		},
		{
			"from": [ 9.3, 2, 7.75 ],
			"to": [ 10.3, 5, 10.125 ],
			"faces": {
				"down": { "uv": [ 8.9, 7.675, 9.9, 10.05 ], "texture": "#1_3" },
				"up": { "uv": [ 8.9, 5.95, 9.9, 8.325 ], "texture": "#1_3" },
				"north": { "uv": [ 6.1, 11, 7.1, 14 ], "texture": "#1_3" },
				"south": { "uv": [ 8.9, 11, 9.9, 14 ], "texture": "#1_3" },
				"west": { "uv": [ 5.95, 11, 8.325, 14 ], "texture": "#1_3" },
				"east": { "uv": [ 10.05, 14, 7.675, 11 ], "texture": "#1_3" }
			}
		},
		{
			"from": [ 5.3, 2, 7.75 ],
			"to": [ 6.3, 4, 10.125 ],
			"faces": {
				"down": { "uv": [ 4.9, 7.675, 5.9, 10.05 ], "texture": "#1_3" },
				"up": { "uv": [ 4.9, 5.95, 5.9, 8.325 ], "texture": "#1_3" },
				"north": { "uv": [ 10.1, 12, 11.1, 14 ], "texture": "#1_3" },
				"south": { "uv": [ 4.9, 12, 5.9, 14 ], "texture": "#1_3" },
				"west": { "uv": [ 5.95, 12, 8.325, 14 ], "texture": "#1_3" },
				"east": { "uv": [ 10.05, 14, 7.675, 12 ], "texture": "#1_3" }
			}
		},
		{
			"from": [ 6.35, 2, 2.7 ],
			"to": [ 7.35, 11, 3.7 ],
			"faces": {
				"down": { "uv": [ 3, 8.35, 4, 9.35 ], "texture": "#1_2", "rotation": 270 },
				"up": { "uv": [ 3, 6.65, 4, 7.65 ], "texture": "#1_2", "rotation": 270 },
				"north": { "uv": [ 6.65, 5, 7.65, 14 ], "texture": "#1_2" },
				"south": { "uv": [ 9.35, 14, 8.35, 5 ], "texture": "#1_2" },
				"west": { "uv": [ 3, 5, 4, 14 ], "texture": "#1_2" },
				"east": { "uv": [ 12, 5, 13, 14 ], "texture": "#1_2" }
			}
		},
		{
			"from": [ 7.5, 0, 7.7 ],
			"to": [ 8.5, 11, 8.7 ],
			"faces": {
				"down": { "uv": [ 8, 8.5, 9, 9.5 ], "texture": "#1_2", "rotation": 270 },
				"up": { "uv": [ 8, 6.5, 9, 7.5 ], "texture": "#1_2", "rotation": 270 },
				"north": { "uv": [ 6.5, 5, 7.5, 16 ], "texture": "#1_2" },
				"south": { "uv": [ 9.5, 16, 8.5, 5 ], "texture": "#1_2" },
				"west": { "uv": [ 8, 5, 9, 16 ], "texture": "#1_2" },
				"east": { "uv": [ 7, 5, 8, 16 ], "texture": "#1_2" }
			}
		},
		{
			"from": [ 6.15, 6, 1.7 ],
			"to": [ 7.15, 10, 2.7 ],
			"faces": {
				"down": { "uv": [ 2, 8.55, 3, 9.55 ], "texture": "#1_2", "rotation": 270 },
				"up": { "uv": [ 2, 6.45, 3, 7.45 ], "texture": "#1_2", "rotation": 270 },
				"north": { "uv": [ 6.45, 6, 7.45, 10 ], "texture": "#1_2" },
				"south": { "uv": [ 9.55, 10, 8.55, 6 ], "texture": "#1_2" },
				"west": { "uv": [ 2, 6, 3, 10 ], "texture": "#1_2" },
				"east": { "uv": [ 13, 6, 14, 10 ], "texture": "#1_2" }
			}
		},
		{
			"from": [ 5.85, 1, 3.7 ],
			"to": [ 6.85, 10, 4.7 ],
			"faces": {
				"down": { "uv": [ 4, 8.65, 5, 9.65 ], "texture": "#1_2", "rotation": 270 },
				"up": { "uv": [ 4, 6.35, 5, 7.35 ], "texture": "#1_2", "rotation": 270 },
				"north": { "uv": [ 6.35, 6, 7.35, 15 ], "texture": "#1_2" },
				"south": { "uv": [ 9.65, 15, 8.65, 6 ], "texture": "#1_2" },
				"west": { "uv": [ 4, 6, 5, 15 ], "texture": "#1_2" },
				"east": { "uv": [ 11, 6, 12, 15 ], "texture": "#1_2" }
			}
		},
		{
			"from": [ 6.45, 0, 4.7 ],
			"to": [ 7.45, 10, 5.7 ],
			"faces": {
				"down": { "uv": [ 5, 8.95, 6, 9.95 ], "texture": "#1_2", "rotation": 270 },
				"up": { "uv": [ 5, 6.05, 6, 7.05 ], "texture": "#1_2", "rotation": 270 },
				"north": { "uv": [ 6.05, 6, 7.05, 16 ], "texture": "#1_2" },
				"south": { "uv": [ 9.95, 16, 8.95, 6 ], "texture": "#1_2" },
				"west": { "uv": [ 5, 6, 6, 16 ], "texture": "#1_2" },
				"east": { "uv": [ 10, 6, 11, 16 ], "texture": "#1_2" }
			}
		},
		{
			"from": [ 6.95, 0, 8.7 ],
			"to": [ 7.95, 10, 9.7 ],
			"faces": {
				"down": { "uv": [ 9, 7.9, 10, 8.9 ], "texture": "#1_2", "rotation": 270 },
				"up": { "uv": [ 9, 7.1, 10, 8.1 ], "texture": "#1_2", "rotation": 270 },
				"north": { "uv": [ 7.1, 6, 8.1, 16 ], "texture": "#1_2" },
				"south": { "uv": [ 8.9, 16, 7.9, 6 ], "texture": "#1_2" },
				"west": { "uv": [ 9, 6, 10, 16 ], "texture": "#1_2" },
				"east": { "uv": [ 6, 6, 7, 16 ], "texture": "#1_2" }
			}
		},
		{
			"from": [ 6.65, 0, 9.7 ],
			"to": [ 7.65, 10, 10.7 ],
			"faces": {
				"down": { "uv": [ 10, 7.6, 11, 8.6 ], "texture": "#1_2", "rotation": 270 },
				"up": { "uv": [ 10, 7.4, 11, 8.4 ], "texture": "#1_2", "rotation": 270 },
				"north": { "uv": [ 7.4, 6, 8.4, 16 ], "texture": "#1_2" },
				"south": { "uv": [ 8.6, 16, 7.6, 6 ], "texture": "#1_2" },
				"west": { "uv": [ 10, 6, 11, 16 ], "texture": "#1_2" },
				"east": { "uv": [ 5, 6, 6, 16 ], "texture": "#1_2" }
			}
		},
		{
			"from": [ 6.75, 0, 5.7 ],
			"to": [ 7.75, 9, 6.7 ],
			"faces": {
				"down": { "uv": [ 6, 8.55, 7, 9.55 ], "texture": "#1_2", "rotation": 270 },
				"up": { "uv": [ 6, 6.45, 7, 7.45 ], "texture": "#1_2", "rotation": 270 },
				"north": { "uv": [ 6.45, 7, 7.45, 16 ], "texture": "#1_2" },
				"south": { "uv": [ 9.55, 16, 8.55, 7 ], "texture": "#1_2" },
				"west": { "uv": [ 6, 7, 7, 16 ], "texture": "#1_2" },
				"east": { "uv": [ 9, 7, 10, 16 ], "texture": "#1_2" }
			}
		},
		{
			"from": [ 7.05, 0, 6.7 ],
			"to": [ 8.049999, 9, 7.7 ],
			"faces": {
				"down": { "uv": [ 7, 8, 8, 9 ], "texture": "#1_2", "rotation": 270 },
				"up": { "uv": [ 7, 7, 8, 8 ], "texture": "#1_2", "rotation": 270 },
				"north": { "uv": [ 7, 7, 8, 16 ], "texture": "#1_2" },
				"south": { "uv": [ 9, 16, 8, 7 ], "texture": "#1_2" },
				"west": { "uv": [ 7, 7, 8, 16 ], "texture": "#1_2" },
				"east": { "uv": [ 8, 7, 9, 16 ], "texture": "#1_2" }
			}
		},
		{
			"from": [ 6.1, 7, 0.7 ],
			"to": [ 7.1, 8, 1.7 ],
			"faces": {
				"down": { "uv": [ 1, 8.45, 2, 9.45 ], "texture": "#1_2", "rotation": 270 },
				"up": { "uv": [ 1, 6.55, 2, 7.55 ], "texture": "#1_2", "rotation": 270 },
				"north": { "uv": [ 6.55, 8, 7.55, 9 ], "texture": "#1_2" },
				"south": { "uv": [ 9.45, 9, 8.45, 8 ], "texture": "#1_2" },
				"west": { "uv": [ 1, 8, 2, 9 ], "texture": "#1_2" },
				"east": { "uv": [ 14, 8, 15, 9 ], "texture": "#1_2" }
			}
		},
		{
			"from": [ 6.9, 0, 10.7 ],
			"to": [ 7.9, 8, 11.7 ],
			"faces": {
				"down": { "uv": [ 11, 7.85, 12, 8.85 ], "texture": "#1_2", "rotation": 270 },
				"up": { "uv": [ 11, 7.15, 12, 8.15 ], "texture": "#1_2", "rotation": 270 },
				"north": { "uv": [ 7.15, 8, 8.15, 16 ], "texture": "#1_2" },
				"south": { "uv": [ 8.85, 16, 7.85, 8 ], "texture": "#1_2" },
				"west": { "uv": [ 11, 8, 12, 16 ], "texture": "#1_2" },
				"east": { "uv": [ 4, 8, 5, 16 ], "texture": "#1_2" }
			}
		},
		{
			"from": [ 7.3, 0, 11.7 ],
			"to": [ 8.299999, 7, 12.7 ],
			"faces": {
				"down": { "uv": [ 12, 8.25, 13, 9.25 ], "texture": "#1_2", "rotation": 270 },
				"up": { "uv": [ 12, 6.75, 13, 7.75 ], "texture": "#1_2", "rotation": 270 },
				"north": { "uv": [ 6.75, 9, 7.75, 16 ], "texture": "#1_2" },
				"south": { "uv": [ 9.25, 16, 8.25, 9 ], "texture": "#1_2" },
				"west": { "uv": [ 12, 9, 13, 16 ], "texture": "#1_2" },
				"east": { "uv": [ 3, 9, 4, 16 ], "texture": "#1_2" }
			}
		},
		{
			"from": [ 6.95, 6, 12.7 ],
			"to": [ 7.95, 7, 13.7 ],
			"faces": {
				"down": { "uv": [ 13, 7.9, 14, 8.9 ], "texture": "#1_2", "rotation": 270 },
				"up": { "uv": [ 13, 7.1, 14, 8.1 ], "texture": "#1_2", "rotation": 270 },
				"north": { "uv": [ 7.1, 9, 8.1, 10 ], "texture": "#1_2" },
				"south": { "uv": [ 8.9, 10, 7.9, 9 ], "texture": "#1_2" },
				"west": { "uv": [ 13, 9, 14, 10 ], "texture": "#1_2" },
				"east": { "uv": [ 2, 9, 3, 10 ], "texture": "#1_2" }
			}
		},
		{
			"from": [ 7.15, 3, 0.7 ],
			"to": [ 8.15, 5, 1.7 ],
			"faces": {
				"down": { "uv": [ 1, 8.45, 2, 9.45 ], "texture": "#1_2", "rotation": 270 },
				"up": { "uv": [ 1, 6.55, 2, 7.55 ], "texture": "#1_2", "rotation": 270 },
				"north": { "uv": [ 6.55, 11, 7.55, 13 ], "texture": "#1_2" },
				"south": { "uv": [ 9.45, 13, 8.45, 11 ], "texture": "#1_2" },
				"west": { "uv": [ 1, 11, 2, 13 ], "texture": "#1_2" },
				"east": { "uv": [ 14, 11, 15, 13 ], "texture": "#1_2" }
			}
		},
		{
			"from": [ 6.65, 3, 1.7 ],
			"to": [ 7.65, 5, 2.7 ],
			"faces": {
				"down": { "uv": [ 2, 8.65, 3, 9.65 ], "texture": "#1_2", "rotation": 270 },
				"up": { "uv": [ 2, 6.35, 3, 7.35 ], "texture": "#1_2", "rotation": 270 },
				"north": { "uv": [ 6.35, 11, 7.35, 13 ], "texture": "#1_2" },
				"south": { "uv": [ 9.65, 13, 8.65, 11 ], "texture": "#1_2" },
				"west": { "uv": [ 2, 11, 3, 13 ], "texture": "#1_2" },
				"east": { "uv": [ 13, 11, 14, 13 ], "texture": "#1_2" }
			}
		},
		{
			"from": [ 7.75, 3, 12.7 ],
			"to": [ 8.75, 5, 13.7 ],
			"faces": {
				"down": { "uv": [ 13, 8.7, 14, 9.7 ], "texture": "#1_2", "rotation": 270 },
				"up": { "uv": [ 13, 6.3, 14, 7.3 ], "texture": "#1_2", "rotation": 270 },
				"north": { "uv": [ 6.3, 11, 7.3, 13 ], "texture": "#1_2" },
				"south": { "uv": [ 9.7, 13, 8.7, 11 ], "texture": "#1_2" },
				"west": { "uv": [ 13, 11, 14, 13 ], "texture": "#1_2" },
				"east": { "uv": [ 2, 11, 3, 13 ], "texture": "#1_2" }
			}
		},
		{
			"from": [ 7.45, 3, 13.7 ],
			"to": [ 8.45, 5, 14.7 ],
			"faces": {
				"down": { "uv": [ 14, 8.4, 15, 9.4 ], "texture": "#1_2", "rotation": 270 },
				"up": { "uv": [ 14, 6.6, 15, 7.6 ], "texture": "#1_2", "rotation": 270 },
				"north": { "uv": [ 6.6, 11, 7.6, 13 ], "texture": "#1_2" },
				"south": { "uv": [ 9.4, 13, 8.4, 11 ], "texture": "#1_2" },
				"west": { "uv": [ 14, 11, 15, 13 ], "texture": "#1_2" },
				"east": { "uv": [ 1, 11, 2, 13 ], "texture": "#1_2" }
			}
		},
		{
			"from": [ 5.7, 7, 2.5 ],
			"to": [ 7.7, 12, 5.5 ],
			"faces": {
				"down": { "uv": [ 2.8, 8, 5.8, 10 ], "texture": "#1_3", "rotation": 270 },
				"up": { "uv": [ 2.8, 6, 5.8, 8 ], "texture": "#1_3", "rotation": 270 },
				"north": { "uv": [ 6, 4, 8, 9 ], "texture": "#1_3" },
				"south": { "uv": [ 10, 9, 8, 4 ], "texture": "#1_3" },
				"west": { "uv": [ 2.8, 4, 5.8, 9 ], "texture": "#1_3" },
				"east": { "uv": [ 10.2, 4, 13.2, 9 ], "texture": "#1_3" }
			}
		},
		{
			"from": [ 6.45, 9, 8.9 ],
			"to": [ 8.45, 12, 11.9 ],
			"faces": {
				"down": { "uv": [ 9.2, 7.4, 12.2, 9.4 ], "texture": "#1_3", "rotation": 270 },
				"up": { "uv": [ 9.2, 6.6, 12.2, 8.6 ], "texture": "#1_3", "rotation": 270 },
				"north": { "uv": [ 6.6, 4, 8.6, 7 ], "texture": "#1_3" },
				"south": { "uv": [ 9.4, 7, 7.4, 4 ], "texture": "#1_3" },
				"west": { "uv": [ 9.2, 4, 12.2, 7 ], "texture": "#1_3" },
				"east": { "uv": [ 3.8, 4, 6.8, 7 ], "texture": "#1_3" }
			}
		},
		{
			"from": [ 5.7, 7, 1.5 ],
			"to": [ 7.7, 11, 2.5 ],
			"faces": {
				"down": { "uv": [ 1.8, 8, 2.8, 10 ], "texture": "#1_3", "rotation": 270 },
				"up": { "uv": [ 1.8, 6, 2.8, 8 ], "texture": "#1_3", "rotation": 270 },
				"north": { "uv": [ 6, 5, 8, 9 ], "texture": "#1_3" },
				"south": { "uv": [ 10, 9, 8, 5 ], "texture": "#1_3" },
				"west": { "uv": [ 1.8, 5, 2.8, 9 ], "texture": "#1_3" },
				"east": { "uv": [ 13.2, 5, 14.2, 9 ], "texture": "#1_3" }
			}
		},
		{
			"from": [ 5.7, 7, 5.5 ],
			"to": [ 7.7, 11, 6.5 ],
			"faces": {
				"down": { "uv": [ 5.8, 8, 6.8, 10 ], "texture": "#1_3", "rotation": 270 },
				"up": { "uv": [ 5.8, 6, 6.8, 8 ], "texture": "#1_3", "rotation": 270 },
				"north": { "uv": [ 6, 5, 8, 9 ], "texture": "#1_3" },
				"south": { "uv": [ 10, 9, 8, 5 ], "texture": "#1_3" },
				"west": { "uv": [ 5.8, 5, 6.8, 9 ], "texture": "#1_3" },
				"east": { "uv": [ 9.2, 5, 10.2, 9 ], "texture": "#1_3" }
			}
		},
		{
			"from": [ 6.45, 7, 11.9 ],
			"to": [ 8.45, 11, 12.9 ],
			"faces": {
				"down": { "uv": [ 12.2, 7.4, 13.2, 9.4 ], "texture": "#1_3", "rotation": 270 },
				"up": { "uv": [ 12.2, 6.6, 13.2, 8.6 ], "texture": "#1_3", "rotation": 270 },
				"north": { "uv": [ 6.6, 5, 8.6, 9 ], "texture": "#1_3" },
				"south": { "uv": [ 9.4, 9, 7.4, 5 ], "texture": "#1_3" },
				"west": { "uv": [ 12.2, 5, 13.2, 9 ], "texture": "#1_3" },
				"east": { "uv": [ 2.8, 5, 3.8, 9 ], "texture": "#1_3" }
			}
		},
		{
			"from": [ 5.7, 8, 0.5 ],
			"to": [ 7.7, 10, 1.5 ],
			"faces": {
				"down": { "uv": [ 0.8, 8, 1.8, 10 ], "texture": "#1_3", "rotation": 270 },
				"up": { "uv": [ 0.8, 6, 1.8, 8 ], "texture": "#1_3", "rotation": 270 },
				"north": { "uv": [ 6, 6, 8, 8 ], "texture": "#1_3" },
				"south": { "uv": [ 10, 8, 8, 6 ], "texture": "#1_3" },
				"west": { "uv": [ 0.8, 6, 1.8, 8 ], "texture": "#1_3" },
				"east": { "uv": [ 14.2, 6, 15.2, 8 ], "texture": "#1_3" }
			}
		},
		{
			"from": [ 6.45, 7, 12.9 ],
			"to": [ 8.45, 10, 13.9 ],
			"faces": {
				"down": { "uv": [ 13.2, 7.4, 14.2, 9.4 ], "texture": "#1_3", "rotation": 270 },
				"up": { "uv": [ 13.2, 6.6, 14.2, 8.6 ], "texture": "#1_3", "rotation": 270 },
				"north": { "uv": [ 6.6, 6, 8.6, 9 ], "texture": "#1_3" },
				"south": { "uv": [ 9.4, 9, 7.4, 6 ], "texture": "#1_3" },
				"west": { "uv": [ 13.2, 6, 14.2, 9 ], "texture": "#1_3" },
				"east": { "uv": [ 1.8, 6, 2.8, 9 ], "texture": "#1_3" }
			}
		},
		{
			"from": [ 6.45, 8, 9.9 ],
			"to": [ 8.45, 9, 11.9 ],
			"faces": {
				"down": { "uv": [ 10.2, 7.4, 12.2, 9.4 ], "texture": "#1_3", "rotation": 270 },
				"up": { "uv": [ 10.2, 6.6, 12.2, 8.6 ], "texture": "#1_3", "rotation": 270 },
				"north": { "uv": [ 6.6, 7, 8.6, 8 ], "texture": "#1_3" },
				"south": { "uv": [ 9.4, 8, 7.4, 7 ], "texture": "#1_3" },
				"west": { "uv": [ 10.2, 7, 12.2, 8 ], "texture": "#1_3" },
				"east": { "uv": [ 3.8, 7, 5.8, 8 ], "texture": "#1_3" }
			}
		},
		{
			"from": [ 6.45, 7, 10.9 ],
			"to": [ 8.45, 8, 11.9 ],
			"faces": {
				"down": { "uv": [ 11.2, 7.4, 12.2, 9.4 ], "texture": "#1_3", "rotation": 270 },
				"up": { "uv": [ 11.2, 6.6, 12.2, 8.6 ], "texture": "#1_3", "rotation": 270 },
				"north": { "uv": [ 6.6, 8, 8.6, 9 ], "texture": "#1_3" },
				"south": { "uv": [ 9.4, 9, 7.4, 8 ], "texture": "#1_3" },
				"west": { "uv": [ 11.2, 8, 12.2, 9 ], "texture": "#1_3" },
				"east": { "uv": [ 3.8, 8, 4.8, 9 ], "texture": "#1_3" }
			}
		},
		{
			"from": [ 5.65, 6, 2.5 ],
			"to": [ 7.65, 7, 4.5 ],
			"faces": {
				"down": { "uv": [ 2.8, 8, 4.8, 10 ], "texture": "#1_3", "rotation": 270 },
				"up": { "uv": [ 2.8, 6, 4.8, 8 ], "texture": "#1_3", "rotation": 270 },
				"north": { "uv": [ 6, 9, 8, 10 ], "texture": "#1_3" },
				"south": { "uv": [ 10, 10, 8, 9 ], "texture": "#1_3" },
				"west": { "uv": [ 2.8, 9, 4.8, 10 ], "texture": "#1_3" },
				"east": { "uv": [ 11.2, 9, 13.2, 10 ], "texture": "#1_3" }
			}
		},
		{
			"from": [ 6.675, 1, 6.6 ],
			"to": [ 9.049999, 6, 8.6 ],
			"faces": {
				"down": { "uv": [ 6.9, 7.675, 8.9, 10.05 ], "texture": "#1_3", "rotation": 270 },
				"up": { "uv": [ 6.9, 5.95, 8.9, 8.325 ], "texture": "#1_3", "rotation": 270 },
				"north": { "uv": [ 5.95, 10, 8.325, 15 ], "texture": "#1_3" },
				"south": { "uv": [ 10.05, 15, 7.675, 10 ], "texture": "#1_3" },
				"west": { "uv": [ 6.9, 10, 8.9, 15 ], "texture": "#1_3" },
				"east": { "uv": [ 7.1, 10, 9.1, 15 ], "texture": "#1_3" }
			}
		},
		{
			"from": [ 6.675, 1, 5.6 ],
			"to": [ 9.049999, 5, 6.6 ],
			"faces": {
				"down": { "uv": [ 5.9, 7.675, 6.9, 10.05 ], "texture": "#1_3", "rotation": 270 },
				"up": { "uv": [ 5.9, 5.95, 6.9, 8.325 ], "texture": "#1_3", "rotation": 270 },
				"north": { "uv": [ 5.95, 11, 8.325, 15 ], "texture": "#1_3" },
				"south": { "uv": [ 10.05, 15, 7.675, 11 ], "texture": "#1_3" },
				"west": { "uv": [ 5.9, 11, 6.9, 15 ], "texture": "#1_3" },
				"east": { "uv": [ 9.1, 11, 10.1, 15 ], "texture": "#1_3" }
			}
		},
		{
			"from": [ 6.675, 2, 8.599999 ],
			"to": [ 9.049999, 5, 9.599999 ],
			"faces": {
				"down": { "uv": [ 8.9, 7.675, 9.9, 10.05 ], "texture": "#1_3", "rotation": 270 },
				"up": { "uv": [ 8.9, 5.95, 9.9, 8.325 ], "texture": "#1_3", "rotation": 270 },
				"north": { "uv": [ 5.95, 11, 8.325, 14 ], "texture": "#1_3" },
				"south": { "uv": [ 10.05, 14, 7.675, 11 ], "texture": "#1_3" },
				"west": { "uv": [ 8.9, 11, 9.9, 14 ], "texture": "#1_3" },
				"east": { "uv": [ 6.1, 11, 7.1, 14 ], "texture": "#1_3" }
			}
		},
		{
			"from": [ 6.675, 2, 4.6 ],
			"to": [ 9.049999, 4, 5.6 ],
			"faces": {
				"down": { "uv": [ 4.9, 7.675, 5.9, 10.05 ], "texture": "#1_3", "rotation": 270 },
				"up": { "uv": [ 4.9, 5.95, 5.9, 8.325 ], "texture": "#1_3", "rotation": 270 },
				"north": { "uv": [ 5.95, 12, 8.325, 14 ], "texture": "#1_3" },
				"south": { "uv": [ 10.05, 14, 7.675, 12 ], "texture": "#1_3" },
				"west": { "uv": [ 4.9, 12, 5.9, 14 ], "texture": "#1_3" },
				"east": { "uv": [ 10.1, 12, 11.1, 14 ], "texture": "#1_3" }
			}
		}
	]
}