{
	"__comment": "Designed by CreatorLabs with Cubik Studio - https://cubik.studio",
	"parent": "item/parents/flower_double",
	"textures": {
		"1": "colored/3d_decoration/3d_flower_stem_4",
		"2": "blocks/double_plant_sunflower_front"
	},
	"elements": [ 	 
		{
			"from": [ 9, 4, 8 ],
			"to": [ 10, 5, 9 ],
			"faces": {
				"down": { "uv": [ 9, 7.039904, 10, 8.039904 ], "texture": "#2" },
				"up": { "uv": [ 9, 7.960096, 10, 8.960096 ], "texture": "#2" },
				"north": { "uv": [ 6, 11, 7, 12 ], "texture": "#2" },
				"south": { "uv": [ 9, 11, 10, 12 ], "texture": "#2" },
				"west": { "uv": [ 7.960096, 11, 8.960096, 12 ], "texture": "#2" },
				"east": { "uv": [ 7.039904, 11, 8.039904, 12 ], "texture": "#2" }
			}
		},
		{
			"from": [ 8, 4, 7.75 ],
			"to": [ 9, 5, 8.75 ],
			"faces": {
				"down": { "uv": [ 8, 7.289904, 9, 8.289904 ], "texture": "#2" },
				"up": { "uv": [ 8, 7.710096, 9, 8.710096 ], "texture": "#2" },
				"north": { "uv": [ 7, 11, 8, 12 ], "texture": "#2" },
				"south": { "uv": [ 8, 11, 9, 12 ], "texture": "#2" },
				"west": { "uv": [ 7.710096, 11, 8.710096, 12 ], "texture": "#2" },
				"east": { "uv": [ 7.289904, 11, 8.289904, 12 ], "texture": "#2" }
			}
		},
		{
			"from": [ 7, 4, 8 ],
			"to": [ 8, 5, 9 ],
			"faces": {
				"down": { "uv": [ 7, 7.039904, 8, 8.039904 ], "texture": "#2" },
				"up": { "uv": [ 7, 7.960096, 8, 8.960096 ], "texture": "#2" },
				"north": { "uv": [ 8, 11, 9, 12 ], "texture": "#2" },
				"south": { "uv": [ 7, 11, 8, 12 ], "texture": "#2" },
				"west": { "uv": [ 7.960096, 11, 8.960096, 12 ], "texture": "#2" },
				"east": { "uv": [ 7.039904, 11, 8.039904, 12 ], "texture": "#2" }
			}
		},
		{
			"from": [ 6, 4, 8 ],
			"to": [ 7, 5, 9 ],
			"faces": {
				"down": { "uv": [ 6, 7.039904, 7, 8.039904 ], "texture": "#2" },
				"up": { "uv": [ 6, 7.960096, 7, 8.960096 ], "texture": "#2" },
				"north": { "uv": [ 9, 11, 10, 12 ], "texture": "#2" },
				"south": { "uv": [ 6, 11, 7, 12 ], "texture": "#2" },
				"west": { "uv": [ 7.960096, 11, 8.960096, 12 ], "texture": "#2" },
				"east": { "uv": [ 7.039904, 11, 8.039904, 12 ], "texture": "#2" }
			}
		},
		{
			"from": [ 10, 5, 8 ],
			"to": [ 11, 6, 9 ],
			"faces": {
				"down": { "uv": [ 10, 7.039904, 11, 8.039904 ], "texture": "#2" },
				"up": { "uv": [ 10, 7.960096, 11, 8.960096 ], "texture": "#2" },
				"north": { "uv": [ 5, 10, 6, 11 ], "texture": "#2" },
				"south": { "uv": [ 10, 10, 11, 11 ], "texture": "#2" },
				"west": { "uv": [ 7.960096, 10, 8.960096, 11 ], "texture": "#2" },
				"east": { "uv": [ 7.039904, 10, 8.039904, 11 ], "texture": "#2" }
			}
		},
		{
			"from": [ 9, 5, 8.25 ],
			"to": [ 10, 6, 9.25 ],
			"faces": {
				"down": { "uv": [ 9, 6.789904, 10, 7.789904 ], "texture": "#2" },
				"up": { "uv": [ 9, 8.210096, 10, 9.210096 ], "texture": "#2" },
				"north": { "uv": [ 6, 10, 7, 11 ], "texture": "#2" },
				"south": { "uv": [ 9, 10, 10, 11 ], "texture": "#2" },
				"west": { "uv": [ 8.210096, 10, 9.210096, 11 ], "texture": "#2" },
				"east": { "uv": [ 6.789904, 10, 7.789904, 11 ], "texture": "#2" }
			}
		},
		{
			"from": [ 8, 5, 8 ],
			"to": [ 9, 6, 9 ],
			"faces": {
				"down": { "uv": [ 8, 7.039904, 9, 8.039904 ], "texture": "#2" },
				"up": { "uv": [ 8, 7.960096, 9, 8.960096 ], "texture": "#2" },
				"north": { "uv": [ 7, 10, 8, 11 ], "texture": "#2" },
				"south": { "uv": [ 8, 10, 9, 11 ], "texture": "#2" },
				"west": { "uv": [ 7.960096, 10, 8.960096, 11 ], "texture": "#2" },
				"east": { "uv": [ 7.039904, 10, 8.039904, 11 ], "texture": "#2" }
			}
		},
		{
			"from": [ 7, 5, 7.8 ],
			"to": [ 8, 6, 8.8 ],
			"faces": {
				"down": { "uv": [ 7, 7.239903, 8, 8.239904 ], "texture": "#2" },
				"up": { "uv": [ 7, 7.760096, 8, 8.760097 ], "texture": "#2" },
				"north": { "uv": [ 8, 10, 9, 11 ], "texture": "#2" },
				"south": { "uv": [ 7, 10, 8, 11 ], "texture": "#2" },
				"west": { "uv": [ 7.760096, 10, 8.760097, 11 ], "texture": "#2" },
				"east": { "uv": [ 7.239903, 10, 8.239904, 11 ], "texture": "#2" }
			}
		},
		{
			"from": [ 6, 5, 8 ],
			"to": [ 7, 6, 9 ],
			"faces": {
				"down": { "uv": [ 6, 7.039904, 7, 8.039904 ], "texture": "#2" },
				"up": { "uv": [ 6, 7.960096, 7, 8.960096 ], "texture": "#2" },
				"north": { "uv": [ 9, 10, 10, 11 ], "texture": "#2" },
				"south": { "uv": [ 6, 10, 7, 11 ], "texture": "#2" },
				"west": { "uv": [ 7.960096, 10, 8.960096, 11 ], "texture": "#2" },
				"east": { "uv": [ 7.039904, 10, 8.039904, 11 ], "texture": "#2" }
			}
		},
		{
			"from": [ 5, 5, 8 ],
			"to": [ 6, 6, 9 ],
			"faces": {
				"down": { "uv": [ 5, 7.039904, 6, 8.039904 ], "texture": "#2" },
				"up": { "uv": [ 5, 7.960096, 6, 8.960096 ], "texture": "#2" },
				"north": { "uv": [ 10, 10, 11, 11 ], "texture": "#2" },
				"south": { "uv": [ 5, 10, 6, 11 ], "texture": "#2" },
				"west": { "uv": [ 7.960096, 10, 8.960096, 11 ], "texture": "#2" },
				"east": { "uv": [ 7.039904, 10, 8.039904, 11 ], "texture": "#2" }
			}
		},
		{
			"from": [ 11, 6, 8.099999 ],
			"to": [ 12, 7, 9.099999 ],
			"faces": {
				"down": { "uv": [ 11, 6.939904, 12, 7.939904 ], "texture": "#2" },
				"up": { "uv": [ 11, 8.060096, 12, 9.060096 ], "texture": "#2" },
				"north": { "uv": [ 4, 9, 5, 10 ], "texture": "#2" },
				"south": { "uv": [ 11, 9, 12, 10 ], "texture": "#2" },
				"west": { "uv": [ 8.060096, 9, 9.060096, 10 ], "texture": "#2" },
				"east": { "uv": [ 6.939904, 9, 7.939904, 10 ], "texture": "#2" }
			}
		},
		{
			"from": [ 10, 6, 8 ],
			"to": [ 11, 7, 9 ],
			"faces": {
				"down": { "uv": [ 10, 7.039904, 11, 8.039904 ], "texture": "#2" },
				"up": { "uv": [ 10, 7.960096, 11, 8.960096 ], "texture": "#2" },
				"north": { "uv": [ 5, 9, 6, 10 ], "texture": "#2" },
				"south": { "uv": [ 10, 9, 11, 10 ], "texture": "#2" },
				"west": { "uv": [ 7.960096, 9, 8.960096, 10 ], "texture": "#2" },
				"east": { "uv": [ 7.039904, 9, 8.039904, 10 ], "texture": "#2" }
			}
		},
		{
			"from": [ 9, 6, 8 ],
			"to": [ 10, 7, 9 ],
			"faces": {
				"down": { "uv": [ 9, 7.039904, 10, 8.039904 ], "texture": "#2" },
				"up": { "uv": [ 9, 7.960096, 10, 8.960096 ], "texture": "#2" },
				"north": { "uv": [ 6, 9, 7, 10 ], "texture": "#2" },
				"south": { "uv": [ 9, 9, 10, 10 ], "texture": "#2" },
				"west": { "uv": [ 7.960096, 9, 8.960096, 10 ], "texture": "#2" },
				"east": { "uv": [ 7.039904, 9, 8.039904, 10 ], "texture": "#2" }
			}
		},
		{
			"from": [ 8, 6, 7.75 ],
			"to": [ 9, 7, 8.75 ],
			"faces": {
				"down": { "uv": [ 8, 7.289904, 9, 8.289904 ], "texture": "#2" },
				"up": { "uv": [ 8, 7.710096, 9, 8.710096 ], "texture": "#2" },
				"north": { "uv": [ 7, 9, 8, 10 ], "texture": "#2" },
				"south": { "uv": [ 8, 9, 9, 10 ], "texture": "#2" },
				"west": { "uv": [ 7.710096, 9, 8.710096, 10 ], "texture": "#2" },
				"east": { "uv": [ 7.289904, 9, 8.289904, 10 ], "texture": "#2" }
			}
		},
		{
			"from": [ 7, 6, 7.75 ],
			"to": [ 8, 7, 8.75 ],
			"faces": {
				"down": { "uv": [ 7, 7.289904, 8, 8.289904 ], "texture": "#2" },
				"up": { "uv": [ 7, 7.710096, 8, 8.710096 ], "texture": "#2" },
				"north": { "uv": [ 8, 9, 9, 10 ], "texture": "#2" },
				"south": { "uv": [ 7, 9, 8, 10 ], "texture": "#2" },
				"west": { "uv": [ 7.710096, 9, 8.710096, 10 ], "texture": "#2" },
				"east": { "uv": [ 7.289904, 9, 8.289904, 10 ], "texture": "#2" }
			}
		},
		{
			"from": [ 6, 6, 8 ],
			"to": [ 7, 7, 9 ],
			"faces": {
				"down": { "uv": [ 6, 7.039904, 7, 8.039904 ], "texture": "#2" },
				"up": { "uv": [ 6, 7.960096, 7, 8.960096 ], "texture": "#2" },
				"north": { "uv": [ 9, 9, 10, 10 ], "texture": "#2" },
				"south": { "uv": [ 6, 9, 7, 10 ], "texture": "#2" },
				"west": { "uv": [ 7.960096, 9, 8.960096, 10 ], "texture": "#2" },
				"east": { "uv": [ 7.039904, 9, 8.039904, 10 ], "texture": "#2" }
			}
		},
		{
			"from": [ 5, 6, 8.15 ],
			"to": [ 6, 7, 9.15 ],
			"faces": {
				"down": { "uv": [ 5, 6.889904, 6, 7.889904 ], "texture": "#2" },
				"up": { "uv": [ 5, 8.110096, 6, 9.110096 ], "texture": "#2" },
				"north": { "uv": [ 10, 9, 11, 10 ], "texture": "#2" },
				"south": { "uv": [ 5, 9, 6, 10 ], "texture": "#2" },
				"west": { "uv": [ 8.110096, 9, 9.110096, 10 ], "texture": "#2" },
				"east": { "uv": [ 6.889904, 9, 7.889904, 10 ], "texture": "#2" }
			}
		},
		{
			"from": [ 4, 6, 8 ],
			"to": [ 5, 7, 9 ],
			"faces": {
				"down": { "uv": [ 4, 7.039904, 5, 8.039904 ], "texture": "#2" },
				"up": { "uv": [ 4, 7.960096, 5, 8.960096 ], "texture": "#2" },
				"north": { "uv": [ 11, 9, 12, 10 ], "texture": "#2" },
				"south": { "uv": [ 4, 9, 5, 10 ], "texture": "#2" },
				"west": { "uv": [ 7.960096, 9, 8.960096, 10 ], "texture": "#2" },
				"east": { "uv": [ 7.039904, 9, 8.039904, 10 ], "texture": "#2" }
			}
		},
		{
			"from": [ 11, 7, 8 ],
			"to": [ 12, 8, 9 ],
			"faces": {
				"down": { "uv": [ 11, 7.039904, 12, 8.039904 ], "texture": "#2" },
				"up": { "uv": [ 11, 7.960096, 12, 8.960096 ], "texture": "#2" },
				"north": { "uv": [ 4, 8, 5, 9 ], "texture": "#2" },
				"south": { "uv": [ 11, 8, 12, 9 ], "texture": "#2" },
				"west": { "uv": [ 7.960096, 8, 8.960096, 9 ], "texture": "#2" },
				"east": { "uv": [ 7.039904, 8, 8.039904, 9 ], "texture": "#2" }
			}
		},
		{
			"from": [ 10, 7, 7.85 ],
			"to": [ 11, 8, 8.849999 ],
			"faces": {
				"down": { "uv": [ 10, 7.189904, 11, 8.189903 ], "texture": "#2" },
				"up": { "uv": [ 10, 7.810097, 11, 8.810096 ], "texture": "#2" },
				"north": { "uv": [ 5, 8, 6, 9 ], "texture": "#2" },
				"south": { "uv": [ 10, 8, 11, 9 ], "texture": "#2" },
				"west": { "uv": [ 7.810096, 8, 8.810096, 9 ], "texture": "#2" },
				"east": { "uv": [ 7.189904, 8, 8.189903, 9 ], "texture": "#2" }
			}
		},
		{
			"from": [ 9, 7, 7.75 ],
			"to": [ 10, 8, 8.75 ],
			"faces": {
				"down": { "uv": [ 9, 7.289904, 10, 8.289904 ], "texture": "#2" },
				"up": { "uv": [ 9, 7.710096, 10, 8.710096 ], "texture": "#2" },
				"north": { "uv": [ 6, 8, 7, 9 ], "texture": "#2" },
				"south": { "uv": [ 9, 8, 10, 9 ], "texture": "#2" },
				"west": { "uv": [ 7.710096, 8, 8.710096, 9 ], "texture": "#2" },
				"east": { "uv": [ 7.289904, 8, 8.289904, 9 ], "texture": "#2" }
			}
		},
		{
			"from": [ 8, 7, 7.4 ],
			"to": [ 9, 8, 8.4 ],
			"faces": {
				"down": { "uv": [ 8, 7.639904, 9, 8.639904 ], "texture": "#2" },
				"up": { "uv": [ 8, 7.360096, 9, 8.360096 ], "texture": "#2" },
				"north": { "uv": [ 7, 8, 8, 9 ], "texture": "#2" },
				"south": { "uv": [ 8, 8, 9, 9 ], "texture": "#2" },
				"west": { "uv": [ 7.360096, 8, 8.360096, 9 ], "texture": "#2" },
				"east": { "uv": [ 7.639904, 8, 8.639904, 9 ], "texture": "#2" }
			}
		},
		{
			"from": [ 7, 7, 7.4 ],
			"to": [ 8, 8, 8.4 ],
			"faces": {
				"down": { "uv": [ 7, 7.639904, 8, 8.639904 ], "texture": "#2" },
				"up": { "uv": [ 7, 7.360096, 8, 8.360096 ], "texture": "#2" },
				"north": { "uv": [ 8, 8, 9, 9 ], "texture": "#2" },
				"south": { "uv": [ 7, 8, 8, 9 ], "texture": "#2" },
				"west": { "uv": [ 7.360096, 8, 8.360096, 9 ], "texture": "#2" },
				"east": { "uv": [ 7.639904, 8, 8.639904, 9 ], "texture": "#2" }
			}
		},
		{
			"from": [ 6, 7, 7.75 ],
			"to": [ 7, 8, 8.75 ],
			"faces": {
				"down": { "uv": [ 6, 7.289904, 7, 8.289904 ], "texture": "#2" },
				"up": { "uv": [ 6, 7.710096, 7, 8.710096 ], "texture": "#2" },
				"north": { "uv": [ 9, 8, 10, 9 ], "texture": "#2" },
				"south": { "uv": [ 6, 8, 7, 9 ], "texture": "#2" },
				"west": { "uv": [ 7.710096, 8, 8.710096, 9 ], "texture": "#2" },
				"east": { "uv": [ 7.289904, 8, 8.289904, 9 ], "texture": "#2" }
			}
		},
		{
			"from": [ 5, 7, 8 ],
			"to": [ 6, 8, 9 ],
			"faces": {
				"down": { "uv": [ 5, 7.039904, 6, 8.039904 ], "texture": "#2" },
				"up": { "uv": [ 5, 7.960096, 6, 8.960096 ], "texture": "#2" },
				"north": { "uv": [ 10, 8, 11, 9 ], "texture": "#2" },
				"south": { "uv": [ 5, 8, 6, 9 ], "texture": "#2" },
				"west": { "uv": [ 7.960096, 8, 8.960096, 9 ], "texture": "#2" },
				"east": { "uv": [ 7.039904, 8, 8.039904, 9 ], "texture": "#2" }
			}
		},
		{
			"from": [ 4, 7, 8 ],
			"to": [ 5, 8, 9 ],
			"faces": {
				"down": { "uv": [ 4, 7.039904, 5, 8.039904 ], "texture": "#2" },
				"up": { "uv": [ 4, 7.960096, 5, 8.960096 ], "texture": "#2" },
				"north": { "uv": [ 11, 8, 12, 9 ], "texture": "#2" },
				"south": { "uv": [ 4, 8, 5, 9 ], "texture": "#2" },
				"west": { "uv": [ 7.960096, 8, 8.960096, 9 ], "texture": "#2" },
				"east": { "uv": [ 7.039904, 8, 8.039904, 9 ], "texture": "#2" }
			}
		},
		{
			"from": [ 11, 8, 7.9 ],
			"to": [ 12, 9, 8.9 ],
			"faces": {
				"down": { "uv": [ 11, 7.139904, 12, 8.139904 ], "texture": "#2" },
				"up": { "uv": [ 11, 7.860096, 12, 8.860096 ], "texture": "#2" },
				"north": { "uv": [ 4, 7, 5, 8 ], "texture": "#2" },
				"south": { "uv": [ 11, 7, 12, 8 ], "texture": "#2" },
				"west": { "uv": [ 7.860096, 7, 8.860096, 8 ], "texture": "#2" },
				"east": { "uv": [ 7.139904, 7, 8.139904, 8 ], "texture": "#2" }
			}
		},
		{
			"from": [ 10, 8, 8 ],
			"to": [ 11, 9, 9 ],
			"faces": {
				"down": { "uv": [ 10, 7.039904, 11, 8.039904 ], "texture": "#2" },
				"up": { "uv": [ 10, 7.960096, 11, 8.960096 ], "texture": "#2" },
				"north": { "uv": [ 5, 7, 6, 8 ], "texture": "#2" },
				"south": { "uv": [ 10, 7, 11, 8 ], "texture": "#2" },
				"west": { "uv": [ 7.960096, 7, 8.960096, 8 ], "texture": "#2" },
				"east": { "uv": [ 7.039904, 7, 8.039904, 8 ], "texture": "#2" }
			}
		},
		{
			"from": [ 9, 8, 7.75 ],
			"to": [ 10, 9, 8.75 ],
			"faces": {
				"down": { "uv": [ 9, 7.289904, 10, 8.289904 ], "texture": "#2" },
				"up": { "uv": [ 9, 7.710096, 10, 8.710096 ], "texture": "#2" },
				"north": { "uv": [ 6, 7, 7, 8 ], "texture": "#2" },
				"south": { "uv": [ 9, 7, 10, 8 ], "texture": "#2" },
				"west": { "uv": [ 7.710096, 7, 8.710096, 8 ], "texture": "#2" },
				"east": { "uv": [ 7.289904, 7, 8.289904, 8 ], "texture": "#2" }
			}
		},
		{
			"from": [ 8, 8, 7.4 ],
			"to": [ 9, 9, 8.4 ],
			"faces": {
				"down": { "uv": [ 8, 7.639904, 9, 8.639904 ], "texture": "#2" },
				"up": { "uv": [ 8, 7.360096, 9, 8.360096 ], "texture": "#2" },
				"north": { "uv": [ 7, 7, 8, 8 ], "texture": "#2" },
				"south": { "uv": [ 8, 7, 9, 8 ], "texture": "#2" },
				"west": { "uv": [ 7.360096, 7, 8.360096, 8 ], "texture": "#2" },
				"east": { "uv": [ 7.639904, 7, 8.639904, 8 ], "texture": "#2" }
			}
		},
		{
			"from": [ 7, 8, 7.4 ],
			"to": [ 8, 9, 8.4 ],
			"faces": {
				"down": { "uv": [ 7, 7.639904, 8, 8.639904 ], "texture": "#2" },
				"up": { "uv": [ 7, 7.360096, 8, 8.360096 ], "texture": "#2" },
				"north": { "uv": [ 8, 7, 9, 8 ], "texture": "#2" },
				"south": { "uv": [ 7, 7, 8, 8 ], "texture": "#2" },
				"west": { "uv": [ 7.360096, 7, 8.360096, 8 ], "texture": "#2" },
				"east": { "uv": [ 7.639904, 7, 8.639904, 8 ], "texture": "#2" }
			}
		},
		{
			"from": [ 6, 8, 7.75 ],
			"to": [ 7, 9, 8.75 ],
			"faces": {
				"down": { "uv": [ 6, 7.289904, 7, 8.289904 ], "texture": "#2" },
				"up": { "uv": [ 6, 7.710096, 7, 8.710096 ], "texture": "#2" },
				"north": { "uv": [ 9, 7, 10, 8 ], "texture": "#2" },
				"south": { "uv": [ 6, 7, 7, 8 ], "texture": "#2" },
				"west": { "uv": [ 7.710096, 7, 8.710096, 8 ], "texture": "#2" },
				"east": { "uv": [ 7.289904, 7, 8.289904, 8 ], "texture": "#2" }
			}
		},
		{
			"from": [ 5, 8, 8 ],
			"to": [ 6, 9, 9 ],
			"faces": {
				"down": { "uv": [ 5, 7.039904, 6, 8.039904 ], "texture": "#2" },
				"up": { "uv": [ 5, 7.960096, 6, 8.960096 ], "texture": "#2" },
				"north": { "uv": [ 10, 7, 11, 8 ], "texture": "#2" },
				"south": { "uv": [ 5, 7, 6, 8 ], "texture": "#2" },
				"west": { "uv": [ 7.960096, 7, 8.960096, 8 ], "texture": "#2" },
				"east": { "uv": [ 7.039904, 7, 8.039904, 8 ], "texture": "#2" }
			}
		},
		{
			"from": [ 4, 8, 7.9 ],
			"to": [ 5, 9, 8.9 ],
			"faces": {
				"down": { "uv": [ 4, 7.139904, 5, 8.139904 ], "texture": "#2" },
				"up": { "uv": [ 4, 7.860096, 5, 8.860096 ], "texture": "#2" },
				"north": { "uv": [ 11, 7, 12, 8 ], "texture": "#2" },
				"south": { "uv": [ 4, 7, 5, 8 ], "texture": "#2" },
				"west": { "uv": [ 7.860096, 7, 8.860096, 8 ], "texture": "#2" },
				"east": { "uv": [ 7.139904, 7, 8.139904, 8 ], "texture": "#2" }
			}
		},
		{
			"from": [ 11, 9, 8 ],
			"to": [ 12, 10, 9 ],
			"faces": {
				"down": { "uv": [ 11, 7.039904, 12, 8.039904 ], "texture": "#2" },
				"up": { "uv": [ 11, 7.960096, 12, 8.960096 ], "texture": "#2" },
				"north": { "uv": [ 4, 6, 5, 7 ], "texture": "#2" },
				"south": { "uv": [ 11, 6, 12, 7 ], "texture": "#2" },
				"west": { "uv": [ 7.960096, 6, 8.960096, 7 ], "texture": "#2" },
				"east": { "uv": [ 7.039904, 6, 8.039904, 7 ], "texture": "#2" }
			}
		},
		{
			"from": [ 10, 9, 8 ],
			"to": [ 11, 10, 9 ],
			"faces": {
				"down": { "uv": [ 10, 7.039904, 11, 8.039904 ], "texture": "#2" },
				"up": { "uv": [ 10, 7.960096, 11, 8.960096 ], "texture": "#2" },
				"north": { "uv": [ 5, 6, 6, 7 ], "texture": "#2" },
				"south": { "uv": [ 10, 6, 11, 7 ], "texture": "#2" },
				"west": { "uv": [ 7.960096, 6, 8.960096, 7 ], "texture": "#2" },
				"east": { "uv": [ 7.039904, 6, 8.039904, 7 ], "texture": "#2" }
			}
		},
		{
			"from": [ 9, 9, 8 ],
			"to": [ 10, 10, 9 ],
			"faces": {
				"down": { "uv": [ 9, 7.039904, 10, 8.039904 ], "texture": "#2" },
				"up": { "uv": [ 9, 7.960096, 10, 8.960096 ], "texture": "#2" },
				"north": { "uv": [ 6, 6, 7, 7 ], "texture": "#2" },
				"south": { "uv": [ 9, 6, 10, 7 ], "texture": "#2" },
				"west": { "uv": [ 7.960096, 6, 8.960096, 7 ], "texture": "#2" },
				"east": { "uv": [ 7.039904, 6, 8.039904, 7 ], "texture": "#2" }
			}
		},
		{
			"from": [ 8, 9, 7.75 ],
			"to": [ 9, 10, 8.75 ],
			"faces": {
				"down": { "uv": [ 8, 7.289904, 9, 8.289904 ], "texture": "#2" },
				"up": { "uv": [ 8, 7.710096, 9, 8.710096 ], "texture": "#2" },
				"north": { "uv": [ 7, 6, 8, 7 ], "texture": "#2" },
				"south": { "uv": [ 8, 6, 9, 7 ], "texture": "#2" },
				"west": { "uv": [ 7.710096, 6, 8.710096, 7 ], "texture": "#2" },
				"east": { "uv": [ 7.289904, 6, 8.289904, 7 ], "texture": "#2" }
			}
		},
		{
			"from": [ 7, 9, 7.75 ],
			"to": [ 8, 10, 8.75 ],
			"faces": {
				"down": { "uv": [ 7, 7.289904, 8, 8.289904 ], "texture": "#2" },
				"up": { "uv": [ 7, 7.710096, 8, 8.710096 ], "texture": "#2" },
				"north": { "uv": [ 8, 6, 9, 7 ], "texture": "#2" },
				"south": { "uv": [ 7, 6, 8, 7 ], "texture": "#2" },
				"west": { "uv": [ 7.710096, 6, 8.710096, 7 ], "texture": "#2" },
				"east": { "uv": [ 7.289904, 6, 8.289904, 7 ], "texture": "#2" }
			}
		},
		{
			"from": [ 6, 9, 8 ],
			"to": [ 7, 10, 9 ],
			"faces": {
				"down": { "uv": [ 6, 7.039904, 7, 8.039904 ], "texture": "#2" },
				"up": { "uv": [ 6, 7.960096, 7, 8.960096 ], "texture": "#2" },
				"north": { "uv": [ 9, 6, 10, 7 ], "texture": "#2" },
				"south": { "uv": [ 6, 6, 7, 7 ], "texture": "#2" },
				"west": { "uv": [ 7.960096, 6, 8.960096, 7 ], "texture": "#2" },
				"east": { "uv": [ 7.039904, 6, 8.039904, 7 ], "texture": "#2" }
			}
		},
		{
			"from": [ 5, 9, 8.099999 ],
			"to": [ 6, 10, 9.099999 ],
			"faces": {
				"down": { "uv": [ 5, 6.939904, 6, 7.939904 ], "texture": "#2" },
				"up": { "uv": [ 5, 8.060096, 6, 9.060096 ], "texture": "#2" },
				"north": { "uv": [ 10, 6, 11, 7 ], "texture": "#2" },
				"south": { "uv": [ 5, 6, 6, 7 ], "texture": "#2" },
				"west": { "uv": [ 8.060096, 6, 9.060096, 7 ], "texture": "#2" },
				"east": { "uv": [ 6.939904, 6, 7.939904, 7 ], "texture": "#2" }
			}
		},
		{
			"from": [ 4, 9, 8 ],
			"to": [ 5, 10, 9 ],
			"faces": {
				"down": { "uv": [ 4, 7.039904, 5, 8.039904 ], "texture": "#2" },
				"up": { "uv": [ 4, 7.960096, 5, 8.960096 ], "texture": "#2" },
				"north": { "uv": [ 11, 6, 12, 7 ], "texture": "#2" },
				"south": { "uv": [ 4, 6, 5, 7 ], "texture": "#2" },
				"west": { "uv": [ 7.960096, 6, 8.960096, 7 ], "texture": "#2" },
				"east": { "uv": [ 7.039904, 6, 8.039904, 7 ], "texture": "#2" }
			}
		},
		{
			"from": [ 10, 10, 8 ],
			"to": [ 11, 11, 9 ],
			"faces": {
				"down": { "uv": [ 10, 7.039904, 11, 8.039904 ], "texture": "#2" },
				"up": { "uv": [ 10, 7.960096, 11, 8.960096 ], "texture": "#2" },
				"north": { "uv": [ 5, 5, 6, 6 ], "texture": "#2" },
				"south": { "uv": [ 10, 5, 11, 6 ], "texture": "#2" },
				"west": { "uv": [ 7.960096, 5, 8.960096, 6 ], "texture": "#2" },
				"east": { "uv": [ 7.039904, 5, 8.039904, 6 ], "texture": "#2" }
			}
		},
		{
			"from": [ 9, 10, 8.15 ],
			"to": [ 10, 11, 9.15 ],
			"faces": {
				"down": { "uv": [ 9, 6.889904, 10, 7.889904 ], "texture": "#2" },
				"up": { "uv": [ 9, 8.110096, 10, 9.110096 ], "texture": "#2" },
				"north": { "uv": [ 6, 5, 7, 6 ], "texture": "#2" },
				"south": { "uv": [ 9, 5, 10, 6 ], "texture": "#2" },
				"west": { "uv": [ 8.110096, 5, 9.110096, 6 ], "texture": "#2" },
				"east": { "uv": [ 6.889904, 5, 7.889904, 6 ], "texture": "#2" }
			}
		},
		{
			"from": [ 8, 10, 8 ],
			"to": [ 9, 11, 9 ],
			"faces": {
				"down": { "uv": [ 8, 7.039904, 9, 8.039904 ], "texture": "#2" },
				"up": { "uv": [ 8, 7.960096, 9, 8.960096 ], "texture": "#2" },
				"north": { "uv": [ 7, 5, 8, 6 ], "texture": "#2" },
				"south": { "uv": [ 8, 5, 9, 6 ], "texture": "#2" },
				"west": { "uv": [ 7.960096, 5, 8.960096, 6 ], "texture": "#2" },
				"east": { "uv": [ 7.039904, 5, 8.039904, 6 ], "texture": "#2" }
			}
		},
		{
			"from": [ 7, 10, 8 ],
			"to": [ 8, 11, 9 ],
			"faces": {
				"down": { "uv": [ 7, 7.039904, 8, 8.039904 ], "texture": "#2" },
				"up": { "uv": [ 7, 7.960096, 8, 8.960096 ], "texture": "#2" },
				"north": { "uv": [ 8, 5, 9, 6 ], "texture": "#2" },
				"south": { "uv": [ 7, 5, 8, 6 ], "texture": "#2" },
				"west": { "uv": [ 7.960096, 5, 8.960096, 6 ], "texture": "#2" },
				"east": { "uv": [ 7.039904, 5, 8.039904, 6 ], "texture": "#2" }
			}
		},
		{
			"from": [ 6, 10, 8 ],
			"to": [ 7, 11, 9 ],
			"faces": {
				"down": { "uv": [ 6, 7.039904, 7, 8.039904 ], "texture": "#2" },
				"up": { "uv": [ 6, 7.960096, 7, 8.960096 ], "texture": "#2" },
				"north": { "uv": [ 9, 5, 10, 6 ], "texture": "#2" },
				"south": { "uv": [ 6, 5, 7, 6 ], "texture": "#2" },
				"west": { "uv": [ 7.960096, 5, 8.960096, 6 ], "texture": "#2" },
				"east": { "uv": [ 7.039904, 5, 8.039904, 6 ], "texture": "#2" }
			}
		},
		{
			"from": [ 5, 10, 8 ],
			"to": [ 6, 11, 9 ],
			"faces": {
				"down": { "uv": [ 5, 7.039904, 6, 8.039904 ], "texture": "#2" },
				"up": { "uv": [ 5, 7.960096, 6, 8.960096 ], "texture": "#2" },
				"north": { "uv": [ 10, 5, 11, 6 ], "texture": "#2" },
				"south": { "uv": [ 5, 5, 6, 6 ], "texture": "#2" },
				"west": { "uv": [ 7.960096, 5, 8.960096, 6 ], "texture": "#2" },
				"east": { "uv": [ 7.039904, 5, 8.039904, 6 ], "texture": "#2" }
			}
		},
		{
			"from": [ 9, 11, 8 ],
			"to": [ 10, 12, 9 ],
			"faces": {
				"down": { "uv": [ 9, 7.039904, 10, 8.039904 ], "texture": "#2" },
				"up": { "uv": [ 9, 7.960096, 10, 8.960096 ], "texture": "#2" },
				"north": { "uv": [ 6, 4, 7, 5 ], "texture": "#2" },
				"south": { "uv": [ 9, 4, 10, 5 ], "texture": "#2" },
				"west": { "uv": [ 7.960096, 4, 8.960096, 5 ], "texture": "#2" },
				"east": { "uv": [ 7.039904, 4, 8.039904, 5 ], "texture": "#2" }
			}
		},
		{
			"from": [ 8, 11, 8.15 ],
			"to": [ 9, 12, 9.15 ],
			"faces": {
				"down": { "uv": [ 8, 6.889904, 9, 7.889904 ], "texture": "#2" },
				"up": { "uv": [ 8, 8.110096, 9, 9.110096 ], "texture": "#2" },
				"north": { "uv": [ 7, 4, 8, 5 ], "texture": "#2" },
				"south": { "uv": [ 8, 4, 9, 5 ], "texture": "#2" },
				"west": { "uv": [ 8.110096, 4, 9.110096, 5 ], "texture": "#2" },
				"east": { "uv": [ 6.889904, 4, 7.889904, 5 ], "texture": "#2" }
			}
		},
		{
			"from": [ 7, 11, 8 ],
			"to": [ 8, 12, 9 ],
			"faces": {
				"down": { "uv": [ 7, 7.039904, 8, 8.039904 ], "texture": "#2" },
				"up": { "uv": [ 7, 7.960096, 8, 8.960096 ], "texture": "#2" },
				"north": { "uv": [ 8, 4, 9, 5 ], "texture": "#2" },
				"south": { "uv": [ 7, 4, 8, 5 ], "texture": "#2" },
				"west": { "uv": [ 7.960096, 4, 8.960096, 5 ], "texture": "#2" },
				"east": { "uv": [ 7.039904, 4, 8.039904, 5 ], "texture": "#2" }
			}
		},
		{
			"from": [ 6, 11, 7.8 ],
			"to": [ 7, 12, 8.8 ],
			"faces": {
				"down": { "uv": [ 6, 7.239903, 7, 8.239904 ], "texture": "#2" },
				"up": { "uv": [ 6, 7.760096, 7, 8.760097 ], "texture": "#2" },
				"north": { "uv": [ 9, 4, 10, 5 ], "texture": "#2" },
				"south": { "uv": [ 6, 4, 7, 5 ], "texture": "#2" },
				"west": { "uv": [ 7.760096, 4, 8.760097, 5 ], "texture": "#2" },
				"east": { "uv": [ 7.239903, 4, 8.239904, 5 ], "texture": "#2" }
			}
		},
		{
			"from": [ 9.059999, 3.76, 7.35 ],
			"to": [ 10.12, 4.82, 8.349999 ],
			"faces": {
				"down": { "uv": [ 9.06, 7.689904, 10.12, 8.689903 ], "texture": "#1" },
				"up": { "uv": [ 9.06, 7.310097, 10.12, 8.310096 ], "texture": "#1" },
				"north": { "uv": [ 5.88, 11.18, 6.94, 12.24 ], "texture": "#1" },
				"south": { "uv": [ 9.06, 11.18, 10.12, 12.24 ], "texture": "#1" },
				"west": { "uv": [ 7.310096, 11.18, 8.310096, 12.24 ], "texture": "#1" },
				"east": { "uv": [ 7.689904, 11.18, 8.689903, 12.24 ], "texture": "#1" }
			}
		},
		{
			"from": [ 8, 3.76, 7.35 ],
			"to": [ 9.06, 4.82, 8.349999 ],
			"faces": {
				"down": { "uv": [ 8, 7.689904, 9.06, 8.689903 ], "texture": "#1" },
				"up": { "uv": [ 8, 7.310097, 9.06, 8.310096 ], "texture": "#1" },
				"north": { "uv": [ 6.94, 11.18, 8, 12.24 ], "texture": "#1" },
				"south": { "uv": [ 8, 11.18, 9.06, 12.24 ], "texture": "#1" },
				"west": { "uv": [ 7.310096, 11.18, 8.310096, 12.24 ], "texture": "#1" },
				"east": { "uv": [ 7.689904, 11.18, 8.689903, 12.24 ], "texture": "#1" }
			}
		},
		{
			"from": [ 6.94, 3.76, 7.35 ],
			"to": [ 8, 4.82, 8.349999 ],
			"faces": {
				"down": { "uv": [ 6.94, 7.689904, 8, 8.689903 ], "texture": "#1" },
				"up": { "uv": [ 6.94, 7.310097, 8, 8.310096 ], "texture": "#1" },
				"north": { "uv": [ 8, 11.18, 9.059999, 12.24 ], "texture": "#1" },
				"south": { "uv": [ 6.94, 11.18, 8, 12.24 ], "texture": "#1" },
				"west": { "uv": [ 7.310096, 11.18, 8.310096, 12.24 ], "texture": "#1" },
				"east": { "uv": [ 7.689904, 11.18, 8.689903, 12.24 ], "texture": "#1" }
			}
		},
		{
			"from": [ 5.88, 3.76, 7.35 ],
			"to": [ 6.94, 4.82, 8.349999 ],
			"faces": {
				"down": { "uv": [ 5.88, 7.689904, 6.94, 8.689903 ], "texture": "#1" },
				"up": { "uv": [ 5.88, 7.310097, 6.94, 8.310096 ], "texture": "#1" },
				"north": { "uv": [ 9.059999, 11.18, 10.12, 12.24 ], "texture": "#1" },
				"south": { "uv": [ 5.88, 11.18, 6.94, 12.24 ], "texture": "#1" },
				"west": { "uv": [ 7.310096, 11.18, 8.310096, 12.24 ], "texture": "#1" },
				"east": { "uv": [ 7.689904, 11.18, 8.689903, 12.24 ], "texture": "#1" }
			}
		},
		{
			"from": [ 10.12, 4.82, 7.35 ],
			"to": [ 11.18, 5.88, 8.349999 ],
			"faces": {
				"down": { "uv": [ 10.12, 7.689904, 11.18, 8.689903 ], "texture": "#1" },
				"up": { "uv": [ 10.12, 7.310097, 11.18, 8.310096 ], "texture": "#1" },
				"north": { "uv": [ 4.82, 10.12, 5.88, 11.18 ], "texture": "#1" },
				"south": { "uv": [ 10.12, 10.12, 11.18, 11.18 ], "texture": "#1" },
				"west": { "uv": [ 7.310096, 10.12, 8.310096, 11.18 ], "texture": "#1" },
				"east": { "uv": [ 7.689904, 10.12, 8.689903, 11.18 ], "texture": "#1" }
			}
		},
		{
			"from": [ 9.059999, 4.82, 7.35 ],
			"to": [ 10.12, 5.88, 8.349999 ],
			"faces": {
				"down": { "uv": [ 9.06, 7.689904, 10.12, 8.689903 ], "texture": "#1" },
				"up": { "uv": [ 9.06, 7.310097, 10.12, 8.310096 ], "texture": "#1" },
				"north": { "uv": [ 5.88, 10.12, 6.94, 11.18 ], "texture": "#1" },
				"south": { "uv": [ 9.06, 10.12, 10.12, 11.18 ], "texture": "#1" },
				"west": { "uv": [ 7.310096, 10.12, 8.310096, 11.18 ], "texture": "#1" },
				"east": { "uv": [ 7.689904, 10.12, 8.689903, 11.18 ], "texture": "#1" }
			}
		},
		{
			"from": [ 8, 4.82, 7.1 ],
			"to": [ 9.06, 5.88, 8.099999 ],
			"faces": {
				"down": { "uv": [ 8, 7.939904, 9.06, 8.939903 ], "texture": "#1" },
				"up": { "uv": [ 8, 7.060097, 9.06, 8.060096 ], "texture": "#1" },
				"north": { "uv": [ 6.94, 10.12, 8, 11.18 ], "texture": "#1" },
				"south": { "uv": [ 8, 10.12, 9.06, 11.18 ], "texture": "#1" },
				"west": { "uv": [ 7.060096, 10.12, 8.060096, 11.18 ], "texture": "#1" },
				"east": { "uv": [ 7.939904, 10.12, 8.939903, 11.18 ], "texture": "#1" }
			}
		},
		{
			"from": [ 6.94, 4.82, 7.35 ],
			"to": [ 8, 5.88, 8.349999 ],
			"faces": {
				"down": { "uv": [ 6.94, 7.689904, 8, 8.689903 ], "texture": "#1" },
				"up": { "uv": [ 6.94, 7.310097, 8, 8.310096 ], "texture": "#1" },
				"north": { "uv": [ 8, 10.12, 9.059999, 11.18 ], "texture": "#1" },
				"south": { "uv": [ 6.94, 10.12, 8, 11.18 ], "texture": "#1" },
				"west": { "uv": [ 7.310096, 10.12, 8.310096, 11.18 ], "texture": "#1" },
				"east": { "uv": [ 7.689904, 10.12, 8.689903, 11.18 ], "texture": "#1" }
			}
		},
		{
			"from": [ 5.88, 4.82, 7.25 ],
			"to": [ 6.94, 5.88, 8.25 ],
			"faces": {
				"down": { "uv": [ 5.88, 7.789904, 6.94, 8.789904 ], "texture": "#1" },
				"up": { "uv": [ 5.88, 7.210096, 6.94, 8.210096 ], "texture": "#1" },
				"north": { "uv": [ 9.059999, 10.12, 10.12, 11.18 ], "texture": "#1" },
				"south": { "uv": [ 5.88, 10.12, 6.94, 11.18 ], "texture": "#1" },
				"west": { "uv": [ 7.210096, 10.12, 8.210096, 11.18 ], "texture": "#1" },
				"east": { "uv": [ 7.789904, 10.12, 8.789904, 11.18 ], "texture": "#1" }
			}
		},
		{
			"from": [ 4.82, 4.82, 7.35 ],
			"to": [ 5.88, 5.88, 8.349999 ],
			"faces": {
				"down": { "uv": [ 4.82, 7.689904, 5.88, 8.689903 ], "texture": "#1" },
				"up": { "uv": [ 4.82, 7.310097, 5.88, 8.310096 ], "texture": "#1" },
				"north": { "uv": [ 10.12, 10.12, 11.18, 11.18 ], "texture": "#1" },
				"south": { "uv": [ 4.82, 10.12, 5.88, 11.18 ], "texture": "#1" },
				"west": { "uv": [ 7.310096, 10.12, 8.310096, 11.18 ], "texture": "#1" },
				"east": { "uv": [ 7.689904, 10.12, 8.689903, 11.18 ], "texture": "#1" }
			}
		},
		{
			"from": [ 11.18, 5.88, 7.35 ],
			"to": [ 12.24, 6.94, 8.349999 ],
			"faces": {
				"down": { "uv": [ 11.18, 7.689904, 12.24, 8.689903 ], "texture": "#1" },
				"up": { "uv": [ 11.18, 7.310097, 12.24, 8.310096 ], "texture": "#1" },
				"north": { "uv": [ 3.76, 9.059999, 4.82, 10.12 ], "texture": "#1" },
				"south": { "uv": [ 11.18, 9.059999, 12.24, 10.12 ], "texture": "#1" },
				"west": { "uv": [ 7.310096, 9.059999, 8.310096, 10.12 ], "texture": "#1" },
				"east": { "uv": [ 7.689904, 9.059999, 8.689903, 10.12 ], "texture": "#1" }
			}
		},
		{
			"from": [ 10.12, 5.88, 7.3 ],
			"to": [ 11.18, 6.94, 8.3 ],
			"faces": {
				"down": { "uv": [ 10.12, 7.739903, 11.18, 8.739904 ], "texture": "#1" },
				"up": { "uv": [ 10.12, 7.260096, 11.18, 8.260097 ], "texture": "#1" },
				"north": { "uv": [ 4.82, 9.059999, 5.88, 10.12 ], "texture": "#1" },
				"south": { "uv": [ 10.12, 9.059999, 11.18, 10.12 ], "texture": "#1" },
				"west": { "uv": [ 7.260096, 9.059999, 8.260097, 10.12 ], "texture": "#1" },
				"east": { "uv": [ 7.739903, 9.059999, 8.739904, 10.12 ], "texture": "#1" }
			}
		},
		{
			"from": [ 9.059999, 5.88, 7.1 ],
			"to": [ 10.12, 6.94, 8.099999 ],
			"faces": {
				"down": { "uv": [ 9.06, 7.939904, 10.12, 8.939903 ], "texture": "#1" },
				"up": { "uv": [ 9.06, 7.060097, 10.12, 8.060096 ], "texture": "#1" },
				"north": { "uv": [ 5.88, 9.059999, 6.94, 10.12 ], "texture": "#1" },
				"south": { "uv": [ 9.06, 9.059999, 10.12, 10.12 ], "texture": "#1" },
				"west": { "uv": [ 7.060096, 9.059999, 8.060096, 10.12 ], "texture": "#1" },
				"east": { "uv": [ 7.939904, 9.059999, 8.939903, 10.12 ], "texture": "#1" }
			}
		},
		{
			"from": [ 8, 5.88, 6.75 ],
			"to": [ 9.06, 6.94, 7.75 ],
			"faces": {
				"down": { "uv": [ 8, 8.289904, 9.06, 9.289904 ], "texture": "#1" },
				"up": { "uv": [ 8, 6.710096, 9.06, 7.710096 ], "texture": "#1" },
				"north": { "uv": [ 6.94, 9.059999, 8, 10.12 ], "texture": "#1" },
				"south": { "uv": [ 8, 9.059999, 9.06, 10.12 ], "texture": "#1" },
				"west": { "uv": [ 6.710096, 9.059999, 7.710096, 10.12 ], "texture": "#1" },
				"east": { "uv": [ 8.289904, 9.059999, 9.289904, 10.12 ], "texture": "#1" }
			}
		},
		{
			"from": [ 6.94, 5.88, 6.85 ],
			"to": [ 8, 6.94, 7.85 ],
			"faces": {
				"down": { "uv": [ 6.94, 8.189903, 8, 9.189903 ], "texture": "#1" },
				"up": { "uv": [ 6.94, 6.810097, 8, 7.810097 ], "texture": "#1" },
				"north": { "uv": [ 8, 9.059999, 9.059999, 10.12 ], "texture": "#1" },
				"south": { "uv": [ 6.94, 9.059999, 8, 10.12 ], "texture": "#1" },
				"west": { "uv": [ 6.810096, 9.059999, 7.810096, 10.12 ], "texture": "#1" },
				"east": { "uv": [ 8.189903, 9.059999, 9.189903, 10.12 ], "texture": "#1" }
			}
		},
		{
			"from": [ 5.88, 5.88, 7.05 ],
			"to": [ 6.94, 6.94, 8.05 ],
			"faces": {
				"down": { "uv": [ 5.88, 7.989903, 6.94, 8.989904 ], "texture": "#1" },
				"up": { "uv": [ 5.88, 7.010096, 6.94, 8.010097 ], "texture": "#1" },
				"north": { "uv": [ 9.059999, 9.059999, 10.12, 10.12 ], "texture": "#1" },
				"south": { "uv": [ 5.88, 9.059999, 6.94, 10.12 ], "texture": "#1" },
				"west": { "uv": [ 7.010096, 9.059999, 8.010097, 10.12 ], "texture": "#1" },
				"east": { "uv": [ 7.989903, 9.059999, 8.989904, 10.12 ], "texture": "#1" }
			}
		},
		{
			"from": [ 4.82, 5.88, 7.35 ],
			"to": [ 5.88, 6.94, 8.349999 ],
			"faces": {
				"down": { "uv": [ 4.82, 7.689904, 5.88, 8.689903 ], "texture": "#1" },
				"up": { "uv": [ 4.82, 7.310097, 5.88, 8.310096 ], "texture": "#1" },
				"north": { "uv": [ 10.12, 9.059999, 11.18, 10.12 ], "texture": "#1" },
				"south": { "uv": [ 4.82, 9.059999, 5.88, 10.12 ], "texture": "#1" },
				"west": { "uv": [ 7.310096, 9.059999, 8.310096, 10.12 ], "texture": "#1" },
				"east": { "uv": [ 7.689904, 9.059999, 8.689903, 10.12 ], "texture": "#1" }
			}
		},
		{
			"from": [ 3.76, 5.88, 7.35 ],
			"to": [ 4.82, 6.94, 8.349999 ],
			"faces": {
				"down": { "uv": [ 3.76, 7.689904, 4.82, 8.689903 ], "texture": "#1" },
				"up": { "uv": [ 3.76, 7.310097, 4.82, 8.310096 ], "texture": "#1" },
				"north": { "uv": [ 11.18, 9.059999, 12.24, 10.12 ], "texture": "#1" },
				"south": { "uv": [ 3.76, 9.059999, 4.82, 10.12 ], "texture": "#1" },
				"west": { "uv": [ 7.310096, 9.059999, 8.310096, 10.12 ], "texture": "#1" },
				"east": { "uv": [ 7.689904, 9.059999, 8.689903, 10.12 ], "texture": "#1" }
			}
		},
		{
			"from": [ 11.18, 6.94, 7.35 ],
			"to": [ 12.24, 8, 8.349999 ],
			"faces": {
				"down": { "uv": [ 11.18, 7.689904, 12.24, 8.689903 ], "texture": "#1" },
				"up": { "uv": [ 11.18, 7.310097, 12.24, 8.310096 ], "texture": "#1" },
				"north": { "uv": [ 3.76, 8, 4.82, 9.059999 ], "texture": "#1" },
				"south": { "uv": [ 11.18, 8, 12.24, 9.059999 ], "texture": "#1" },
				"west": { "uv": [ 7.310096, 8, 8.310096, 9.059999 ], "texture": "#1" },
				"east": { "uv": [ 7.689904, 8, 8.689903, 9.059999 ], "texture": "#1" }
			}
		},
		{
			"from": [ 10.12, 6.94, 7.05 ],
			"to": [ 11.18, 8, 8.05 ],
			"faces": {
				"down": { "uv": [ 10.12, 7.989903, 11.18, 8.989904 ], "texture": "#1" },
				"up": { "uv": [ 10.12, 7.010096, 11.18, 8.010097 ], "texture": "#1" },
				"north": { "uv": [ 4.82, 8, 5.88, 9.059999 ], "texture": "#1" },
				"south": { "uv": [ 10.12, 8, 11.18, 9.059999 ], "texture": "#1" },
				"west": { "uv": [ 7.010096, 8, 8.010097, 9.059999 ], "texture": "#1" },
				"east": { "uv": [ 7.989903, 8, 8.989904, 9.059999 ], "texture": "#1" }
			}
		},
		{
			"from": [ 9.059999, 6.94, 6.9 ],
			"to": [ 10.12, 8, 7.9 ],
			"faces": {
				"down": { "uv": [ 9.06, 8.139904, 10.12, 9.139904 ], "texture": "#1" },
				"up": { "uv": [ 9.06, 6.860096, 10.12, 7.860096 ], "texture": "#1" },
				"north": { "uv": [ 5.88, 8, 6.94, 9.059999 ], "texture": "#1" },
				"south": { "uv": [ 9.06, 8, 10.12, 9.059999 ], "texture": "#1" },
				"west": { "uv": [ 6.860096, 8, 7.860096, 9.059999 ], "texture": "#1" },
				"east": { "uv": [ 8.139904, 8, 9.139904, 9.059999 ], "texture": "#1" }
			}
		},
		{
			"from": [ 8, 6.94, 6.55 ],
			"to": [ 9.06, 8, 7.55 ],
			"faces": {
				"down": { "uv": [ 8, 8.489904, 9.06, 9.489904 ], "texture": "#1" },
				"up": { "uv": [ 8, 6.510096, 9.06, 7.510096 ], "texture": "#1" },
				"north": { "uv": [ 6.94, 8, 8, 9.059999 ], "texture": "#1" },
				"south": { "uv": [ 8, 8, 9.06, 9.059999 ], "texture": "#1" },
				"west": { "uv": [ 6.510096, 8, 7.510096, 9.059999 ], "texture": "#1" },
				"east": { "uv": [ 8.489904, 8, 9.489904, 9.059999 ], "texture": "#1" }
			}
		},
		{
			"from": [ 6.94, 6.94, 6.7 ],
			"to": [ 8, 8, 7.7 ],
			"faces": {
				"down": { "uv": [ 6.94, 8.339904, 8, 9.339904 ], "texture": "#1" },
				"up": { "uv": [ 6.94, 6.660096, 8, 7.660096 ], "texture": "#1" },
				"north": { "uv": [ 8, 8, 9.059999, 9.059999 ], "texture": "#1" },
				"south": { "uv": [ 6.94, 8, 8, 9.059999 ], "texture": "#1" },
				"west": { "uv": [ 6.660096, 8, 7.660096, 9.059999 ], "texture": "#1" },
				"east": { "uv": [ 8.339904, 8, 9.339904, 9.059999 ], "texture": "#1" }
			}
		},
		{
			"from": [ 5.88, 6.94, 6.95 ],
			"to": [ 6.94, 8, 7.95 ],
			"faces": {
				"down": { "uv": [ 5.88, 8.089904, 6.94, 9.089904 ], "texture": "#1" },
				"up": { "uv": [ 5.88, 6.910096, 6.94, 7.910096 ], "texture": "#1" },
				"north": { "uv": [ 9.059999, 8, 10.12, 9.059999 ], "texture": "#1" },
				"south": { "uv": [ 5.88, 8, 6.94, 9.059999 ], "texture": "#1" },
				"west": { "uv": [ 6.910096, 8, 7.910096, 9.059999 ], "texture": "#1" },
				"east": { "uv": [ 8.089904, 8, 9.089904, 9.059999 ], "texture": "#1" }
			}
		},
		{
			"from": [ 4.82, 6.94, 7.15 ],
			"to": [ 5.88, 8, 8.15 ],
			"faces": {
				"down": { "uv": [ 4.82, 7.889904, 5.88, 8.889904 ], "texture": "#1" },
				"up": { "uv": [ 4.82, 7.110096, 5.88, 8.110096 ], "texture": "#1" },
				"north": { "uv": [ 10.12, 8, 11.18, 9.059999 ], "texture": "#1" },
				"south": { "uv": [ 4.82, 8, 5.88, 9.059999 ], "texture": "#1" },
				"west": { "uv": [ 7.110096, 8, 8.110096, 9.059999 ], "texture": "#1" },
				"east": { "uv": [ 7.889904, 8, 8.889904, 9.059999 ], "texture": "#1" }
			}
		},
		{
			"from": [ 3.76, 6.94, 7.35 ],
			"to": [ 4.82, 8, 8.349999 ],
			"faces": {
				"down": { "uv": [ 3.76, 7.689904, 4.82, 8.689903 ], "texture": "#1" },
				"up": { "uv": [ 3.76, 7.310097, 4.82, 8.310096 ], "texture": "#1" },
				"north": { "uv": [ 11.18, 8, 12.24, 9.059999 ], "texture": "#1" },
				"south": { "uv": [ 3.76, 8, 4.82, 9.059999 ], "texture": "#1" },
				"west": { "uv": [ 7.310096, 8, 8.310096, 9.059999 ], "texture": "#1" },
				"east": { "uv": [ 7.689904, 8, 8.689903, 9.059999 ], "texture": "#1" }
			}
		},
		{
			"from": [ 11.18, 8, 7.35 ],
			"to": [ 12.24, 9.06, 8.349999 ],
			"faces": {
				"down": { "uv": [ 11.18, 7.689904, 12.24, 8.689903 ], "texture": "#1" },
				"up": { "uv": [ 11.18, 7.310097, 12.24, 8.310096 ], "texture": "#1" },
				"north": { "uv": [ 3.76, 6.94, 4.82, 8 ], "texture": "#1" },
				"south": { "uv": [ 11.18, 6.94, 12.24, 8 ], "texture": "#1" },
				"west": { "uv": [ 7.310096, 6.94, 8.310096, 8 ], "texture": "#1" },
				"east": { "uv": [ 7.689904, 6.94, 8.689903, 8 ], "texture": "#1" }
			}
		},
		{
			"from": [ 10.12, 8, 7.05 ],
			"to": [ 11.18, 9.06, 8.05 ],
			"faces": {
				"down": { "uv": [ 10.12, 7.989903, 11.18, 8.989904 ], "texture": "#1" },
				"up": { "uv": [ 10.12, 7.010096, 11.18, 8.010097 ], "texture": "#1" },
				"north": { "uv": [ 4.82, 6.94, 5.88, 8 ], "texture": "#1" },
				"south": { "uv": [ 10.12, 6.94, 11.18, 8 ], "texture": "#1" },
				"west": { "uv": [ 7.010096, 6.94, 8.010097, 8 ], "texture": "#1" },
				"east": { "uv": [ 7.989903, 6.94, 8.989904, 8 ], "texture": "#1" }
			}
		},
		{
			"from": [ 9.059999, 8, 6.85 ],
			"to": [ 10.12, 9.06, 7.85 ],
			"faces": {
				"down": { "uv": [ 9.06, 8.189903, 10.12, 9.189903 ], "texture": "#1" },
				"up": { "uv": [ 9.06, 6.810097, 10.12, 7.810097 ], "texture": "#1" },
				"north": { "uv": [ 5.88, 6.94, 6.94, 8 ], "texture": "#1" },
				"south": { "uv": [ 9.06, 6.94, 10.12, 8 ], "texture": "#1" },
				"west": { "uv": [ 6.810096, 6.94, 7.810096, 8 ], "texture": "#1" },
				"east": { "uv": [ 8.189903, 6.94, 9.189903, 8 ], "texture": "#1" }
			}
		},
		{
			"from": [ 8, 8, 6.7 ],
			"to": [ 9.06, 9.06, 7.7 ],
			"faces": {
				"down": { "uv": [ 8, 8.339904, 9.06, 9.339904 ], "texture": "#1" },
				"up": { "uv": [ 8, 6.660096, 9.06, 7.660096 ], "texture": "#1" },
				"north": { "uv": [ 6.94, 6.94, 8, 8 ], "texture": "#1" },
				"south": { "uv": [ 8, 6.94, 9.06, 8 ], "texture": "#1" },
				"west": { "uv": [ 6.660096, 6.94, 7.660096, 8 ], "texture": "#1" },
				"east": { "uv": [ 8.339904, 6.94, 9.339904, 8 ], "texture": "#1" }
			}
		},
		{
			"from": [ 6.94, 8, 6.9 ],
			"to": [ 8, 9.06, 7.9 ],
			"faces": {
				"down": { "uv": [ 6.94, 8.139904, 8, 9.139904 ], "texture": "#1" },
				"up": { "uv": [ 6.94, 6.860096, 8, 7.860096 ], "texture": "#1" },
				"north": { "uv": [ 8, 6.94, 9.059999, 8 ], "texture": "#1" },
				"south": { "uv": [ 6.94, 6.94, 8, 8 ], "texture": "#1" },
				"west": { "uv": [ 6.860096, 6.94, 7.860096, 8 ], "texture": "#1" },
				"east": { "uv": [ 8.139904, 6.94, 9.139904, 8 ], "texture": "#1" }
			}
		},
		{
			"from": [ 5.88, 8, 7.15 ],
			"to": [ 6.94, 9.06, 8.15 ],
			"faces": {
				"down": { "uv": [ 5.88, 7.889904, 6.94, 8.889904 ], "texture": "#1" },
				"up": { "uv": [ 5.88, 7.110096, 6.94, 8.110096 ], "texture": "#1" },
				"north": { "uv": [ 9.059999, 6.94, 10.12, 8 ], "texture": "#1" },
				"south": { "uv": [ 5.88, 6.94, 6.94, 8 ], "texture": "#1" },
				"west": { "uv": [ 7.110096, 6.94, 8.110096, 8 ], "texture": "#1" },
				"east": { "uv": [ 7.889904, 6.94, 8.889904, 8 ], "texture": "#1" }
			}
		},
		{
			"from": [ 4.82, 8, 7.35 ],
			"to": [ 5.88, 9.06, 8.349999 ],
			"faces": {
				"down": { "uv": [ 4.82, 7.689904, 5.88, 8.689903 ], "texture": "#1" },
				"up": { "uv": [ 4.82, 7.310097, 5.88, 8.310096 ], "texture": "#1" },
				"north": { "uv": [ 10.12, 6.94, 11.18, 8 ], "texture": "#1" },
				"south": { "uv": [ 4.82, 6.94, 5.88, 8 ], "texture": "#1" },
				"west": { "uv": [ 7.310096, 6.94, 8.310096, 8 ], "texture": "#1" },
				"east": { "uv": [ 7.689904, 6.94, 8.689903, 8 ], "texture": "#1" }
			}
		},
		{
			"from": [ 3.76, 8, 7.35 ],
			"to": [ 4.82, 9.06, 8.349999 ],
			"faces": {
				"down": { "uv": [ 3.76, 7.689904, 4.82, 8.689903 ], "texture": "#1" },
				"up": { "uv": [ 3.76, 7.310097, 4.82, 8.310096 ], "texture": "#1" },
				"north": { "uv": [ 11.18, 6.94, 12.24, 8 ], "texture": "#1" },
				"south": { "uv": [ 3.76, 6.94, 4.82, 8 ], "texture": "#1" },
				"west": { "uv": [ 7.310096, 6.94, 8.310096, 8 ], "texture": "#1" },
				"east": { "uv": [ 7.689904, 6.94, 8.689903, 8 ], "texture": "#1" }
			}
		},
		{
			"from": [ 11.18, 9.059999, 7.35 ],
			"to": [ 12.24, 10.12, 8.349999 ],
			"faces": {
				"down": { "uv": [ 11.18, 7.689904, 12.24, 8.689903 ], "texture": "#1" },
				"up": { "uv": [ 11.18, 7.310097, 12.24, 8.310096 ], "texture": "#1" },
				"north": { "uv": [ 3.76, 5.88, 4.82, 6.94 ], "texture": "#1" },
				"south": { "uv": [ 11.18, 5.88, 12.24, 6.94 ], "texture": "#1" },
				"west": { "uv": [ 7.310096, 5.88, 8.310096, 6.94 ], "texture": "#1" },
				"east": { "uv": [ 7.689904, 5.88, 8.689903, 6.94 ], "texture": "#1" }
			}
		},
		{
			"from": [ 10.12, 9.059999, 7.35 ],
			"to": [ 11.18, 10.12, 8.349999 ],
			"faces": {
				"down": { "uv": [ 10.12, 7.689904, 11.18, 8.689903 ], "texture": "#1" },
				"up": { "uv": [ 10.12, 7.310097, 11.18, 8.310096 ], "texture": "#1" },
				"north": { "uv": [ 4.82, 5.88, 5.88, 6.94 ], "texture": "#1" },
				"south": { "uv": [ 10.12, 5.88, 11.18, 6.94 ], "texture": "#1" },
				"west": { "uv": [ 7.310096, 5.88, 8.310096, 6.94 ], "texture": "#1" },
				"east": { "uv": [ 7.689904, 5.88, 8.689903, 6.94 ], "texture": "#1" }
			}
		},
		{
			"from": [ 9.059999, 9.059999, 7.05 ],
			"to": [ 10.12, 10.12, 8.05 ],
			"faces": {
				"down": { "uv": [ 9.06, 7.989903, 10.12, 8.989904 ], "texture": "#1" },
				"up": { "uv": [ 9.06, 7.010096, 10.12, 8.010097 ], "texture": "#1" },
				"north": { "uv": [ 5.88, 5.88, 6.94, 6.94 ], "texture": "#1" },
				"south": { "uv": [ 9.06, 5.88, 10.12, 6.94 ], "texture": "#1" },
				"west": { "uv": [ 7.010096, 5.88, 8.010097, 6.94 ], "texture": "#1" },
				"east": { "uv": [ 7.989903, 5.88, 8.989904, 6.94 ], "texture": "#1" }
			}
		},
		{
			"from": [ 8, 9.059999, 7 ],
			"to": [ 9.06, 10.12, 8 ],
			"faces": {
				"down": { "uv": [ 8, 8.039904, 9.06, 9.039904 ], "texture": "#1" },
				"up": { "uv": [ 8, 6.960096, 9.06, 7.960096 ], "texture": "#1" },
				"north": { "uv": [ 6.94, 5.88, 8, 6.94 ], "texture": "#1" },
				"south": { "uv": [ 8, 5.88, 9.06, 6.94 ], "texture": "#1" },
				"west": { "uv": [ 6.960096, 5.88, 7.960096, 6.94 ], "texture": "#1" },
				"east": { "uv": [ 8.039904, 5.88, 9.039904, 6.94 ], "texture": "#1" }
			}
		},
		{
			"from": [ 6.94, 9.059999, 6.85 ],
			"to": [ 8, 10.12, 7.85 ],
			"faces": {
				"down": { "uv": [ 6.94, 8.189903, 8, 9.189903 ], "texture": "#1" },
				"up": { "uv": [ 6.94, 6.810097, 8, 7.810097 ], "texture": "#1" },
				"north": { "uv": [ 8, 5.88, 9.059999, 6.94 ], "texture": "#1" },
				"south": { "uv": [ 6.94, 5.88, 8, 6.94 ], "texture": "#1" },
				"west": { "uv": [ 6.810096, 5.88, 7.810096, 6.94 ], "texture": "#1" },
				"east": { "uv": [ 8.189903, 5.88, 9.189903, 6.94 ], "texture": "#1" }
			}
		},
		{
			"from": [ 5.88, 9.059999, 7 ],
			"to": [ 6.94, 10.12, 8 ],
			"faces": {
				"down": { "uv": [ 5.88, 8.039904, 6.94, 9.039904 ], "texture": "#1" },
				"up": { "uv": [ 5.88, 6.960096, 6.94, 7.960096 ], "texture": "#1" },
				"north": { "uv": [ 9.059999, 5.88, 10.12, 6.94 ], "texture": "#1" },
				"south": { "uv": [ 5.88, 5.88, 6.94, 6.94 ], "texture": "#1" },
				"west": { "uv": [ 6.960096, 5.88, 7.960096, 6.94 ], "texture": "#1" },
				"east": { "uv": [ 8.039904, 5.88, 9.039904, 6.94 ], "texture": "#1" }
			}
		},
		{
			"from": [ 4.82, 9.059999, 7.1 ],
			"to": [ 5.88, 10.12, 8.099999 ],
			"faces": {
				"down": { "uv": [ 4.82, 7.939904, 5.88, 8.939903 ], "texture": "#1" },
				"up": { "uv": [ 4.82, 7.060097, 5.88, 8.060096 ], "texture": "#1" },
				"north": { "uv": [ 10.12, 5.88, 11.18, 6.94 ], "texture": "#1" },
				"south": { "uv": [ 4.82, 5.88, 5.88, 6.94 ], "texture": "#1" },
				"west": { "uv": [ 7.060096, 5.88, 8.060096, 6.94 ], "texture": "#1" },
				"east": { "uv": [ 7.939904, 5.88, 8.939903, 6.94 ], "texture": "#1" }
			}
		},
		{
			"from": [ 3.76, 9.059999, 7.35 ],
			"to": [ 4.82, 10.12, 8.349999 ],
			"faces": {
				"down": { "uv": [ 3.76, 7.689904, 4.82, 8.689903 ], "texture": "#1" },
				"up": { "uv": [ 3.76, 7.310097, 4.82, 8.310096 ], "texture": "#1" },
				"north": { "uv": [ 11.18, 5.88, 12.24, 6.94 ], "texture": "#1" },
				"south": { "uv": [ 3.76, 5.88, 4.82, 6.94 ], "texture": "#1" },
				"west": { "uv": [ 7.310096, 5.88, 8.310096, 6.94 ], "texture": "#1" },
				"east": { "uv": [ 7.689904, 5.88, 8.689903, 6.94 ], "texture": "#1" }
			}
		},
		{
			"from": [ 10.12, 10.12, 7.35 ],
			"to": [ 11.18, 11.18, 8.349999 ],
			"faces": {
				"down": { "uv": [ 10.12, 7.689904, 11.18, 8.689903 ], "texture": "#1" },
				"up": { "uv": [ 10.12, 7.310097, 11.18, 8.310096 ], "texture": "#1" },
				"north": { "uv": [ 4.82, 4.82, 5.88, 5.88 ], "texture": "#1" },
				"south": { "uv": [ 10.12, 4.82, 11.18, 5.88 ], "texture": "#1" },
				"west": { "uv": [ 7.310096, 4.82, 8.310096, 5.88 ], "texture": "#1" },
				"east": { "uv": [ 7.689904, 4.82, 8.689903, 5.88 ], "texture": "#1" }
			}
		},
		{
			"from": [ 9.059999, 10.12, 7.25 ],
			"to": [ 10.12, 11.18, 8.25 ],
			"faces": {
				"down": { "uv": [ 9.06, 7.789904, 10.12, 8.789904 ], "texture": "#1" },
				"up": { "uv": [ 9.06, 7.210096, 10.12, 8.210096 ], "texture": "#1" },
				"north": { "uv": [ 5.88, 4.82, 6.94, 5.88 ], "texture": "#1" },
				"south": { "uv": [ 9.06, 4.82, 10.12, 5.88 ], "texture": "#1" },
				"west": { "uv": [ 7.210096, 4.82, 8.210096, 5.88 ], "texture": "#1" },
				"east": { "uv": [ 7.789904, 4.82, 8.789904, 5.88 ], "texture": "#1" }
			}
		},
		{
			"from": [ 8, 10.12, 7.1 ],
			"to": [ 9.06, 11.18, 8.099999 ],
			"faces": {
				"down": { "uv": [ 8, 7.939904, 9.06, 8.939903 ], "texture": "#1" },
				"up": { "uv": [ 8, 7.060097, 9.06, 8.060096 ], "texture": "#1" },
				"north": { "uv": [ 6.94, 4.82, 8, 5.88 ], "texture": "#1" },
				"south": { "uv": [ 8, 4.82, 9.06, 5.88 ], "texture": "#1" },
				"west": { "uv": [ 7.060096, 4.82, 8.060096, 5.88 ], "texture": "#1" },
				"east": { "uv": [ 7.939904, 4.82, 8.939903, 5.88 ], "texture": "#1" }
			}
		},
		{
			"from": [ 6.94, 10.12, 7 ],
			"to": [ 8, 11.18, 8 ],
			"faces": {
				"down": { "uv": [ 6.94, 8.039904, 8, 9.039904 ], "texture": "#1" },
				"up": { "uv": [ 6.94, 6.960096, 8, 7.960096 ], "texture": "#1" },
				"north": { "uv": [ 8, 4.82, 9.059999, 5.88 ], "texture": "#1" },
				"south": { "uv": [ 6.94, 4.82, 8, 5.88 ], "texture": "#1" },
				"west": { "uv": [ 6.960096, 4.82, 7.960096, 5.88 ], "texture": "#1" },
				"east": { "uv": [ 8.039904, 4.82, 9.039904, 5.88 ], "texture": "#1" }
			}
		},
		{
			"from": [ 5.88, 10.12, 7.2 ],
			"to": [ 6.94, 11.18, 8.2 ],
			"faces": {
				"down": { "uv": [ 5.88, 7.839904, 6.94, 8.839904 ], "texture": "#1" },
				"up": { "uv": [ 5.88, 7.160096, 6.94, 8.160096 ], "texture": "#1" },
				"north": { "uv": [ 9.059999, 4.82, 10.12, 5.88 ], "texture": "#1" },
				"south": { "uv": [ 5.88, 4.82, 6.94, 5.88 ], "texture": "#1" },
				"west": { "uv": [ 7.160096, 4.82, 8.160096, 5.88 ], "texture": "#1" },
				"east": { "uv": [ 7.839904, 4.82, 8.839904, 5.88 ], "texture": "#1" }
			}
		},
		{
			"from": [ 4.82, 10.12, 7.35 ],
			"to": [ 5.88, 11.18, 8.349999 ],
			"faces": {
				"down": { "uv": [ 4.82, 7.689904, 5.88, 8.689903 ], "texture": "#1" },
				"up": { "uv": [ 4.82, 7.310097, 5.88, 8.310096 ], "texture": "#1" },
				"north": { "uv": [ 10.12, 4.82, 11.18, 5.88 ], "texture": "#1" },
				"south": { "uv": [ 4.82, 4.82, 5.88, 5.88 ], "texture": "#1" },
				"west": { "uv": [ 7.310096, 4.82, 8.310096, 5.88 ], "texture": "#1" },
				"east": { "uv": [ 7.689904, 4.82, 8.689903, 5.88 ], "texture": "#1" }
			}
		},
		{
			"from": [ 9.059999, 11.18, 7.35 ],
			"to": [ 10.12, 12.24, 8.349999 ],
			"faces": {
				"down": { "uv": [ 9.06, 7.689904, 10.12, 8.689903 ], "texture": "#1" },
				"up": { "uv": [ 9.06, 7.310097, 10.12, 8.310096 ], "texture": "#1" },
				"north": { "uv": [ 5.88, 3.76, 6.94, 4.82 ], "texture": "#1" },
				"south": { "uv": [ 9.06, 3.76, 10.12, 4.82 ], "texture": "#1" },
				"west": { "uv": [ 7.310096, 3.76, 8.310096, 4.82 ], "texture": "#1" },
				"east": { "uv": [ 7.689904, 3.76, 8.689903, 4.82 ], "texture": "#1" }
			}
		},
		{
			"from": [ 8, 11.18, 7.35 ],
			"to": [ 9.06, 12.24, 8.349999 ],
			"faces": {
				"down": { "uv": [ 8, 7.689904, 9.06, 8.689903 ], "texture": "#1" },
				"up": { "uv": [ 8, 7.310097, 9.06, 8.310096 ], "texture": "#1" },
				"north": { "uv": [ 6.94, 3.76, 8, 4.82 ], "texture": "#1" },
				"south": { "uv": [ 8, 3.76, 9.06, 4.82 ], "texture": "#1" },
				"west": { "uv": [ 7.310096, 3.76, 8.310096, 4.82 ], "texture": "#1" },
				"east": { "uv": [ 7.689904, 3.76, 8.689903, 4.82 ], "texture": "#1" }
			}
		},
		{
			"from": [ 6.94, 11.18, 7.35 ],
			"to": [ 8, 12.24, 8.349999 ],
			"faces": {
				"down": { "uv": [ 6.94, 7.689904, 8, 8.689903 ], "texture": "#1" },
				"up": { "uv": [ 6.94, 7.310097, 8, 8.310096 ], "texture": "#1" },
				"north": { "uv": [ 8, 3.76, 9.059999, 4.82 ], "texture": "#1" },
				"south": { "uv": [ 6.94, 3.76, 8, 4.82 ], "texture": "#1" },
				"west": { "uv": [ 7.310096, 3.76, 8.310096, 4.82 ], "texture": "#1" },
				"east": { "uv": [ 7.689904, 3.76, 8.689903, 4.82 ], "texture": "#1" }
			}
		},
		{
			"from": [ 5.88, 11.18, 7.35 ],
			"to": [ 6.94, 12.24, 8.349999 ],
			"faces": {
				"down": { "uv": [ 5.88, 7.689904, 6.94, 8.689903 ], "texture": "#1" },
				"up": { "uv": [ 5.88, 7.310097, 6.94, 8.310096 ], "texture": "#1" },
				"north": { "uv": [ 9.059999, 3.76, 10.12, 4.82 ], "texture": "#1" },
				"south": { "uv": [ 5.88, 3.76, 6.94, 4.82 ], "texture": "#1" },
				"west": { "uv": [ 7.310096, 3.76, 8.310096, 4.82 ], "texture": "#1" },
				"east": { "uv": [ 7.689904, 3.76, 8.689903, 4.82 ], "texture": "#1" }
			}
		}
	],
	"display": {
		"thirdperson_righthand": {
			"translation":  [ 0, 2, 0 ],
			"scale":  [ 0.7, 0.7, 0.7 ]
		},
		"thirdperson_lefthand": {
			"translation":  [ 0, 2, 0 ],
			"scale":  [ 0.7, 0.7, 0.7 ]
		},
		"firstperson_righthand": {
			"rotation":  [ -3, -1, 6 ],
			"translation":  [ 3.5, 2.5, 0 ],
			"scale":  [ 0.7, 0.7, 0.7 ]
		},
		"firstperson_lefthand": {
			"rotation":  [ -3, -1, 6 ],
			"translation":  [ 3.5, 2.5, 0 ],
			"scale":  [ 0.7, 0.7, 0.7 ]
		},
		"gui": {
			"rotation":  [ 30, 0, 0 ],
			"scale":  [ 1.375, 1.375, 1.375 ]
		},
		"ground": {
			"translation":  [ 0, 4, 0 ],
			"scale":  [ 0.575, 0.575, 0.575 ]
		},
		"fixed": {
			"rotation":  [ 0, 180, 0 ],
			"scale":  [ 1.375, 1.375, 1.375 ]
		}
	}
}