{
	"__comment": "Designed by CreatorLabs with Cubik Studio - https://cubik.studio - Download at https://www.planetminecraft.com/texture_pack/3d-creatorcraft/",
	"textures": {
		"vine": "colored/3d_decoration/3d_vine",
		"particle": "colored/3d_decoration/3d_vine"
	},
	"elements": [ 	 
		{
			"from": [ 10, 15, 14.5 ],
			"to": [ 14, 15.999, 16 ],
			"faces": {
				"down": { "uv": [ 10, 0, 14, 1.5 ], "texture": "#vine", "rotation": 180, "tintindex": 0 },
				"up": { "uv": [ 10, 14.5, 14, 16 ], "texture": "#vine", "rotation": 180, "tintindex": 0 },
				"north": { "uv": [ 2, 0, 6, 1 ], "texture": "#vine", "tintindex": 0 },
				"south": { "uv": [ 10, 0, 14, 1 ], "texture": "#vine", "rotation": 180, "tintindex": 0 },
				"west": { "uv": [ 14.5, 0, 16, 1 ], "texture": "#vine", "rotation": 180, "tintindex": 0 },
				"east": { "uv": [ 1.5, 1, 0, 0 ], "texture": "#vine", "rotation": 180, "tintindex": 0 }
			}
		},
		{
			"from": [ 2, 12, 14.15 ],
			"to": [ 5, 15.999, 15.65 ],
			"faces": {
				"down": { "uv": [ 2, 0.3500004, 5, 1.85 ], "texture": "#vine", "rotation": 180, "tintindex": 0 },
				"up": { "uv": [ 2, 14.15, 5, 15.65 ], "texture": "#vine", "rotation": 180, "tintindex": 0 },
				"north": { "uv": [ 11, 0, 14, 4 ], "texture": "#vine", "tintindex": 0 },
				"south": { "uv": [ 2, 0, 5, 4 ], "texture": "#vine", "rotation": 180, "tintindex": 0 },
				"west": { "uv": [ 14.15, 0, 15.65, 4 ], "texture": "#vine", "rotation": 180, "tintindex": 0 },
				"east": { "uv": [ 1.85, 4, 0.35, 0 ], "texture": "#vine", "rotation": 180, "tintindex": 0 }
			}
		},
		{
			"from": [ 11, 12, 14.5 ],
			"to": [ 13, 15, 16 ],
			"faces": {
				"down": { "uv": [ 11, 0, 13, 1.5 ], "texture": "#vine", "rotation": 180, "tintindex": 0 },
				"up": { "uv": [ 11, 14.5, 13, 16 ], "texture": "#vine", "rotation": 180, "tintindex": 0 },
				"north": { "uv": [ 3, 1, 5, 4 ], "texture": "#vine", "tintindex": 0 },
				"south": { "uv": [ 11, 1, 13, 4 ], "texture": "#vine", "rotation": 180, "tintindex": 0 },
				"west": { "uv": [ 14.5, 1, 16, 4 ], "texture": "#vine", "rotation": 180, "tintindex": 0 },
				"east": { "uv": [ 1.5, 4, 0, 1 ], "texture": "#vine", "rotation": 180, "tintindex": 0 }
			}
		},
		{
			"from": [ 8, 14, 14.25 ],
			"to": [ 11, 15, 15.75 ],
			"faces": {
				"down": { "uv": [ 8, 0.25, 11, 1.75 ], "texture": "#vine", "rotation": 180, "tintindex": 0 },
				"up": { "uv": [ 8, 14.25, 11, 15.75 ], "texture": "#vine", "rotation": 180, "tintindex": 0 },
				"north": { "uv": [ 5, 1, 8, 2 ], "texture": "#vine", "tintindex": 0 },
				"south": { "uv": [ 8, 1, 11, 2 ], "texture": "#vine", "rotation": 180, "tintindex": 0 },
				"west": { "uv": [ 14.25, 1, 15.75, 2 ], "texture": "#vine", "rotation": 180, "tintindex": 0 },
				"east": { "uv": [ 1.75, 2, 0.25, 1 ], "texture": "#vine", "rotation": 180, "tintindex": 0 }
			}
		},
		{
			"from": [ 7, 13, 14.1 ],
			"to": [ 9, 14, 15.6 ],
			"faces": {
				"down": { "uv": [ 7, 0.3999996, 9, 1.9 ], "texture": "#vine", "rotation": 180, "tintindex": 0 },
				"up": { "uv": [ 7, 14.1, 9, 15.6 ], "texture": "#vine", "rotation": 180, "tintindex": 0 },
				"north": { "uv": [ 7, 2, 9, 3 ], "texture": "#vine", "tintindex": 0 },
				"south": { "uv": [ 7, 2, 9, 3 ], "texture": "#vine", "rotation": 180, "tintindex": 0 },
				"west": { "uv": [ 14.1, 2, 15.6, 3 ], "texture": "#vine", "rotation": 180, "tintindex": 0 },
				"east": { "uv": [ 1.9, 3, 0.4, 2 ], "texture": "#vine", "rotation": 180, "tintindex": 0 }
			}
		},
		{
			"from": [ 14.999, 9, 14.5 ],
			"to": [ 15.999, 13, 16 ],
			"faces": {
				"down": { "uv": [ 15, 0, 16, 1.5 ], "texture": "#vine", "rotation": 180, "tintindex": 0 },
				"up": { "uv": [ 15, 14.5, 16, 16 ], "texture": "#vine", "rotation": 180, "tintindex": 0 },
				"north": { "uv": [ 0, 3, 1, 7 ], "texture": "#vine", "tintindex": 0 },
				"south": { "uv": [ 15, 3, 16, 7 ], "texture": "#vine", "rotation": 180, "tintindex": 0 },
				"west": { "uv": [ 14.5, 3, 16, 7 ], "texture": "#vine", "rotation": 180, "tintindex": 0 },
				"east": { "uv": [ 1.5, 7, 0, 3 ], "texture": "#vine", "rotation": 180, "tintindex": 0 }
			}
		},
		{
			"from": [ 5, 12, 14.35 ],
			"to": [ 8, 13, 15.85 ],
			"faces": {
				"down": { "uv": [ 5, 0.1499996, 8, 1.65 ], "texture": "#vine", "rotation": 180, "tintindex": 0 },
				"up": { "uv": [ 5, 14.35, 8, 15.85 ], "texture": "#vine", "rotation": 180, "tintindex": 0 },
				"north": { "uv": [ 8, 3, 11, 4 ], "texture": "#vine", "tintindex": 0 },
				"south": { "uv": [ 5, 3, 8, 4 ], "texture": "#vine", "rotation": 180, "tintindex": 0 },
				"west": { "uv": [ 14.35, 3, 15.85, 4 ], "texture": "#vine", "rotation": 180, "tintindex": 0 },
				"east": { "uv": [ 1.65, 4, 0.15, 3 ], "texture": "#vine", "rotation": 180, "tintindex": 0 }
			}
		},
		{
			"from": [ 0.0001, 10, 14.35 ],
			"to": [ 2.0001, 13, 15.85 ],
			"faces": {
				"down": { "uv": [ 0, 0.1499996, 2, 1.65 ], "texture": "#vine", "rotation": 180, "tintindex": 0 },
				"up": { "uv": [ 0, 14.35, 2, 15.85 ], "texture": "#vine", "rotation": 180, "tintindex": 0 },
				"north": { "uv": [ 14, 3, 16, 6 ], "texture": "#vine", "tintindex": 0 },
				"south": { "uv": [ 0, 3, 2, 6 ], "texture": "#vine", "rotation": 180, "tintindex": 0 },
				"west": { "uv": [ 14.35, 3, 15.85, 6 ], "texture": "#vine", "rotation": 180, "tintindex": 0 },
				"east": { "uv": [ 1.65, 6, 0.15, 3 ], "texture": "#vine", "rotation": 180, "tintindex": 0 }
			}
		},
		{
			"from": [ 10, 6, 13.85 ],
			"to": [ 12, 12, 15.35 ],
			"faces": {
				"down": { "uv": [ 10, 0.6499996, 12, 2.15 ], "texture": "#vine", "rotation": 180, "tintindex": 0 },
				"up": { "uv": [ 10, 13.85, 12, 15.35 ], "texture": "#vine", "rotation": 180, "tintindex": 0 },
				"north": { "uv": [ 4, 4, 6, 10 ], "texture": "#vine", "tintindex": 0 },
				"south": { "uv": [ 10, 4, 12, 10 ], "texture": "#vine", "rotation": 180, "tintindex": 0 },
				"west": { "uv": [ 13.85, 4, 15.35, 10 ], "texture": "#vine", "rotation": 180, "tintindex": 0 },
				"east": { "uv": [ 2.15, 10, 0.65, 4 ], "texture": "#vine", "rotation": 180, "tintindex": 0 }
			}
		},
		{
			"from": [ 3, 11, 14.5 ],
			"to": [ 7, 12, 16 ],
			"faces": {
				"down": { "uv": [ 3, 0, 7, 1.5 ], "texture": "#vine", "rotation": 180, "tintindex": 0 },
				"up": { "uv": [ 3, 14.5, 7, 16 ], "texture": "#vine", "rotation": 180, "tintindex": 0 },
				"north": { "uv": [ 9, 4, 13, 5 ], "texture": "#vine", "tintindex": 0 },
				"south": { "uv": [ 3, 4, 7, 5 ], "texture": "#vine", "rotation": 180, "tintindex": 0 },
				"west": { "uv": [ 14.5, 4, 16, 5 ], "texture": "#vine", "rotation": 180, "tintindex": 0 },
				"east": { "uv": [ 1.5, 5, 0, 4 ], "texture": "#vine", "rotation": 180, "tintindex": 0 }
			}
		},
		{
			"from": [ 14, 10, 14.5 ],
			"to": [ 15, 11, 16 ],
			"faces": {
				"down": { "uv": [ 14, 0, 15, 1.5 ], "texture": "#vine", "rotation": 180, "tintindex": 0 },
				"up": { "uv": [ 14, 14.5, 15, 16 ], "texture": "#vine", "rotation": 180, "tintindex": 0 },
				"north": { "uv": [ 1, 5, 2, 6 ], "texture": "#vine", "tintindex": 0 },
				"south": { "uv": [ 14, 5, 15, 6 ], "texture": "#vine", "rotation": 180, "tintindex": 0 },
				"west": { "uv": [ 14.5, 5, 16, 6 ], "texture": "#vine", "rotation": 180, "tintindex": 0 },
				"east": { "uv": [ 1.5, 6, 0, 5 ], "texture": "#vine", "rotation": 180, "tintindex": 0 }
			}
		},
		{
			"from": [ 6, 9, 14 ],
			"to": [ 8, 11, 15.5 ],
			"faces": {
				"down": { "uv": [ 6, 0.5, 8, 2 ], "texture": "#vine", "rotation": 180, "tintindex": 0 },
				"up": { "uv": [ 6, 14, 8, 15.5 ], "texture": "#vine", "rotation": 180, "tintindex": 0 },
				"north": { "uv": [ 8, 5, 10, 7 ], "texture": "#vine", "tintindex": 0 },
				"south": { "uv": [ 6, 5, 8, 7 ], "texture": "#vine", "rotation": 180, "tintindex": 0 },
				"west": { "uv": [ 14, 5, 15.5, 7 ], "texture": "#vine", "rotation": 180, "tintindex": 0 },
				"east": { "uv": [ 2, 7, 0.5, 5 ], "texture": "#vine", "rotation": 180, "tintindex": 0 }
			}
		},
		{
			"from": [ 3, 10, 14.5 ],
			"to": [ 5, 11, 16 ],
			"faces": {
				"down": { "uv": [ 3, 0, 5, 1.5 ], "texture": "#vine", "rotation": 180, "tintindex": 0 },
				"up": { "uv": [ 3, 14.5, 5, 16 ], "texture": "#vine", "rotation": 180, "tintindex": 0 },
				"north": { "uv": [ 11, 5, 13, 6 ], "texture": "#vine", "tintindex": 0 },
				"south": { "uv": [ 3, 5, 5, 6 ], "texture": "#vine", "rotation": 180, "tintindex": 0 },
				"west": { "uv": [ 14.5, 5, 16, 6 ], "texture": "#vine", "rotation": 180, "tintindex": 0 },
				"east": { "uv": [ 1.5, 6, 0, 5 ], "texture": "#vine", "rotation": 180, "tintindex": 0 }
			}
		},
		{
			"from": [ 12, 8, 14.5 ],
			"to": [ 14, 10, 16 ],
			"faces": {
				"down": { "uv": [ 12, 0, 14, 1.5 ], "texture": "#vine", "rotation": 180, "tintindex": 0 },
				"up": { "uv": [ 12, 14.5, 14, 16 ], "texture": "#vine", "rotation": 180, "tintindex": 0 },
				"north": { "uv": [ 2, 6, 4, 8 ], "texture": "#vine", "tintindex": 0 },
				"south": { "uv": [ 12, 6, 14, 8 ], "texture": "#vine", "rotation": 180, "tintindex": 0 },
				"west": { "uv": [ 14.5, 6, 16, 8 ], "texture": "#vine", "rotation": 180, "tintindex": 0 },
				"east": { "uv": [ 1.5, 8, 0, 6 ], "texture": "#vine", "rotation": 180, "tintindex": 0 }
			}
		},
		{
			"from": [ 8, 8, 14 ],
			"to": [ 9, 10, 15.5 ],
			"faces": {
				"down": { "uv": [ 8, 0.5, 9, 2 ], "texture": "#vine", "rotation": 180, "tintindex": 0 },
				"up": { "uv": [ 8, 14, 9, 15.5 ], "texture": "#vine", "rotation": 180, "tintindex": 0 },
				"north": { "uv": [ 7, 6, 8, 8 ], "texture": "#vine", "tintindex": 0 },
				"south": { "uv": [ 8, 6, 9, 8 ], "texture": "#vine", "rotation": 180, "tintindex": 0 },
				"west": { "uv": [ 14, 6, 15.5, 8 ], "texture": "#vine", "rotation": 180, "tintindex": 0 },
				"east": { "uv": [ 2, 8, 0.5, 6 ], "texture": "#vine", "rotation": 180, "tintindex": 0 }
			}
		},
		{
			"from": [ 2, 8, 14.5 ],
			"to": [ 4, 10, 16 ],
			"faces": {
				"down": { "uv": [ 2, 0, 4, 1.5 ], "texture": "#vine", "rotation": 180, "tintindex": 0 },
				"up": { "uv": [ 2, 14.5, 4, 16 ], "texture": "#vine", "rotation": 180, "tintindex": 0 },
				"north": { "uv": [ 12, 6, 14, 8 ], "texture": "#vine", "tintindex": 0 },
				"south": { "uv": [ 2, 6, 4, 8 ], "texture": "#vine", "rotation": 180, "tintindex": 0 },
				"west": { "uv": [ 14.5, 6, 16, 8 ], "texture": "#vine", "rotation": 180, "tintindex": 0 },
				"east": { "uv": [ 1.5, 8, 0, 6 ], "texture": "#vine", "rotation": 180, "tintindex": 0 }
			}
		},
		{
			"from": [ 0.0001, 9, 14.35 ],
			"to": [ 1.0001, 10, 15.85 ],
			"faces": {
				"down": { "uv": [ 0, 0.1499996, 1, 1.65 ], "texture": "#vine", "rotation": 180, "tintindex": 0 },
				"up": { "uv": [ 0, 14.35, 1, 15.85 ], "texture": "#vine", "rotation": 180, "tintindex": 0 },
				"north": { "uv": [ 15, 6, 16, 7 ], "texture": "#vine", "tintindex": 0 },
				"south": { "uv": [ 0, 6, 1, 7 ], "texture": "#vine", "rotation": 180, "tintindex": 0 },
				"west": { "uv": [ 14.35, 6, 15.85, 7 ], "texture": "#vine", "rotation": 180, "tintindex": 0 },
				"east": { "uv": [ 1.65, 7, 0.15, 6 ], "texture": "#vine", "rotation": 180, "tintindex": 0 }
			}
		},
		{
			"from": [ 9, 6, 14 ],
			"to": [ 10, 9, 15.5 ],
			"faces": {
				"down": { "uv": [ 9, 0.5, 10, 2 ], "texture": "#vine", "rotation": 180, "tintindex": 0 },
				"up": { "uv": [ 9, 14, 10, 15.5 ], "texture": "#vine", "rotation": 180, "tintindex": 0 },
				"north": { "uv": [ 6, 7, 7, 10 ], "texture": "#vine", "tintindex": 0 },
				"south": { "uv": [ 9, 7, 10, 10 ], "texture": "#vine", "rotation": 180, "tintindex": 0 },
				"west": { "uv": [ 14, 7, 15.5, 10 ], "texture": "#vine", "rotation": 180, "tintindex": 0 },
				"east": { "uv": [ 2, 10, 0.5, 7 ], "texture": "#vine", "rotation": 180, "tintindex": 0 }
			}
		},
		{
			"from": [ 4, 6, 14.5 ],
			"to": [ 5, 9, 16 ],
			"faces": {
				"down": { "uv": [ 4, 0, 5, 1.5 ], "texture": "#vine", "rotation": 180, "tintindex": 0 },
				"up": { "uv": [ 4, 14.5, 5, 16 ], "texture": "#vine", "rotation": 180, "tintindex": 0 },
				"north": { "uv": [ 11, 7, 12, 10 ], "texture": "#vine", "tintindex": 0 },
				"south": { "uv": [ 4, 7, 5, 10 ], "texture": "#vine", "rotation": 180, "tintindex": 0 },
				"west": { "uv": [ 14.5, 7, 16, 10 ], "texture": "#vine", "rotation": 180, "tintindex": 0 },
				"east": { "uv": [ 1.5, 10, 0, 7 ], "texture": "#vine", "rotation": 180, "tintindex": 0 }
			}
		},
		{
			"from": [ 12, 4, 14.5 ],
			"to": [ 13, 8, 16 ],
			"faces": {
				"down": { "uv": [ 12, 0, 13, 1.5 ], "texture": "#vine", "rotation": 180, "tintindex": 0 },
				"up": { "uv": [ 12, 14.5, 13, 16 ], "texture": "#vine", "rotation": 180, "tintindex": 0 },
				"north": { "uv": [ 3, 8, 4, 12 ], "texture": "#vine", "tintindex": 0 },
				"south": { "uv": [ 12, 8, 13, 12 ], "texture": "#vine", "rotation": 180, "tintindex": 0 },
				"west": { "uv": [ 14.5, 8, 16, 12 ], "texture": "#vine", "rotation": 180, "tintindex": 0 },
				"east": { "uv": [ 1.5, 12, 0, 8 ], "texture": "#vine", "rotation": 180, "tintindex": 0 }
			}
		},
		{
			"from": [ 3, 0.0001, 14.5 ],
			"to": [ 4, 8.0001, 16 ],
			"faces": {
				"down": { "uv": [ 3, 0, 4, 1.5 ], "texture": "#vine", "rotation": 180, "tintindex": 0 },
				"up": { "uv": [ 3, 14.5, 4, 16 ], "texture": "#vine", "rotation": 180, "tintindex": 0 },
				"north": { "uv": [ 12, 8, 13, 16 ], "texture": "#vine", "tintindex": 0 },
				"south": { "uv": [ 3, 8, 4, 16 ], "texture": "#vine", "rotation": 180, "tintindex": 0 },
				"west": { "uv": [ 14.5, 8, 16, 16 ], "texture": "#vine", "rotation": 180, "tintindex": 0 },
				"east": { "uv": [ 1.5, 16, 0, 8 ], "texture": "#vine", "rotation": 180, "tintindex": 0 }
			}
		},
		{
			"from": [ 13, 4, 14.2 ],
			"to": [ 14, 7, 15.7 ],
			"faces": {
				"down": { "uv": [ 13, 0.3000002, 14, 1.8 ], "texture": "#vine", "rotation": 180, "tintindex": 0 },
				"up": { "uv": [ 13, 14.2, 14, 15.7 ], "texture": "#vine", "rotation": 180, "tintindex": 0 },
				"north": { "uv": [ 2, 9, 3, 12 ], "texture": "#vine", "tintindex": 0 },
				"south": { "uv": [ 13, 9, 14, 12 ], "texture": "#vine", "rotation": 180, "tintindex": 0 },
				"west": { "uv": [ 14.2, 9, 15.7, 12 ], "texture": "#vine", "rotation": 180, "tintindex": 0 },
				"east": { "uv": [ 1.8, 12, 0.3, 9 ], "texture": "#vine", "rotation": 180, "tintindex": 0 }
			}
		},
		{
			"from": [ 5, 3, 14.5 ],
			"to": [ 6, 7, 16 ],
			"faces": {
				"down": { "uv": [ 5, 0, 6, 1.5 ], "texture": "#vine", "rotation": 180, "tintindex": 0 },
				"up": { "uv": [ 5, 14.5, 6, 16 ], "texture": "#vine", "rotation": 180, "tintindex": 0 },
				"north": { "uv": [ 10, 9, 11, 13 ], "texture": "#vine", "tintindex": 0 },
				"south": { "uv": [ 5, 9, 6, 13 ], "texture": "#vine", "rotation": 180, "tintindex": 0 },
				"west": { "uv": [ 14.5, 9, 16, 13 ], "texture": "#vine", "rotation": 180, "tintindex": 0 },
				"east": { "uv": [ 1.5, 13, 0, 9 ], "texture": "#vine", "rotation": 180, "tintindex": 0 }
			}
		},
		{
			"from": [ 11, 0.0001, 14.5 ],
			"to": [ 12, 6.0001, 16 ],
			"faces": {
				"down": { "uv": [ 11, 0, 12, 1.5 ], "texture": "#vine", "rotation": 180, "tintindex": 0 },
				"up": { "uv": [ 11, 14.5, 12, 16 ], "texture": "#vine", "rotation": 180, "tintindex": 0 },
				"north": { "uv": [ 4, 10, 5, 16 ], "texture": "#vine", "tintindex": 0 },
				"south": { "uv": [ 11, 10, 12, 16 ], "texture": "#vine", "rotation": 180, "tintindex": 0 },
				"west": { "uv": [ 14.5, 10, 16, 16 ], "texture": "#vine", "rotation": 180, "tintindex": 0 },
				"east": { "uv": [ 1.5, 16, 0, 10 ], "texture": "#vine", "rotation": 180, "tintindex": 0 }
			}
		},
		{
			"from": [ 8, 5, 14.1 ],
			"to": [ 9, 6, 15.6 ],
			"faces": {
				"down": { "uv": [ 8, 0.3999996, 9, 1.9 ], "texture": "#vine", "rotation": 180, "tintindex": 0 },
				"up": { "uv": [ 8, 14.1, 9, 15.6 ], "texture": "#vine", "rotation": 180, "tintindex": 0 },
				"north": { "uv": [ 7, 10, 8, 11 ], "texture": "#vine", "tintindex": 0 },
				"south": { "uv": [ 8, 10, 9, 11 ], "texture": "#vine", "rotation": 180, "tintindex": 0 },
				"west": { "uv": [ 14.1, 10, 15.6, 11 ], "texture": "#vine", "rotation": 180, "tintindex": 0 },
				"east": { "uv": [ 1.9, 11, 0.4, 10 ], "texture": "#vine", "rotation": 180, "tintindex": 0 }
			}
		},
		{
			"from": [ 2, 0.0001, 14.5 ],
			"to": [ 3, 6.0001, 16 ],
			"faces": {
				"down": { "uv": [ 2, 0, 3, 1.5 ], "texture": "#vine", "rotation": 180, "tintindex": 0 },
				"up": { "uv": [ 2, 14.5, 3, 16 ], "texture": "#vine", "rotation": 180, "tintindex": 0 },
				"north": { "uv": [ 13, 10, 14, 16 ], "texture": "#vine", "tintindex": 0 },
				"south": { "uv": [ 2, 10, 3, 16 ], "texture": "#vine", "rotation": 180, "tintindex": 0 },
				"west": { "uv": [ 14.5, 10, 16, 16 ], "texture": "#vine", "rotation": 180, "tintindex": 0 },
				"east": { "uv": [ 1.5, 16, 0, 10 ], "texture": "#vine", "rotation": 180, "tintindex": 0 }
			}
		},
		{
			"from": [ 14, 3, 14.05 ],
			"to": [ 15, 5, 15.55 ],
			"faces": {
				"down": { "uv": [ 14, 0.4499998, 15, 1.95 ], "texture": "#vine", "rotation": 180, "tintindex": 0 },
				"up": { "uv": [ 14, 14.05, 15, 15.55 ], "texture": "#vine", "rotation": 180, "tintindex": 0 },
				"north": { "uv": [ 1, 11, 2, 13 ], "texture": "#vine", "tintindex": 0 },
				"south": { "uv": [ 14, 11, 15, 13 ], "texture": "#vine", "rotation": 180, "tintindex": 0 },
				"west": { "uv": [ 14.05, 11, 15.55, 13 ], "texture": "#vine", "rotation": 180, "tintindex": 0 },
				"east": { "uv": [ 1.95, 13, 0.45, 11 ], "texture": "#vine", "rotation": 180, "tintindex": 0 }
			}
		},
		{
			"from": [ 9, 2, 14.5 ],
			"to": [ 11, 5, 16 ],
			"faces": {
				"down": { "uv": [ 9, 0, 11, 1.5 ], "texture": "#vine", "rotation": 180, "tintindex": 0 },
				"up": { "uv": [ 9, 14.5, 11, 16 ], "texture": "#vine", "rotation": 180, "tintindex": 0 },
				"north": { "uv": [ 5, 11, 7, 14 ], "texture": "#vine", "tintindex": 0 },
				"south": { "uv": [ 9, 11, 11, 14 ], "texture": "#vine", "rotation": 180, "tintindex": 0 },
				"west": { "uv": [ 14.5, 11, 16, 14 ], "texture": "#vine", "rotation": 180, "tintindex": 0 },
				"east": { "uv": [ 1.5, 14, 0, 11 ], "texture": "#vine", "rotation": 180, "tintindex": 0 }
			}
		},
		{
			"from": [ 0.0001, 3, 14.4 ],
			"to": [ 1.0001, 5, 15.9 ],
			"faces": {
				"down": { "uv": [ 0, 0.1000004, 1, 1.6 ], "texture": "#vine", "rotation": 180, "tintindex": 0 },
				"up": { "uv": [ 0, 14.4, 1, 15.9 ], "texture": "#vine", "rotation": 180, "tintindex": 0 },
				"north": { "uv": [ 15, 11, 16, 13 ], "texture": "#vine", "tintindex": 0 },
				"south": { "uv": [ 0, 11, 1, 13 ], "texture": "#vine", "rotation": 180, "tintindex": 0 },
				"west": { "uv": [ 14.4, 11, 15.9, 13 ], "texture": "#vine", "rotation": 180, "tintindex": 0 },
				"east": { "uv": [ 1.6, 13, 0.1, 11 ], "texture": "#vine", "rotation": 180, "tintindex": 0 }
			}
		},
		{
			"from": [ 14.999, 2, 14.5 ],
			"to": [ 15.999, 4, 16 ],
			"faces": {
				"down": { "uv": [ 15, 0, 16, 1.5 ], "texture": "#vine", "rotation": 180, "tintindex": 0 },
				"up": { "uv": [ 15, 14.5, 16, 16 ], "texture": "#vine", "rotation": 180, "tintindex": 0 },
				"north": { "uv": [ 0, 12, 1, 14 ], "texture": "#vine", "tintindex": 0 },
				"south": { "uv": [ 15, 12, 16, 14 ], "texture": "#vine", "rotation": 180, "tintindex": 0 },
				"west": { "uv": [ 14.5, 12, 16, 14 ], "texture": "#vine", "rotation": 180, "tintindex": 0 },
				"east": { "uv": [ 1.5, 14, 0, 12 ], "texture": "#vine", "rotation": 180, "tintindex": 0 }
			}
		},
		{
			"from": [ 4, 2, 13.95 ],
			"to": [ 5, 4, 15.45 ],
			"faces": {
				"down": { "uv": [ 4, 0.5500002, 5, 2.05 ], "texture": "#vine", "rotation": 180, "tintindex": 0 },
				"up": { "uv": [ 4, 13.95, 5, 15.45 ], "texture": "#vine", "rotation": 180, "tintindex": 0 },
				"north": { "uv": [ 11, 12, 12, 14 ], "texture": "#vine", "tintindex": 0 },
				"south": { "uv": [ 4, 12, 5, 14 ], "texture": "#vine", "rotation": 180, "tintindex": 0 },
				"west": { "uv": [ 13.95, 12, 15.45, 14 ], "texture": "#vine", "rotation": 180, "tintindex": 0 },
				"east": { "uv": [ 2.05, 14, 0.55, 12 ], "texture": "#vine", "rotation": 180, "tintindex": 0 }
			}
		},
		{
			"from": [ 1, 2, 14.4 ],
			"to": [ 2, 4, 15.9 ],
			"faces": {
				"down": { "uv": [ 1, 0.1000004, 2, 1.6 ], "texture": "#vine", "rotation": 180, "tintindex": 0 },
				"up": { "uv": [ 1, 14.4, 2, 15.9 ], "texture": "#vine", "rotation": 180, "tintindex": 0 },
				"north": { "uv": [ 14, 12, 15, 14 ], "texture": "#vine", "tintindex": 0 },
				"south": { "uv": [ 1, 12, 2, 14 ], "texture": "#vine", "rotation": 180, "tintindex": 0 },
				"west": { "uv": [ 14.4, 12, 15.9, 14 ], "texture": "#vine", "rotation": 180, "tintindex": 0 },
				"east": { "uv": [ 1.6, 14, 0.1, 12 ], "texture": "#vine", "rotation": 180, "tintindex": 0 }
			}
		},
		{
			"from": [ 6, 1, 13.6 ],
			"to": [ 9, 3, 15.1 ],
			"faces": {
				"down": { "uv": [ 6, 0.8999996, 9, 2.4 ], "texture": "#vine", "rotation": 180, "tintindex": 0 },
				"up": { "uv": [ 6, 13.6, 9, 15.1 ], "texture": "#vine", "rotation": 180, "tintindex": 0 },
				"north": { "uv": [ 7, 13, 10, 15 ], "texture": "#vine", "tintindex": 0 },
				"south": { "uv": [ 6, 13, 9, 15 ], "texture": "#vine", "rotation": 180, "tintindex": 0 },
				"west": { "uv": [ 13.6, 13, 15.1, 15 ], "texture": "#vine", "rotation": 180, "tintindex": 0 },
				"east": { "uv": [ 2.4, 15, 0.9, 13 ], "texture": "#vine", "rotation": 180, "tintindex": 0 }
			}
		},
		{
			"from": [ 12, 0.0001, 14.5 ],
			"to": [ 13, 2.0001, 16 ],
			"faces": {
				"down": { "uv": [ 12, 0, 13, 1.5 ], "texture": "#vine", "rotation": 180, "tintindex": 0 },
				"up": { "uv": [ 12, 14.5, 13, 16 ], "texture": "#vine", "rotation": 180, "tintindex": 0 },
				"north": { "uv": [ 3, 14, 4, 16 ], "texture": "#vine", "tintindex": 0 },
				"south": { "uv": [ 12, 14, 13, 16 ], "texture": "#vine", "rotation": 180, "tintindex": 0 },
				"west": { "uv": [ 14.5, 14, 16, 16 ], "texture": "#vine", "rotation": 180, "tintindex": 0 },
				"east": { "uv": [ 1.5, 16, 0, 14 ], "texture": "#vine", "rotation": 180, "tintindex": 0 }
			}
		},
		{
			"from": [ 5, 1, 13.95 ],
			"to": [ 6, 2, 15.45 ],
			"faces": {
				"down": { "uv": [ 5, 0.5500002, 6, 2.05 ], "texture": "#vine", "rotation": 180, "tintindex": 0 },
				"up": { "uv": [ 5, 13.95, 6, 15.45 ], "texture": "#vine", "rotation": 180, "tintindex": 0 },
				"north": { "uv": [ 10, 14, 11, 15 ], "texture": "#vine", "tintindex": 0 },
				"south": { "uv": [ 5, 14, 6, 15 ], "texture": "#vine", "rotation": 180, "tintindex": 0 },
				"west": { "uv": [ 13.95, 14, 15.45, 15 ], "texture": "#vine", "rotation": 180, "tintindex": 0 },
				"east": { "uv": [ 2.05, 15, 0.55, 14 ], "texture": "#vine", "rotation": 180, "tintindex": 0 }
			}
		},
		{
			"from": [ 13, 0.0001, 14.5 ],
			"to": [ 14, 1.0001, 16 ],
			"faces": {
				"down": { "uv": [ 13, 0, 14, 1.5 ], "texture": "#vine", "rotation": 180, "tintindex": 0 },
				"up": { "uv": [ 13, 14.5, 14, 16 ], "texture": "#vine", "rotation": 180, "tintindex": 0 },
				"north": { "uv": [ 2, 15, 3, 16 ], "texture": "#vine", "tintindex": 0 },
				"south": { "uv": [ 13, 15, 14, 16 ], "texture": "#vine", "rotation": 180, "tintindex": 0 },
				"west": { "uv": [ 14.5, 15, 16, 16 ], "texture": "#vine", "rotation": 180, "tintindex": 0 },
				"east": { "uv": [ 1.5, 16, 0, 15 ], "texture": "#vine", "rotation": 180, "tintindex": 0 }
			}
		},
		{
			"from": [ 1, 0.0001, 14.3 ],
			"to": [ 2, 1.0001, 15.8 ],
			"faces": {
				"down": { "uv": [ 1, 0.1999998, 2, 1.7 ], "texture": "#vine", "rotation": 180, "tintindex": 0 },
				"up": { "uv": [ 1, 14.3, 2, 15.8 ], "texture": "#vine", "rotation": 180, "tintindex": 0 },
				"north": { "uv": [ 14, 15, 15, 16 ], "texture": "#vine", "tintindex": 0 },
				"south": { "uv": [ 1, 15, 2, 16 ], "texture": "#vine", "rotation": 180, "tintindex": 0 },
				"west": { "uv": [ 14.3, 15, 15.8, 16 ], "texture": "#vine", "rotation": 180, "tintindex": 0 },
				"east": { "uv": [ 1.7, 16, 0.2, 15 ], "texture": "#vine", "rotation": 180, "tintindex": 0 }
			}
		}
	],
	"display": {
		"thirdperson_righthand": {
			"translation":  [ 0, 2, -3 ],
			"scale":  [ 0.4, 0.4, 0.4 ]
		},
		"thirdperson_lefthand": {
			"translation":  [ 0, 2, -3 ],
			"scale":  [ 0.4, 0.4, 0.4 ]
		},
		"firstperson_righthand": {
			"rotation":  [ -26, 7, 1 ],
			"translation":  [ 4.5, 0, -7 ],
			"scale":  [ 0.6, 0.6, 0.6 ]
		},
		"firstperson_lefthand": {
			"rotation":  [ -26, 7, 1 ],
			"translation":  [ 3.5, 0, -6 ],
			"scale":  [ 0.6, 0.6, 0.6 ]
		},
		"gui": {
			"rotation":  [ 30, -151, 0 ],
			"translation":  [ 2.5, -2.5, 0 ],
			"scale":  [ 0.8, 0.8, 0.8 ]
		},
		"ground": {
			"translation":  [ 0, 3.5, -2 ],
			"scale":  [ 0.35, 0.35, 0.35 ]
		},
		"fixed": {
			"translation":  [ 0, 0, -6 ],
			"scale":  [ 0.825, 0.825, 0.825 ]
		}
	}
}